USE WAREHOUSE

DELETE FROM venta
DELETE FROM promocionfactura
DELETE FROM factura
DELETE FROM promocion
DELETE FROM metodopago
DELETE FROM enviopaquete
DELETE FROM envio
DELETE FROM camion
DELETE FROM sucursalsku
DELETE FROM articulo
DELETE FROM estadoarticulo
DELETE FROM pedido
DELETE FROM proveedor
DELETE FROM sku
DELETE FROM categoria
DELETE FROM empleado
DELETE FROM sucursal
DELETE FROM puesto
DELETE FROM cliente
DELETE FROM persona
DELETE FROM direccion
DELETE FROM distrito
DELETE FROM canton
DELETE FROM provincia
DELETE FROM pais
DELETE FROM estado


SET IDENTITY_INSERT estado ON
INSERT INTO estado (idestado, descripcion) VALUES (1, 'Activo');
INSERT INTO estado (idestado, descripcion) VALUES (2, 'Inactivo');
SET IDENTITY_INSERT estado OFF

SET IDENTITY_INSERT pais ON
INSERT INTO pais (idpais, nombre) VALUES (1, 'Costa Rica');
SET IDENTITY_INSERT pais OFF

SET IDENTITY_INSERT provincia ON
INSERT INTO provincia (idprovincia, nombre, idpais) VALUES (1, 'San José', 1);
INSERT INTO provincia (idprovincia, nombre, idpais) VALUES (2, 'Alajuela', 1);
INSERT INTO provincia (idprovincia, nombre, idpais) VALUES (3, 'Cartago', 1);
INSERT INTO provincia (idprovincia, nombre, idpais) VALUES (4, 'Heredia', 1);
INSERT INTO provincia (idprovincia, nombre, idpais) VALUES (5, 'Guanacaste', 1);
INSERT INTO provincia (idprovincia, nombre, idpais) VALUES (6, 'Puntarenas', 1);
INSERT INTO provincia (idprovincia, nombre, idpais) VALUES (7, 'Limón', 1);
SET IDENTITY_INSERT provincia OFF

SET IDENTITY_INSERT canton ON
INSERT INTO canton (idcanton, nombre, idprovincia) VALUES (1, 'Central', 1);
INSERT INTO canton (idcanton, nombre, idprovincia) VALUES (2, 'Escazú', 1);
INSERT INTO canton (idcanton, nombre, idprovincia) VALUES (3, 'Desamparados', 1);
INSERT INTO canton (idcanton, nombre, idprovincia) VALUES (4, 'Puriscal', 1);
INSERT INTO canton (idcanton, nombre, idprovincia) VALUES (5, 'Tarrazú', 1);
INSERT INTO canton (idcanton, nombre, idprovincia) VALUES (6, 'Aserrí', 1);
INSERT INTO canton (idcanton, nombre, idprovincia) VALUES (7, 'Mora', 1);
INSERT INTO canton (idcanton, nombre, idprovincia) VALUES (8, 'Goicoechea', 1);
INSERT INTO canton (idcanton, nombre, idprovincia) VALUES (9, 'Santa Ana', 1);
INSERT INTO canton (idcanton, nombre, idprovincia) VALUES (10, 'Alajuelita', 1);
INSERT INTO canton (idcanton, nombre, idprovincia) VALUES (11, 'Vázquez De Coronado', 1);
INSERT INTO canton (idcanton, nombre, idprovincia) VALUES (12, 'Acosta', 1);
INSERT INTO canton (idcanton, nombre, idprovincia) VALUES (13, 'Tibás', 1);
INSERT INTO canton (idcanton, nombre, idprovincia) VALUES (14, 'Moravia', 1);
INSERT INTO canton (idcanton, nombre, idprovincia) VALUES (15, 'Montes De Oca', 1);
INSERT INTO canton (idcanton, nombre, idprovincia) VALUES (16, 'Turrubares', 1);
INSERT INTO canton (idcanton, nombre, idprovincia) VALUES (17, 'Dota', 1);
INSERT INTO canton (idcanton, nombre, idprovincia) VALUES (18, 'Curridabat', 1);
INSERT INTO canton (idcanton, nombre, idprovincia) VALUES (19, 'Pérez Zeledón', 1);
INSERT INTO canton (idcanton, nombre, idprovincia) VALUES (20, 'León Cortés Castro', 1);
INSERT INTO canton (idcanton, nombre, idprovincia) VALUES (21, 'Central', 2);
INSERT INTO canton (idcanton, nombre, idprovincia) VALUES (22, 'San Ramón', 2);
INSERT INTO canton (idcanton, nombre, idprovincia) VALUES (23, 'Grecia', 2);
INSERT INTO canton (idcanton, nombre, idprovincia) VALUES (24, 'San Mateo', 2);
INSERT INTO canton (idcanton, nombre, idprovincia) VALUES (25, 'Atenas', 2);
INSERT INTO canton (idcanton, nombre, idprovincia) VALUES (26, 'Naranjo', 2);
INSERT INTO canton (idcanton, nombre, idprovincia) VALUES (27, 'Palmares', 2);
INSERT INTO canton (idcanton, nombre, idprovincia) VALUES (28, 'Poás', 2);
INSERT INTO canton (idcanton, nombre, idprovincia) VALUES (29, 'Orotina', 2);
INSERT INTO canton (idcanton, nombre, idprovincia) VALUES (30, 'San Carlos', 2);
INSERT INTO canton (idcanton, nombre, idprovincia) VALUES (31, 'Zarcero', 2);
INSERT INTO canton (idcanton, nombre, idprovincia) VALUES (32, 'Valverde Vega', 2);
INSERT INTO canton (idcanton, nombre, idprovincia) VALUES (33, 'Upala', 2);
INSERT INTO canton (idcanton, nombre, idprovincia) VALUES (34, 'Los Chiles', 2);
INSERT INTO canton (idcanton, nombre, idprovincia) VALUES (35, 'Guatuso', 2);
INSERT INTO canton (idcanton, nombre, idprovincia) VALUES (36, 'Río Cuarto', 2);
INSERT INTO canton (idcanton, nombre, idprovincia) VALUES (37, 'Central', 3);
INSERT INTO canton (idcanton, nombre, idprovincia) VALUES (38, 'Paraíso', 3);
INSERT INTO canton (idcanton, nombre, idprovincia) VALUES (39, 'La Unión', 3);
INSERT INTO canton (idcanton, nombre, idprovincia) VALUES (40, 'Jiménez', 3);
INSERT INTO canton (idcanton, nombre, idprovincia) VALUES (41, 'Turrialba', 3);
INSERT INTO canton (idcanton, nombre, idprovincia) VALUES (42, 'Alvarado', 3);
INSERT INTO canton (idcanton, nombre, idprovincia) VALUES (43, 'Oreamuno', 3);
INSERT INTO canton (idcanton, nombre, idprovincia) VALUES (44, 'El Guarco', 3);
INSERT INTO canton (idcanton, nombre, idprovincia) VALUES (45, 'Central', 4);
INSERT INTO canton (idcanton, nombre, idprovincia) VALUES (46, 'Barva', 4);
INSERT INTO canton (idcanton, nombre, idprovincia) VALUES (47, 'Santo Domingo', 4);
INSERT INTO canton (idcanton, nombre, idprovincia) VALUES (48, 'Santa Barbara', 4);
INSERT INTO canton (idcanton, nombre, idprovincia) VALUES (49, 'San Rafael', 4);
INSERT INTO canton (idcanton, nombre, idprovincia) VALUES (50, 'San Isidro', 4);
INSERT INTO canton (idcanton, nombre, idprovincia) VALUES (51, 'Belén', 4);
INSERT INTO canton (idcanton, nombre, idprovincia) VALUES (52, 'Flores', 4);
INSERT INTO canton (idcanton, nombre, idprovincia) VALUES (53, 'San Pablo', 4);
INSERT INTO canton (idcanton, nombre, idprovincia) VALUES (54, 'Sarapiquí', 4);
INSERT INTO canton (idcanton, nombre, idprovincia) VALUES (55, 'Liberia', 5);
INSERT INTO canton (idcanton, nombre, idprovincia) VALUES (56, 'Nicoya', 5);
INSERT INTO canton (idcanton, nombre, idprovincia) VALUES (57, 'Santa Cruz', 5);
INSERT INTO canton (idcanton, nombre, idprovincia) VALUES (58, 'Bagaces', 5);
INSERT INTO canton (idcanton, nombre, idprovincia) VALUES (59, 'Carrillo', 5);
INSERT INTO canton (idcanton, nombre, idprovincia) VALUES (60, 'Cañas', 5);
INSERT INTO canton (idcanton, nombre, idprovincia) VALUES (61, 'Abangares', 5);
INSERT INTO canton (idcanton, nombre, idprovincia) VALUES (62, 'Tilarán', 5);
INSERT INTO canton (idcanton, nombre, idprovincia) VALUES (63, 'Nandayure', 5);
INSERT INTO canton (idcanton, nombre, idprovincia) VALUES (64, 'La Cruz', 5);
INSERT INTO canton (idcanton, nombre, idprovincia) VALUES (65, 'Hojancha', 5);
INSERT INTO canton (idcanton, nombre, idprovincia) VALUES (66, 'Central', 6);
INSERT INTO canton (idcanton, nombre, idprovincia) VALUES (67, 'Esparza', 6);
INSERT INTO canton (idcanton, nombre, idprovincia) VALUES (68, 'Buenos Aires', 6);
INSERT INTO canton (idcanton, nombre, idprovincia) VALUES (69, 'Montes De Oro', 6);
INSERT INTO canton (idcanton, nombre, idprovincia) VALUES (70, 'Osa', 6);
INSERT INTO canton (idcanton, nombre, idprovincia) VALUES (71, 'Quepos', 6);
INSERT INTO canton (idcanton, nombre, idprovincia) VALUES (72, 'Golfito', 6);
INSERT INTO canton (idcanton, nombre, idprovincia) VALUES (73, 'Coto Brus', 6);
INSERT INTO canton (idcanton, nombre, idprovincia) VALUES (74, 'Parrita', 6);
INSERT INTO canton (idcanton, nombre, idprovincia) VALUES (75, 'Corredores', 6);
INSERT INTO canton (idcanton, nombre, idprovincia) VALUES (76, 'Garabito', 6);
INSERT INTO canton (idcanton, nombre, idprovincia) VALUES (77, 'Central', 7);
INSERT INTO canton (idcanton, nombre, idprovincia) VALUES (78, 'Pococí', 7);
INSERT INTO canton (idcanton, nombre, idprovincia) VALUES (79, 'Siquirres', 7);
INSERT INTO canton (idcanton, nombre, idprovincia) VALUES (80, 'Talamanca', 7);
INSERT INTO canton (idcanton, nombre, idprovincia) VALUES (81, 'Matina', 7);
INSERT INTO canton (idcanton, nombre, idprovincia) VALUES (82, 'Guácimo', 7);
SET IDENTITY_INSERT canton OFF

SET IDENTITY_INSERT distrito ON
INSERT INTO distrito (iddistrito, nombre, idcanton) VALUES (1, 'Carmen', 1);
INSERT INTO distrito (iddistrito, nombre, idcanton) VALUES (2, 'Merced', 1);
INSERT INTO distrito (iddistrito, nombre, idcanton) VALUES (3, 'Hospital', 1);
INSERT INTO distrito (iddistrito, nombre, idcanton) VALUES (4, 'Catedral', 1);
INSERT INTO distrito (iddistrito, nombre, idcanton) VALUES (5, 'Zapote', 1);
INSERT INTO distrito (iddistrito, nombre, idcanton) VALUES (6, 'San Francisco De Dos Rios', 1);
INSERT INTO distrito (iddistrito, nombre, idcanton) VALUES (7, 'Uruca', 1);
INSERT INTO distrito (iddistrito, nombre, idcanton) VALUES (8, 'Mata Redonda', 1);
INSERT INTO distrito (iddistrito, nombre, idcanton) VALUES (9, 'Pavas', 1);
INSERT INTO distrito (iddistrito, nombre, idcanton) VALUES (10, 'Hatillo', 1);
INSERT INTO distrito (iddistrito, nombre, idcanton) VALUES (11, 'San Sebastián', 1);
INSERT INTO distrito (iddistrito, nombre, idcanton) VALUES (12, 'Escazú', 2);
INSERT INTO distrito (iddistrito, nombre, idcanton) VALUES (13, 'San Antonio', 2);
INSERT INTO distrito (iddistrito, nombre, idcanton) VALUES (14, 'San Rafael', 2);
INSERT INTO distrito (iddistrito, nombre, idcanton) VALUES (15, 'Desamparados', 3);
INSERT INTO distrito (iddistrito, nombre, idcanton) VALUES (16, 'San Miguel', 3);
INSERT INTO distrito (iddistrito, nombre, idcanton) VALUES (17, 'San Juan De Dios', 3);
INSERT INTO distrito (iddistrito, nombre, idcanton) VALUES (18, 'San Rafael Arriba', 3);
INSERT INTO distrito (iddistrito, nombre, idcanton) VALUES (19, 'San Rafael Abajo', 3);
INSERT INTO distrito (iddistrito, nombre, idcanton) VALUES (20, 'San Antonio', 3);
INSERT INTO distrito (iddistrito, nombre, idcanton) VALUES (21, 'Frailes', 3);
INSERT INTO distrito (iddistrito, nombre, idcanton) VALUES (22, 'Patarra', 3);
INSERT INTO distrito (iddistrito, nombre, idcanton) VALUES (23, 'San Cristobal', 3);
INSERT INTO distrito (iddistrito, nombre, idcanton) VALUES (24, 'Rosario', 3);
INSERT INTO distrito (iddistrito, nombre, idcanton) VALUES (25, 'Damas', 3);
INSERT INTO distrito (iddistrito, nombre, idcanton) VALUES (26, 'Gravilias', 3);
INSERT INTO distrito (iddistrito, nombre, idcanton) VALUES (27, 'Los Guido', 3);
INSERT INTO distrito (iddistrito, nombre, idcanton) VALUES (28, 'Santiago', 4);
INSERT INTO distrito (iddistrito, nombre, idcanton) VALUES (29, 'Mercedes Sur', 4);
INSERT INTO distrito (iddistrito, nombre, idcanton) VALUES (30, 'Barbacoas', 4);
INSERT INTO distrito (iddistrito, nombre, idcanton) VALUES (31, 'Grifo Alto', 4);
INSERT INTO distrito (iddistrito, nombre, idcanton) VALUES (32, 'San Rafael', 4);
INSERT INTO distrito (iddistrito, nombre, idcanton) VALUES (33, 'Candelarita', 4);
INSERT INTO distrito (iddistrito, nombre, idcanton) VALUES (34, 'Desamparaditos', 4);
INSERT INTO distrito (iddistrito, nombre, idcanton) VALUES (35, 'San Antonio', 4);
INSERT INTO distrito (iddistrito, nombre, idcanton) VALUES (36, 'Chires', 4);
INSERT INTO distrito (iddistrito, nombre, idcanton) VALUES (37, 'San Marcos', 5);
INSERT INTO distrito (iddistrito, nombre, idcanton) VALUES (38, 'San Lorenzo', 5);
INSERT INTO distrito (iddistrito, nombre, idcanton) VALUES (39, 'San Carlos', 5);
INSERT INTO distrito (iddistrito, nombre, idcanton) VALUES (40, 'Aserrí', 6);
INSERT INTO distrito (iddistrito, nombre, idcanton) VALUES (41, 'Tarbaca', 6);
INSERT INTO distrito (iddistrito, nombre, idcanton) VALUES (42, 'Vuelta De Jorco', 6);
INSERT INTO distrito (iddistrito, nombre, idcanton) VALUES (43, 'San Gabriel', 6);
INSERT INTO distrito (iddistrito, nombre, idcanton) VALUES (44, 'Legua', 6);
INSERT INTO distrito (iddistrito, nombre, idcanton) VALUES (45, 'Monterrey', 6);
INSERT INTO distrito (iddistrito, nombre, idcanton) VALUES (46, 'Salitrillos', 6);
INSERT INTO distrito (iddistrito, nombre, idcanton) VALUES (47, 'Colón', 7);
INSERT INTO distrito (iddistrito, nombre, idcanton) VALUES (48, 'Guayabo', 7);
INSERT INTO distrito (iddistrito, nombre, idcanton) VALUES (49, 'Tabarcia', 7);
INSERT INTO distrito (iddistrito, nombre, idcanton) VALUES (50, 'Piedras Negras', 7);
INSERT INTO distrito (iddistrito, nombre, idcanton) VALUES (51, 'Picagres', 7);
INSERT INTO distrito (iddistrito, nombre, idcanton) VALUES (52, 'Jaris', 7);
INSERT INTO distrito (iddistrito, nombre, idcanton) VALUES (53, 'Guadalupe', 8);
INSERT INTO distrito (iddistrito, nombre, idcanton) VALUES (54, 'San Francisco', 8);
INSERT INTO distrito (iddistrito, nombre, idcanton) VALUES (55, 'Calle Blancos', 8);
INSERT INTO distrito (iddistrito, nombre, idcanton) VALUES (56, 'Mata De Platano', 8);
INSERT INTO distrito (iddistrito, nombre, idcanton) VALUES (57, 'Ipís', 8);
INSERT INTO distrito (iddistrito, nombre, idcanton) VALUES (58, 'Rancho Redondo', 8);
INSERT INTO distrito (iddistrito, nombre, idcanton) VALUES (59, 'Purral', 8);
INSERT INTO distrito (iddistrito, nombre, idcanton) VALUES (60, 'Santa Ana', 9);
INSERT INTO distrito (iddistrito, nombre, idcanton) VALUES (61, 'Salitral', 9);
INSERT INTO distrito (iddistrito, nombre, idcanton) VALUES (62, 'Pozos', 9);
INSERT INTO distrito (iddistrito, nombre, idcanton) VALUES (63, 'Uruca', 9);
INSERT INTO distrito (iddistrito, nombre, idcanton) VALUES (64, 'Piedades', 9);
INSERT INTO distrito (iddistrito, nombre, idcanton) VALUES (65, 'Brasil', 9);
INSERT INTO distrito (iddistrito, nombre, idcanton) VALUES (66, 'Alajuelita', 10);
INSERT INTO distrito (iddistrito, nombre, idcanton) VALUES (67, 'San Josecito', 10);
INSERT INTO distrito (iddistrito, nombre, idcanton) VALUES (68, 'San Antonio', 10);
INSERT INTO distrito (iddistrito, nombre, idcanton) VALUES (69, 'Concepción', 10);
INSERT INTO distrito (iddistrito, nombre, idcanton) VALUES (70, 'San Felipe', 10);
INSERT INTO distrito (iddistrito, nombre, idcanton) VALUES (71, 'San Isidro', 11);
INSERT INTO distrito (iddistrito, nombre, idcanton) VALUES (72, 'San Rafael', 11);
INSERT INTO distrito (iddistrito, nombre, idcanton) VALUES (73, 'Dulce Nombre De Jesus', 11);
INSERT INTO distrito (iddistrito, nombre, idcanton) VALUES (74, 'Patalillo', 11);
INSERT INTO distrito (iddistrito, nombre, idcanton) VALUES (75, 'Cascajal', 11);
INSERT INTO distrito (iddistrito, nombre, idcanton) VALUES (76, 'San Ignacio', 12);
INSERT INTO distrito (iddistrito, nombre, idcanton) VALUES (77, 'Guaitil', 12);
INSERT INTO distrito (iddistrito, nombre, idcanton) VALUES (78, 'Palmichal', 12);
INSERT INTO distrito (iddistrito, nombre, idcanton) VALUES (79, 'Cangrejal', 12);
INSERT INTO distrito (iddistrito, nombre, idcanton) VALUES (80, 'Sabanillas', 12);
INSERT INTO distrito (iddistrito, nombre, idcanton) VALUES (81, 'San Juan', 13);
INSERT INTO distrito (iddistrito, nombre, idcanton) VALUES (82, 'Cinco Esquinas', 13);
INSERT INTO distrito (iddistrito, nombre, idcanton) VALUES (83, 'Anselmo Llorente', 13);
INSERT INTO distrito (iddistrito, nombre, idcanton) VALUES (84, 'Leon Xiii', 13);
INSERT INTO distrito (iddistrito, nombre, idcanton) VALUES (85, 'Colima', 13);
INSERT INTO distrito (iddistrito, nombre, idcanton) VALUES (86, 'San Vicente', 14);
INSERT INTO distrito (iddistrito, nombre, idcanton) VALUES (87, 'San Jeronimo', 14);
INSERT INTO distrito (iddistrito, nombre, idcanton) VALUES (88, 'La Trinidad', 14);
INSERT INTO distrito (iddistrito, nombre, idcanton) VALUES (89, 'San Pedro', 15);
INSERT INTO distrito (iddistrito, nombre, idcanton) VALUES (90, 'Sabanilla', 15);
INSERT INTO distrito (iddistrito, nombre, idcanton) VALUES (91, 'Mercedes', 15);
INSERT INTO distrito (iddistrito, nombre, idcanton) VALUES (92, 'San Rafael', 15);
INSERT INTO distrito (iddistrito, nombre, idcanton) VALUES (93, 'San Pablo', 16);
INSERT INTO distrito (iddistrito, nombre, idcanton) VALUES (94, 'San Pedro', 16);
INSERT INTO distrito (iddistrito, nombre, idcanton) VALUES (95, 'San Juan De Mata', 16);
INSERT INTO distrito (iddistrito, nombre, idcanton) VALUES (96, 'San Luis', 16);
INSERT INTO distrito (iddistrito, nombre, idcanton) VALUES (97, 'Carara', 16);
INSERT INTO distrito (iddistrito, nombre, idcanton) VALUES (98, 'Santa María', 17);
INSERT INTO distrito (iddistrito, nombre, idcanton) VALUES (99, 'Jardin', 17);
INSERT INTO distrito (iddistrito, nombre, idcanton) VALUES (100, 'Copey', 17);
INSERT INTO distrito (iddistrito, nombre, idcanton) VALUES (101, 'Curridabat', 18);
INSERT INTO distrito (iddistrito, nombre, idcanton) VALUES (102, 'Granadilla', 18);
INSERT INTO distrito (iddistrito, nombre, idcanton) VALUES (103, 'Sanchez', 18);
INSERT INTO distrito (iddistrito, nombre, idcanton) VALUES (104, 'Tirrases', 18);
INSERT INTO distrito (iddistrito, nombre, idcanton) VALUES (105, 'San Isidro De El General', 19);
INSERT INTO distrito (iddistrito, nombre, idcanton) VALUES (106, 'El General', 19);
INSERT INTO distrito (iddistrito, nombre, idcanton) VALUES (107, 'Daniel Flores', 19);
INSERT INTO distrito (iddistrito, nombre, idcanton) VALUES (108, 'Rivas', 19);
INSERT INTO distrito (iddistrito, nombre, idcanton) VALUES (109, 'San Pedro', 19);
INSERT INTO distrito (iddistrito, nombre, idcanton) VALUES (110, 'Platanares', 19);
INSERT INTO distrito (iddistrito, nombre, idcanton) VALUES (111, 'Pejibaye', 19);
INSERT INTO distrito (iddistrito, nombre, idcanton) VALUES (112, 'Cajon', 19);
INSERT INTO distrito (iddistrito, nombre, idcanton) VALUES (113, 'Baru', 19);
INSERT INTO distrito (iddistrito, nombre, idcanton) VALUES (114, 'Rio Nuevo', 19);
INSERT INTO distrito (iddistrito, nombre, idcanton) VALUES (115, 'Páramo', 19);
INSERT INTO distrito (iddistrito, nombre, idcanton) VALUES (116, 'San Pablo', 20);
INSERT INTO distrito (iddistrito, nombre, idcanton) VALUES (117, 'San Andres', 20);
INSERT INTO distrito (iddistrito, nombre, idcanton) VALUES (118, 'Llano Bonito', 20);
INSERT INTO distrito (iddistrito, nombre, idcanton) VALUES (119, 'San Isidro', 20);
INSERT INTO distrito (iddistrito, nombre, idcanton) VALUES (120, 'Santa Cruz', 20);
INSERT INTO distrito (iddistrito, nombre, idcanton) VALUES (121, 'San Antonio', 20);
INSERT INTO distrito (iddistrito, nombre, idcanton) VALUES (122, 'Alajuela', 21);
INSERT INTO distrito (iddistrito, nombre, idcanton) VALUES (123, 'San José', 21);
INSERT INTO distrito (iddistrito, nombre, idcanton) VALUES (124, 'Carrizal', 21);
INSERT INTO distrito (iddistrito, nombre, idcanton) VALUES (125, 'San Antonio', 21);
INSERT INTO distrito (iddistrito, nombre, idcanton) VALUES (126, 'Guácima', 21);
INSERT INTO distrito (iddistrito, nombre, idcanton) VALUES (127, 'San Isidro', 21);
INSERT INTO distrito (iddistrito, nombre, idcanton) VALUES (128, 'Sabanilla', 21);
INSERT INTO distrito (iddistrito, nombre, idcanton) VALUES (129, 'San Rafael', 21);
INSERT INTO distrito (iddistrito, nombre, idcanton) VALUES (130, 'Rio Segundo', 21);
INSERT INTO distrito (iddistrito, nombre, idcanton) VALUES (131, 'Desamparados', 21);
INSERT INTO distrito (iddistrito, nombre, idcanton) VALUES (132, 'Turrucares', 21);
INSERT INTO distrito (iddistrito, nombre, idcanton) VALUES (133, 'Tambor', 21);
INSERT INTO distrito (iddistrito, nombre, idcanton) VALUES (134, 'Garita', 21);
INSERT INTO distrito (iddistrito, nombre, idcanton) VALUES (135, 'Sarapiquí', 21);
INSERT INTO distrito (iddistrito, nombre, idcanton) VALUES (136, 'San Ramón', 22);
INSERT INTO distrito (iddistrito, nombre, idcanton) VALUES (137, 'Santiago', 22);
INSERT INTO distrito (iddistrito, nombre, idcanton) VALUES (138, 'San Juan', 22);
INSERT INTO distrito (iddistrito, nombre, idcanton) VALUES (139, 'Piedades Norte', 22);
INSERT INTO distrito (iddistrito, nombre, idcanton) VALUES (140, 'Piedades Sur', 22);
INSERT INTO distrito (iddistrito, nombre, idcanton) VALUES (141, 'San Rafael', 22);
INSERT INTO distrito (iddistrito, nombre, idcanton) VALUES (142, 'San Isidro', 22);
INSERT INTO distrito (iddistrito, nombre, idcanton) VALUES (143, 'Angeles', 22);
INSERT INTO distrito (iddistrito, nombre, idcanton) VALUES (144, 'Alfaro', 22);
INSERT INTO distrito (iddistrito, nombre, idcanton) VALUES (145, 'Volio', 22);
INSERT INTO distrito (iddistrito, nombre, idcanton) VALUES (146, 'Concepción', 22);
INSERT INTO distrito (iddistrito, nombre, idcanton) VALUES (147, 'Zapotal', 22);
INSERT INTO distrito (iddistrito, nombre, idcanton) VALUES (148, 'Peñas Blancas', 22);
INSERT INTO distrito (iddistrito, nombre, idcanton) VALUES (149, 'Grecia', 23);
INSERT INTO distrito (iddistrito, nombre, idcanton) VALUES (150, 'San Isidro', 23);
INSERT INTO distrito (iddistrito, nombre, idcanton) VALUES (151, 'San José', 23);
INSERT INTO distrito (iddistrito, nombre, idcanton) VALUES (152, 'San Roque', 23);
INSERT INTO distrito (iddistrito, nombre, idcanton) VALUES (153, 'Tacares', 23);
INSERT INTO distrito (iddistrito, nombre, idcanton) VALUES (154, 'Rio Cuarto', 23);
INSERT INTO distrito (iddistrito, nombre, idcanton) VALUES (155, 'Puente De Piedra', 23);
INSERT INTO distrito (iddistrito, nombre, idcanton) VALUES (156, 'Bolivar', 23);
INSERT INTO distrito (iddistrito, nombre, idcanton) VALUES (157, 'San Mateo', 24);
INSERT INTO distrito (iddistrito, nombre, idcanton) VALUES (158, 'Desmonte', 24);
INSERT INTO distrito (iddistrito, nombre, idcanton) VALUES (159, 'Jesús María', 24);
INSERT INTO distrito (iddistrito, nombre, idcanton) VALUES (160, 'Labrador', 24);
INSERT INTO distrito (iddistrito, nombre, idcanton) VALUES (161, 'Atenas', 25);
INSERT INTO distrito (iddistrito, nombre, idcanton) VALUES (162, 'Jesús', 25);
INSERT INTO distrito (iddistrito, nombre, idcanton) VALUES (163, 'Mercedes', 25);
INSERT INTO distrito (iddistrito, nombre, idcanton) VALUES (164, 'San Isidro', 25);
INSERT INTO distrito (iddistrito, nombre, idcanton) VALUES (165, 'Concepción', 25);
INSERT INTO distrito (iddistrito, nombre, idcanton) VALUES (166, 'San José', 25);
INSERT INTO distrito (iddistrito, nombre, idcanton) VALUES (167, 'Santa Eulalia', 25);
INSERT INTO distrito (iddistrito, nombre, idcanton) VALUES (168, 'Escobal', 25);
INSERT INTO distrito (iddistrito, nombre, idcanton) VALUES (169, 'Naranjo', 26);
INSERT INTO distrito (iddistrito, nombre, idcanton) VALUES (170, 'San Juan', 26);
INSERT INTO distrito (iddistrito, nombre, idcanton) VALUES (171, 'San Miguel', 26);
INSERT INTO distrito (iddistrito, nombre, idcanton) VALUES (172, 'Palmitos', 26);
INSERT INTO distrito (iddistrito, nombre, idcanton) VALUES (173, 'El Rosario', 26);
INSERT INTO distrito (iddistrito, nombre, idcanton) VALUES (174, 'San José', 26);
INSERT INTO distrito (iddistrito, nombre, idcanton) VALUES (175, 'Cirrí Sur', 26);
INSERT INTO distrito (iddistrito, nombre, idcanton) VALUES (176, 'San Jerónimo', 26);
INSERT INTO distrito (iddistrito, nombre, idcanton) VALUES (177, 'Palmares', 27);
INSERT INTO distrito (iddistrito, nombre, idcanton) VALUES (178, 'Zaragoza', 27);
INSERT INTO distrito (iddistrito, nombre, idcanton) VALUES (179, 'Buenos Aires', 27);
INSERT INTO distrito (iddistrito, nombre, idcanton) VALUES (180, 'Santiago', 27);
INSERT INTO distrito (iddistrito, nombre, idcanton) VALUES (181, 'Candelaria', 27);
INSERT INTO distrito (iddistrito, nombre, idcanton) VALUES (182, 'Esquipulas', 27);
INSERT INTO distrito (iddistrito, nombre, idcanton) VALUES (183, 'La Granja', 27);
INSERT INTO distrito (iddistrito, nombre, idcanton) VALUES (184, 'San Pedro', 28);
INSERT INTO distrito (iddistrito, nombre, idcanton) VALUES (185, 'San Juan', 28);
INSERT INTO distrito (iddistrito, nombre, idcanton) VALUES (186, 'San Rafael', 28);
INSERT INTO distrito (iddistrito, nombre, idcanton) VALUES (187, 'Carrillos', 28);
INSERT INTO distrito (iddistrito, nombre, idcanton) VALUES (188, 'Sabana Redonda', 28);
INSERT INTO distrito (iddistrito, nombre, idcanton) VALUES (189, 'Orotina', 29);
INSERT INTO distrito (iddistrito, nombre, idcanton) VALUES (190, 'El Mastate', 29);
INSERT INTO distrito (iddistrito, nombre, idcanton) VALUES (191, 'Hacienda Vieja', 29);
INSERT INTO distrito (iddistrito, nombre, idcanton) VALUES (192, 'Coyolar', 29);
INSERT INTO distrito (iddistrito, nombre, idcanton) VALUES (193, 'La Ceiba', 29);
INSERT INTO distrito (iddistrito, nombre, idcanton) VALUES (194, 'Quesada', 30);
INSERT INTO distrito (iddistrito, nombre, idcanton) VALUES (195, 'Florencia', 30);
INSERT INTO distrito (iddistrito, nombre, idcanton) VALUES (196, 'Buenavista', 30);
INSERT INTO distrito (iddistrito, nombre, idcanton) VALUES (197, 'Aguas Zarcas', 30);
INSERT INTO distrito (iddistrito, nombre, idcanton) VALUES (198, 'Venecia', 30);
INSERT INTO distrito (iddistrito, nombre, idcanton) VALUES (199, 'Pital', 30);
INSERT INTO distrito (iddistrito, nombre, idcanton) VALUES (200, 'La Fortuna', 30);
INSERT INTO distrito (iddistrito, nombre, idcanton) VALUES (201, 'La Tigra', 30);
INSERT INTO distrito (iddistrito, nombre, idcanton) VALUES (202, 'La Palmera', 30);
INSERT INTO distrito (iddistrito, nombre, idcanton) VALUES (203, 'Venado', 30);
INSERT INTO distrito (iddistrito, nombre, idcanton) VALUES (204, 'Cutris', 30);
INSERT INTO distrito (iddistrito, nombre, idcanton) VALUES (205, 'Monterrey', 30);
INSERT INTO distrito (iddistrito, nombre, idcanton) VALUES (206, 'Pocosol', 30);
INSERT INTO distrito (iddistrito, nombre, idcanton) VALUES (207, 'Zarcero', 31);
INSERT INTO distrito (iddistrito, nombre, idcanton) VALUES (208, 'Laguna', 31);
INSERT INTO distrito (iddistrito, nombre, idcanton) VALUES (209, 'Tapesco', 31);
INSERT INTO distrito (iddistrito, nombre, idcanton) VALUES (210, 'Guadalupe', 31);
INSERT INTO distrito (iddistrito, nombre, idcanton) VALUES (211, 'Palmira', 31);
INSERT INTO distrito (iddistrito, nombre, idcanton) VALUES (212, 'Zapote', 31);
INSERT INTO distrito (iddistrito, nombre, idcanton) VALUES (213, 'Brisas', 31);
INSERT INTO distrito (iddistrito, nombre, idcanton) VALUES (214, 'Sarchí Norte', 32);
INSERT INTO distrito (iddistrito, nombre, idcanton) VALUES (215, 'Sarchí Sur', 32);
INSERT INTO distrito (iddistrito, nombre, idcanton) VALUES (216, 'Toro Amarillo', 32);
INSERT INTO distrito (iddistrito, nombre, idcanton) VALUES (217, 'San Pedro', 32);
INSERT INTO distrito (iddistrito, nombre, idcanton) VALUES (218, 'Rodriguez', 32);
INSERT INTO distrito (iddistrito, nombre, idcanton) VALUES (219, 'Upala', 33);
INSERT INTO distrito (iddistrito, nombre, idcanton) VALUES (220, 'Aguas Claras', 33);
INSERT INTO distrito (iddistrito, nombre, idcanton) VALUES (221, 'San José o Pizote', 33);
INSERT INTO distrito (iddistrito, nombre, idcanton) VALUES (222, 'Bijagua', 33);
INSERT INTO distrito (iddistrito, nombre, idcanton) VALUES (223, 'Delicias', 33);
INSERT INTO distrito (iddistrito, nombre, idcanton) VALUES (224, 'Dos Rios', 33);
INSERT INTO distrito (iddistrito, nombre, idcanton) VALUES (225, 'Yolillal', 33);
INSERT INTO distrito (iddistrito, nombre, idcanton) VALUES (226, 'Canalete', 33);
INSERT INTO distrito (iddistrito, nombre, idcanton) VALUES (227, 'Los Chiles', 34);
INSERT INTO distrito (iddistrito, nombre, idcanton) VALUES (228, 'Caño Negro', 34);
INSERT INTO distrito (iddistrito, nombre, idcanton) VALUES (229, 'El Amparo', 34);
INSERT INTO distrito (iddistrito, nombre, idcanton) VALUES (230, 'San Jorge', 34);
INSERT INTO distrito (iddistrito, nombre, idcanton) VALUES (231, 'San Rafael', 35);
INSERT INTO distrito (iddistrito, nombre, idcanton) VALUES (232, 'Buenavista', 35);
INSERT INTO distrito (iddistrito, nombre, idcanton) VALUES (233, 'Cote', 35);
INSERT INTO distrito (iddistrito, nombre, idcanton) VALUES (234, 'Katira', 35);
INSERT INTO distrito (iddistrito, nombre, idcanton) VALUES (235, 'Río Cuarto', 36);
INSERT INTO distrito (iddistrito, nombre, idcanton) VALUES (236, 'Oriental', 37);
INSERT INTO distrito (iddistrito, nombre, idcanton) VALUES (237, 'Occidental', 37);
INSERT INTO distrito (iddistrito, nombre, idcanton) VALUES (238, 'Carmen', 37);
INSERT INTO distrito (iddistrito, nombre, idcanton) VALUES (239, 'San Nicolás', 37);
INSERT INTO distrito (iddistrito, nombre, idcanton) VALUES (240, 'Aguacaliente o San Francisco', 37);
INSERT INTO distrito (iddistrito, nombre, idcanton) VALUES (241, 'Guadalupe o Arenilla', 37);
INSERT INTO distrito (iddistrito, nombre, idcanton) VALUES (242, 'Corralillo', 37);
INSERT INTO distrito (iddistrito, nombre, idcanton) VALUES (243, 'Tierra Blanca', 37);
INSERT INTO distrito (iddistrito, nombre, idcanton) VALUES (244, 'Dulce Nombre', 37);
INSERT INTO distrito (iddistrito, nombre, idcanton) VALUES (245, 'Llano Grande', 37);
INSERT INTO distrito (iddistrito, nombre, idcanton) VALUES (246, 'Quebradilla', 37);
INSERT INTO distrito (iddistrito, nombre, idcanton) VALUES (247, 'Paraiso', 38);
INSERT INTO distrito (iddistrito, nombre, idcanton) VALUES (248, 'Santiago', 38);
INSERT INTO distrito (iddistrito, nombre, idcanton) VALUES (249, 'Orosi', 38);
INSERT INTO distrito (iddistrito, nombre, idcanton) VALUES (250, 'Cachí', 38);
INSERT INTO distrito (iddistrito, nombre, idcanton) VALUES (251, 'Llanos de Santa Lucía', 38);
INSERT INTO distrito (iddistrito, nombre, idcanton) VALUES (252, 'Tres Rios', 39);
INSERT INTO distrito (iddistrito, nombre, idcanton) VALUES (253, 'San Diego', 39);
INSERT INTO distrito (iddistrito, nombre, idcanton) VALUES (254, 'San Juan', 39);
INSERT INTO distrito (iddistrito, nombre, idcanton) VALUES (255, 'San Rafael', 39);
INSERT INTO distrito (iddistrito, nombre, idcanton) VALUES (256, 'Concepción', 39);
INSERT INTO distrito (iddistrito, nombre, idcanton) VALUES (257, 'Dulce Nombre', 39);
INSERT INTO distrito (iddistrito, nombre, idcanton) VALUES (258, 'San Ramón', 39);
INSERT INTO distrito (iddistrito, nombre, idcanton) VALUES (259, 'Rio Azul', 39);
INSERT INTO distrito (iddistrito, nombre, idcanton) VALUES (260, 'Juan Viñas', 40);
INSERT INTO distrito (iddistrito, nombre, idcanton) VALUES (261, 'Tucurrique', 40);
INSERT INTO distrito (iddistrito, nombre, idcanton) VALUES (262, 'Pejibaye', 40);
INSERT INTO distrito (iddistrito, nombre, idcanton) VALUES (263, 'Turrialba', 41);
INSERT INTO distrito (iddistrito, nombre, idcanton) VALUES (264, 'La Suiza', 41);
INSERT INTO distrito (iddistrito, nombre, idcanton) VALUES (265, 'Peralta', 41);
INSERT INTO distrito (iddistrito, nombre, idcanton) VALUES (266, 'Santa Cruz', 41);
INSERT INTO distrito (iddistrito, nombre, idcanton) VALUES (267, 'Santa Teresita', 41);
INSERT INTO distrito (iddistrito, nombre, idcanton) VALUES (268, 'Pavones', 41);
INSERT INTO distrito (iddistrito, nombre, idcanton) VALUES (269, 'Tuis', 41);
INSERT INTO distrito (iddistrito, nombre, idcanton) VALUES (270, 'Tayutic', 41);
INSERT INTO distrito (iddistrito, nombre, idcanton) VALUES (271, 'Santa Rosa', 41);
INSERT INTO distrito (iddistrito, nombre, idcanton) VALUES (272, 'Tres Equis', 41);
INSERT INTO distrito (iddistrito, nombre, idcanton) VALUES (273, 'La Isabel', 41);
INSERT INTO distrito (iddistrito, nombre, idcanton) VALUES (274, 'Chirripó', 41);
INSERT INTO distrito (iddistrito, nombre, idcanton) VALUES (275, 'Pacayas', 42);
INSERT INTO distrito (iddistrito, nombre, idcanton) VALUES (276, 'Cervantes', 42);
INSERT INTO distrito (iddistrito, nombre, idcanton) VALUES (277, 'Capellades', 42);
INSERT INTO distrito (iddistrito, nombre, idcanton) VALUES (278, 'San Rafael', 43);
INSERT INTO distrito (iddistrito, nombre, idcanton) VALUES (279, 'Cot', 43);
INSERT INTO distrito (iddistrito, nombre, idcanton) VALUES (280, 'Potrero Cerrado', 43);
INSERT INTO distrito (iddistrito, nombre, idcanton) VALUES (281, 'Cipreses', 43);
INSERT INTO distrito (iddistrito, nombre, idcanton) VALUES (282, 'Santa Rosa', 43);
INSERT INTO distrito (iddistrito, nombre, idcanton) VALUES (283, 'El Tejar', 44);
INSERT INTO distrito (iddistrito, nombre, idcanton) VALUES (284, 'San Isidro', 44);
INSERT INTO distrito (iddistrito, nombre, idcanton) VALUES (285, 'Tobosi', 44);
INSERT INTO distrito (iddistrito, nombre, idcanton) VALUES (286, 'Patio De Agua', 44);
INSERT INTO distrito (iddistrito, nombre, idcanton) VALUES (287, 'Heredia', 45);
INSERT INTO distrito (iddistrito, nombre, idcanton) VALUES (288, 'Mercedes', 45);
INSERT INTO distrito (iddistrito, nombre, idcanton) VALUES (289, 'San Francisco', 45);
INSERT INTO distrito (iddistrito, nombre, idcanton) VALUES (290, 'Ulloa', 45);
INSERT INTO distrito (iddistrito, nombre, idcanton) VALUES (291, 'Varablanca', 45);
INSERT INTO distrito (iddistrito, nombre, idcanton) VALUES (292, 'Barva', 46);
INSERT INTO distrito (iddistrito, nombre, idcanton) VALUES (293, 'San Pedro', 46);
INSERT INTO distrito (iddistrito, nombre, idcanton) VALUES (294, 'San Pablo', 46);
INSERT INTO distrito (iddistrito, nombre, idcanton) VALUES (295, 'San Roque', 46);
INSERT INTO distrito (iddistrito, nombre, idcanton) VALUES (296, 'Santa Lucía', 46);
INSERT INTO distrito (iddistrito, nombre, idcanton) VALUES (297, 'San José de la Montaña', 46);
INSERT INTO distrito (iddistrito, nombre, idcanton) VALUES (298, 'Santo Domingo', 47);
INSERT INTO distrito (iddistrito, nombre, idcanton) VALUES (299, 'San Vicente', 47);
INSERT INTO distrito (iddistrito, nombre, idcanton) VALUES (300, 'San Miguel', 47);
INSERT INTO distrito (iddistrito, nombre, idcanton) VALUES (301, 'Paracito', 47);
INSERT INTO distrito (iddistrito, nombre, idcanton) VALUES (302, 'Santo Tomás', 47);
INSERT INTO distrito (iddistrito, nombre, idcanton) VALUES (303, 'Santa Rosa', 47);
INSERT INTO distrito (iddistrito, nombre, idcanton) VALUES (304, 'Tures', 47);
INSERT INTO distrito (iddistrito, nombre, idcanton) VALUES (305, 'Para', 47);
INSERT INTO distrito (iddistrito, nombre, idcanton) VALUES (306, 'Santa Bárbara', 48);
INSERT INTO distrito (iddistrito, nombre, idcanton) VALUES (307, 'San Pedro', 48);
INSERT INTO distrito (iddistrito, nombre, idcanton) VALUES (308, 'San Juan', 48);
INSERT INTO distrito (iddistrito, nombre, idcanton) VALUES (309, 'Jesús', 48);
INSERT INTO distrito (iddistrito, nombre, idcanton) VALUES (310, 'Santo Domingo', 48);
INSERT INTO distrito (iddistrito, nombre, idcanton) VALUES (311, 'Puraba', 48);
INSERT INTO distrito (iddistrito, nombre, idcanton) VALUES (312, 'San Rafael', 49);
INSERT INTO distrito (iddistrito, nombre, idcanton) VALUES (313, 'San Josecito', 49);
INSERT INTO distrito (iddistrito, nombre, idcanton) VALUES (314, 'Santiago', 49);
INSERT INTO distrito (iddistrito, nombre, idcanton) VALUES (315, 'Los Ángeles', 49);
INSERT INTO distrito (iddistrito, nombre, idcanton) VALUES (316, 'Concepción', 49);
INSERT INTO distrito (iddistrito, nombre, idcanton) VALUES (317, 'San Isidro', 50);
INSERT INTO distrito (iddistrito, nombre, idcanton) VALUES (318, 'San José', 50);
INSERT INTO distrito (iddistrito, nombre, idcanton) VALUES (319, 'Concepción', 50);
INSERT INTO distrito (iddistrito, nombre, idcanton) VALUES (320, 'San Francisco', 50);
INSERT INTO distrito (iddistrito, nombre, idcanton) VALUES (321, 'San Antonio', 51);
INSERT INTO distrito (iddistrito, nombre, idcanton) VALUES (322, 'La Ribera', 51);
INSERT INTO distrito (iddistrito, nombre, idcanton) VALUES (323, 'La Asuncion', 51);
INSERT INTO distrito (iddistrito, nombre, idcanton) VALUES (324, 'San Joaquín', 52);
INSERT INTO distrito (iddistrito, nombre, idcanton) VALUES (325, 'Barrantes', 52);
INSERT INTO distrito (iddistrito, nombre, idcanton) VALUES (326, 'Llorente', 52);
INSERT INTO distrito (iddistrito, nombre, idcanton) VALUES (327, 'San Pablo', 53);
INSERT INTO distrito (iddistrito, nombre, idcanton) VALUES (328, 'Rincon De Sabanilla', 53);
INSERT INTO distrito (iddistrito, nombre, idcanton) VALUES (329, 'Puerto Viejo', 54);
INSERT INTO distrito (iddistrito, nombre, idcanton) VALUES (330, 'La Virgen', 54);
INSERT INTO distrito (iddistrito, nombre, idcanton) VALUES (331, 'Las Horquetas', 54);
INSERT INTO distrito (iddistrito, nombre, idcanton) VALUES (332, 'Llanuras Del Gaspar', 54);
INSERT INTO distrito (iddistrito, nombre, idcanton) VALUES (333, 'Cureña', 54);
INSERT INTO distrito (iddistrito, nombre, idcanton) VALUES (334, 'Liberia', 55);
INSERT INTO distrito (iddistrito, nombre, idcanton) VALUES (335, 'Nacascolo', 55);
INSERT INTO distrito (iddistrito, nombre, idcanton) VALUES (336, 'Cañas Dulces', 55);
INSERT INTO distrito (iddistrito, nombre, idcanton) VALUES (337, 'Mayorga', 55);
INSERT INTO distrito (iddistrito, nombre, idcanton) VALUES (338, 'Curubande', 55);
INSERT INTO distrito (iddistrito, nombre, idcanton) VALUES (339, 'Nicoya', 56);
INSERT INTO distrito (iddistrito, nombre, idcanton) VALUES (340, 'Mansión', 56);
INSERT INTO distrito (iddistrito, nombre, idcanton) VALUES (341, 'San Antonio', 56);
INSERT INTO distrito (iddistrito, nombre, idcanton) VALUES (342, 'Quebrada Honda', 56);
INSERT INTO distrito (iddistrito, nombre, idcanton) VALUES (343, 'Sámara', 56);
INSERT INTO distrito (iddistrito, nombre, idcanton) VALUES (344, 'Nosara', 56);
INSERT INTO distrito (iddistrito, nombre, idcanton) VALUES (345, 'Belén De Nosarita', 56);
INSERT INTO distrito (iddistrito, nombre, idcanton) VALUES (346, 'Santa Cruz', 57);
INSERT INTO distrito (iddistrito, nombre, idcanton) VALUES (347, 'Bolson', 57);
INSERT INTO distrito (iddistrito, nombre, idcanton) VALUES (348, 'Veintisiete de Abril', 57);
INSERT INTO distrito (iddistrito, nombre, idcanton) VALUES (349, 'Tempate', 57);
INSERT INTO distrito (iddistrito, nombre, idcanton) VALUES (350, 'Cartagena', 57);
INSERT INTO distrito (iddistrito, nombre, idcanton) VALUES (351, 'Cuajiniquil', 57);
INSERT INTO distrito (iddistrito, nombre, idcanton) VALUES (352, 'Diria', 57);
INSERT INTO distrito (iddistrito, nombre, idcanton) VALUES (353, 'Cabo Velas', 57);
INSERT INTO distrito (iddistrito, nombre, idcanton) VALUES (354, 'Tamarindo', 57);
INSERT INTO distrito (iddistrito, nombre, idcanton) VALUES (355, 'Bagaces', 58);
INSERT INTO distrito (iddistrito, nombre, idcanton) VALUES (356, 'La Fortuna', 58);
INSERT INTO distrito (iddistrito, nombre, idcanton) VALUES (357, 'Mogote', 58);
INSERT INTO distrito (iddistrito, nombre, idcanton) VALUES (358, 'Rio Naranjo', 58);
INSERT INTO distrito (iddistrito, nombre, idcanton) VALUES (359, 'Filadelfia', 59);
INSERT INTO distrito (iddistrito, nombre, idcanton) VALUES (360, 'Palmira', 59);
INSERT INTO distrito (iddistrito, nombre, idcanton) VALUES (361, 'Sardinal', 59);
INSERT INTO distrito (iddistrito, nombre, idcanton) VALUES (362, 'Belen', 59);
INSERT INTO distrito (iddistrito, nombre, idcanton) VALUES (363, 'Cañas', 60);
INSERT INTO distrito (iddistrito, nombre, idcanton) VALUES (364, 'Palmira', 60);
INSERT INTO distrito (iddistrito, nombre, idcanton) VALUES (365, 'San Miguel', 60);
INSERT INTO distrito (iddistrito, nombre, idcanton) VALUES (366, 'Bebedero', 60);
INSERT INTO distrito (iddistrito, nombre, idcanton) VALUES (367, 'Porozal', 60);
INSERT INTO distrito (iddistrito, nombre, idcanton) VALUES (368, 'Las Juntas', 61);
INSERT INTO distrito (iddistrito, nombre, idcanton) VALUES (369, 'Sierra', 61);
INSERT INTO distrito (iddistrito, nombre, idcanton) VALUES (370, 'San Juan', 61);
INSERT INTO distrito (iddistrito, nombre, idcanton) VALUES (371, 'Colorado', 61);
INSERT INTO distrito (iddistrito, nombre, idcanton) VALUES (372, 'Tilarán', 62);
INSERT INTO distrito (iddistrito, nombre, idcanton) VALUES (373, 'Quebrada Grande', 62);
INSERT INTO distrito (iddistrito, nombre, idcanton) VALUES (374, 'Tronadora', 62);
INSERT INTO distrito (iddistrito, nombre, idcanton) VALUES (375, 'Santa Rosa', 62);
INSERT INTO distrito (iddistrito, nombre, idcanton) VALUES (376, 'Líbano', 62);
INSERT INTO distrito (iddistrito, nombre, idcanton) VALUES (377, 'Tierras Morenas', 62);
INSERT INTO distrito (iddistrito, nombre, idcanton) VALUES (378, 'Arenal', 62);
INSERT INTO distrito (iddistrito, nombre, idcanton) VALUES (379, 'Carmona', 63);
INSERT INTO distrito (iddistrito, nombre, idcanton) VALUES (380, 'Santa Rita', 63);
INSERT INTO distrito (iddistrito, nombre, idcanton) VALUES (381, 'Zapotal', 63);
INSERT INTO distrito (iddistrito, nombre, idcanton) VALUES (382, 'San Pablo', 63);
INSERT INTO distrito (iddistrito, nombre, idcanton) VALUES (383, 'Porvenir', 63);
INSERT INTO distrito (iddistrito, nombre, idcanton) VALUES (384, 'Bejuco', 63);
INSERT INTO distrito (iddistrito, nombre, idcanton) VALUES (385, 'La Cruz', 64);
INSERT INTO distrito (iddistrito, nombre, idcanton) VALUES (386, 'Santa Cecilia', 64);
INSERT INTO distrito (iddistrito, nombre, idcanton) VALUES (387, 'La Garita', 64);
INSERT INTO distrito (iddistrito, nombre, idcanton) VALUES (388, 'Santa Elena', 64);
INSERT INTO distrito (iddistrito, nombre, idcanton) VALUES (389, 'Hojancha', 65);
INSERT INTO distrito (iddistrito, nombre, idcanton) VALUES (390, 'Monte Romo', 65);
INSERT INTO distrito (iddistrito, nombre, idcanton) VALUES (391, 'Puerto Carrillo', 65);
INSERT INTO distrito (iddistrito, nombre, idcanton) VALUES (392, 'Huacas', 65);
INSERT INTO distrito (iddistrito, nombre, idcanton) VALUES (393, 'Puntarenas', 66);
INSERT INTO distrito (iddistrito, nombre, idcanton) VALUES (394, 'Pitahaya', 66);
INSERT INTO distrito (iddistrito, nombre, idcanton) VALUES (395, 'Chomes', 66);
INSERT INTO distrito (iddistrito, nombre, idcanton) VALUES (396, 'Lepanto', 66);
INSERT INTO distrito (iddistrito, nombre, idcanton) VALUES (397, 'Paquera', 66);
INSERT INTO distrito (iddistrito, nombre, idcanton) VALUES (398, 'Manzanillo', 66);
INSERT INTO distrito (iddistrito, nombre, idcanton) VALUES (399, 'Guacimal', 66);
INSERT INTO distrito (iddistrito, nombre, idcanton) VALUES (400, 'Barranca', 66);
INSERT INTO distrito (iddistrito, nombre, idcanton) VALUES (401, 'Monte Verde', 66);
INSERT INTO distrito (iddistrito, nombre, idcanton) VALUES (402, 'Isla Del Coco', 66);
INSERT INTO distrito (iddistrito, nombre, idcanton) VALUES (403, 'Cóbano', 66);
INSERT INTO distrito (iddistrito, nombre, idcanton) VALUES (404, 'Chacarita', 66);
INSERT INTO distrito (iddistrito, nombre, idcanton) VALUES (405, 'Chira', 66);
INSERT INTO distrito (iddistrito, nombre, idcanton) VALUES (406, 'Acapulco', 66);
INSERT INTO distrito (iddistrito, nombre, idcanton) VALUES (407, 'El Roble', 66);
INSERT INTO distrito (iddistrito, nombre, idcanton) VALUES (408, 'Arancibia', 66);
INSERT INTO distrito (iddistrito, nombre, idcanton) VALUES (409, 'Espíritu Santo', 67);
INSERT INTO distrito (iddistrito, nombre, idcanton) VALUES (410, 'San Juan Grande', 67);
INSERT INTO distrito (iddistrito, nombre, idcanton) VALUES (411, 'Macacona', 67);
INSERT INTO distrito (iddistrito, nombre, idcanton) VALUES (412, 'San Rafael', 67);
INSERT INTO distrito (iddistrito, nombre, idcanton) VALUES (413, 'San Jerónimo', 67);
INSERT INTO distrito (iddistrito, nombre, idcanton) VALUES (414, 'Buenos Aires', 68);
INSERT INTO distrito (iddistrito, nombre, idcanton) VALUES (415, 'Volcán', 68);
INSERT INTO distrito (iddistrito, nombre, idcanton) VALUES (416, 'Potrero Grande', 68);
INSERT INTO distrito (iddistrito, nombre, idcanton) VALUES (417, 'Boruca', 68);
INSERT INTO distrito (iddistrito, nombre, idcanton) VALUES (418, 'Pilas', 68);
INSERT INTO distrito (iddistrito, nombre, idcanton) VALUES (419, 'Colinas', 68);
INSERT INTO distrito (iddistrito, nombre, idcanton) VALUES (420, 'Changuena', 68);
INSERT INTO distrito (iddistrito, nombre, idcanton) VALUES (421, 'Biolley', 68);
INSERT INTO distrito (iddistrito, nombre, idcanton) VALUES (422, 'Brunka', 68);
INSERT INTO distrito (iddistrito, nombre, idcanton) VALUES (423, 'Miramar', 69);
INSERT INTO distrito (iddistrito, nombre, idcanton) VALUES (424, 'La Unión', 69);
INSERT INTO distrito (iddistrito, nombre, idcanton) VALUES (425, 'San Isidro', 69);
INSERT INTO distrito (iddistrito, nombre, idcanton) VALUES (426, 'Puerto Cortés', 70);
INSERT INTO distrito (iddistrito, nombre, idcanton) VALUES (427, 'Palmar', 70);
INSERT INTO distrito (iddistrito, nombre, idcanton) VALUES (428, 'Sierpe', 70);
INSERT INTO distrito (iddistrito, nombre, idcanton) VALUES (429, 'Bahía Ballena', 70);
INSERT INTO distrito (iddistrito, nombre, idcanton) VALUES (430, 'Piedras Blancas', 70);
INSERT INTO distrito (iddistrito, nombre, idcanton) VALUES (431, 'Bahía Drake', 70);
INSERT INTO distrito (iddistrito, nombre, idcanton) VALUES (432, 'Quepos', 71);
INSERT INTO distrito (iddistrito, nombre, idcanton) VALUES (433, 'Savegre', 71);
INSERT INTO distrito (iddistrito, nombre, idcanton) VALUES (434, 'Naranjito', 71);
INSERT INTO distrito (iddistrito, nombre, idcanton) VALUES (435, 'Golfito', 72);
INSERT INTO distrito (iddistrito, nombre, idcanton) VALUES (436, 'Puerto Jiménez', 72);
INSERT INTO distrito (iddistrito, nombre, idcanton) VALUES (437, 'Guaycara', 72);
INSERT INTO distrito (iddistrito, nombre, idcanton) VALUES (438, 'Pavón', 72);
INSERT INTO distrito (iddistrito, nombre, idcanton) VALUES (439, 'San Vito', 73);
INSERT INTO distrito (iddistrito, nombre, idcanton) VALUES (440, 'Sabalito', 73);
INSERT INTO distrito (iddistrito, nombre, idcanton) VALUES (441, 'Aguabuena', 73);
INSERT INTO distrito (iddistrito, nombre, idcanton) VALUES (442, 'Limoncito', 73);
INSERT INTO distrito (iddistrito, nombre, idcanton) VALUES (443, 'Pittier', 73);
INSERT INTO distrito (iddistrito, nombre, idcanton) VALUES (444, 'Parrita', 74);
INSERT INTO distrito (iddistrito, nombre, idcanton) VALUES (445, 'Corredor', 75);
INSERT INTO distrito (iddistrito, nombre, idcanton) VALUES (446, 'La Cuesta', 75);
INSERT INTO distrito (iddistrito, nombre, idcanton) VALUES (447, 'Canoas', 75);
INSERT INTO distrito (iddistrito, nombre, idcanton) VALUES (448, 'Laurel', 75);
INSERT INTO distrito (iddistrito, nombre, idcanton) VALUES (449, 'Jacó', 76);
INSERT INTO distrito (iddistrito, nombre, idcanton) VALUES (450, 'Tárcoles', 76);
INSERT INTO distrito (iddistrito, nombre, idcanton) VALUES (451, 'Limón', 77);
INSERT INTO distrito (iddistrito, nombre, idcanton) VALUES (452, 'Valle La Estrella', 77);
INSERT INTO distrito (iddistrito, nombre, idcanton) VALUES (453, 'Rio Blanco', 77);
INSERT INTO distrito (iddistrito, nombre, idcanton) VALUES (454, 'Matama', 77);
INSERT INTO distrito (iddistrito, nombre, idcanton) VALUES (455, 'Guapiles', 78);
INSERT INTO distrito (iddistrito, nombre, idcanton) VALUES (456, 'Jiménez', 78);
INSERT INTO distrito (iddistrito, nombre, idcanton) VALUES (457, 'Rita', 78);
INSERT INTO distrito (iddistrito, nombre, idcanton) VALUES (458, 'Roxana', 78);
INSERT INTO distrito (iddistrito, nombre, idcanton) VALUES (459, 'Cariari', 78);
INSERT INTO distrito (iddistrito, nombre, idcanton) VALUES (460, 'Colorado', 78);
INSERT INTO distrito (iddistrito, nombre, idcanton) VALUES (461, 'La Colonia', 78);
INSERT INTO distrito (iddistrito, nombre, idcanton) VALUES (462, 'Siquirres', 79);
INSERT INTO distrito (iddistrito, nombre, idcanton) VALUES (463, 'Pacuarito', 79);
INSERT INTO distrito (iddistrito, nombre, idcanton) VALUES (464, 'Florida', 79);
INSERT INTO distrito (iddistrito, nombre, idcanton) VALUES (465, 'Germania', 79);
INSERT INTO distrito (iddistrito, nombre, idcanton) VALUES (466, 'El Cairo', 79);
INSERT INTO distrito (iddistrito, nombre, idcanton) VALUES (467, 'Alegría', 79);
INSERT INTO distrito (iddistrito, nombre, idcanton) VALUES (468, 'Bratsi', 80);
INSERT INTO distrito (iddistrito, nombre, idcanton) VALUES (469, 'Sixaola', 80);
INSERT INTO distrito (iddistrito, nombre, idcanton) VALUES (470, 'Cahuita', 80);
INSERT INTO distrito (iddistrito, nombre, idcanton) VALUES (471, 'Telire', 80);
INSERT INTO distrito (iddistrito, nombre, idcanton) VALUES (472, 'Matina', 81);
INSERT INTO distrito (iddistrito, nombre, idcanton) VALUES (473, 'Batán', 81);
INSERT INTO distrito (iddistrito, nombre, idcanton) VALUES (474, 'Carrandi', 81);
INSERT INTO distrito (iddistrito, nombre, idcanton) VALUES (475, 'Guácimo', 82);
INSERT INTO distrito (iddistrito, nombre, idcanton) VALUES (476, 'Mercedes', 82);
INSERT INTO distrito (iddistrito, nombre, idcanton) VALUES (477, 'Pocora', 82);
INSERT INTO distrito (iddistrito, nombre, idcanton) VALUES (478, 'Rio Jiménez', 82);
INSERT INTO distrito (iddistrito, nombre, idcanton) VALUES (479, 'Duacari', 82);
SET IDENTITY_INSERT distrito OFF

SET IDENTITY_INSERT direccion ON
INSERT INTO direccion (iddireccion, iddistrito, detalle1, detalle2) VALUES (1, 122, 'Avenida 2', 'Frente al parque');
INSERT INTO direccion (iddireccion, iddistrito, detalle1, detalle2) VALUES (2, 9, 'Avenida 4', 'Frente al KFC');
INSERT INTO direccion (iddireccion, iddistrito, detalle1, detalle2) VALUES (3, 236, 'Calle 3', 'Frente a la iglesia');
INSERT INTO direccion (iddireccion, iddistrito, detalle1, detalle2) VALUES (4, 69, '76776 Laura Land Apt. 025', '94638');
INSERT INTO direccion (iddireccion, iddistrito, detalle1, detalle2) VALUES (5, 369, '806 Hernandez Locks Suite 441', '44559');
INSERT INTO direccion (iddireccion, iddistrito, detalle1, detalle2) VALUES (6, 284, '453 Santiago Burgs Suite 955', '08265');
INSERT INTO direccion (iddireccion, iddistrito, detalle1, detalle2) VALUES (7, 428, '82132 Foster Place Suite 253', '16727');
INSERT INTO direccion (iddireccion, iddistrito, detalle1, detalle2) VALUES (8, 372, '946 Johnson Creek Suite 154', '03231');
INSERT INTO direccion (iddireccion, iddistrito, detalle1, detalle2) VALUES (9, 442, '66100 Stewart River Suite 547', '79670');
INSERT INTO direccion (iddireccion, iddistrito, detalle1, detalle2) VALUES (10, 392, '0137 Nicholson Ville', '56450');
INSERT INTO direccion (iddireccion, iddistrito, detalle1, detalle2) VALUES (11, 221, '48709 Lopez Crossing', '93074');
INSERT INTO direccion (iddireccion, iddistrito, detalle1, detalle2) VALUES (12, 165, '66616 Melissa Summit', '26711');
INSERT INTO direccion (iddireccion, iddistrito, detalle1, detalle2) VALUES (13, 360, '398 Jesse Knolls Suite 045', '31107');
INSERT INTO direccion (iddireccion, iddistrito, detalle1, detalle2) VALUES (14, 101, '26718 David Road Apt. 509', '44893');
INSERT INTO direccion (iddireccion, iddistrito, detalle1, detalle2) VALUES (15, 246, '465 Michael Corner Apt. 570', '87867');
INSERT INTO direccion (iddireccion, iddistrito, detalle1, detalle2) VALUES (16, 210, '07990 Benjamin Parks Suite 576', '02981');
INSERT INTO direccion (iddireccion, iddistrito, detalle1, detalle2) VALUES (17, 449, '114 Ashley Divide Suite 792', '48542');
INSERT INTO direccion (iddireccion, iddistrito, detalle1, detalle2) VALUES (18, 413, '8289 John Trace Apt. 574', '67301');
INSERT INTO direccion (iddireccion, iddistrito, detalle1, detalle2) VALUES (19, 318, '68439 Miller Estate', '28330');
INSERT INTO direccion (iddireccion, iddistrito, detalle1, detalle2) VALUES (20, 97, '191 Copeland Spring Suite 873', '99034');
INSERT INTO direccion (iddireccion, iddistrito, detalle1, detalle2) VALUES (21, 123, '01481 Williams Plaza', '99002');
INSERT INTO direccion (iddireccion, iddistrito, detalle1, detalle2) VALUES (22, 349, '61723 Sandra Vista Suite 045', '98356');
INSERT INTO direccion (iddireccion, iddistrito, detalle1, detalle2) VALUES (23, 438, '76495 Young Drives Apt. 352', '82196');
INSERT INTO direccion (iddireccion, iddistrito, detalle1, detalle2) VALUES (24, 322, '713 Lam Meadows', '42021');
INSERT INTO direccion (iddireccion, iddistrito, detalle1, detalle2) VALUES (25, 336, '45569 Cunningham Plain Apt. 763', '21145');
INSERT INTO direccion (iddireccion, iddistrito, detalle1, detalle2) VALUES (26, 271, '07270 Mitchell Overpass Suite 628', '55241');
INSERT INTO direccion (iddireccion, iddistrito, detalle1, detalle2) VALUES (27, 444, '217 Mary Wall Suite 458', '36876');
INSERT INTO direccion (iddireccion, iddistrito, detalle1, detalle2) VALUES (28, 31, '06410 Todd Lakes', '47042');
INSERT INTO direccion (iddireccion, iddistrito, detalle1, detalle2) VALUES (29, 8, '811 Pineda Manors Suite 254', '89534');
INSERT INTO direccion (iddireccion, iddistrito, detalle1, detalle2) VALUES (30, 179, '991 Kimberly Union Apt. 255', '15574');
INSERT INTO direccion (iddireccion, iddistrito, detalle1, detalle2) VALUES (31, 135, '1711 Tristan Trail', '63531');
INSERT INTO direccion (iddireccion, iddistrito, detalle1, detalle2) VALUES (32, 461, '64194 Cooper Freeway', '27210');
INSERT INTO direccion (iddireccion, iddistrito, detalle1, detalle2) VALUES (33, 177, '8234 Melissa Rue', '02329');
INSERT INTO direccion (iddireccion, iddistrito, detalle1, detalle2) VALUES (34, 431, '1417 Dorothy Alley', '66431');
INSERT INTO direccion (iddireccion, iddistrito, detalle1, detalle2) VALUES (35, 393, '040 Ward Vista Suite 748', '49111');
INSERT INTO direccion (iddireccion, iddistrito, detalle1, detalle2) VALUES (36, 53, '27356 Sampson Trace', '45213');
INSERT INTO direccion (iddireccion, iddistrito, detalle1, detalle2) VALUES (37, 161, '1960 Martin Wall Apt. 812', '53498');
INSERT INTO direccion (iddireccion, iddistrito, detalle1, detalle2) VALUES (38, 220, '3679 Scott Union Suite 132', '15208');
INSERT INTO direccion (iddireccion, iddistrito, detalle1, detalle2) VALUES (39, 332, '5544 Sarah Cove Apt. 839', '19779');
INSERT INTO direccion (iddireccion, iddistrito, detalle1, detalle2) VALUES (40, 114, '8276 Annette Well', '30438');
INSERT INTO direccion (iddireccion, iddistrito, detalle1, detalle2) VALUES (41, 333, '922 David Fall', '86552');
INSERT INTO direccion (iddireccion, iddistrito, detalle1, detalle2) VALUES (42, 326, '55539 Timothy Vista', '97768');
INSERT INTO direccion (iddireccion, iddistrito, detalle1, detalle2) VALUES (43, 286, '59833 Lawson Valleys Apt. 256', '28529');
INSERT INTO direccion (iddireccion, iddistrito, detalle1, detalle2) VALUES (44, 326, '58663 Ashley Lodge', '35529');
INSERT INTO direccion (iddireccion, iddistrito, detalle1, detalle2) VALUES (45, 104, '08795 Matthew Manor Apt. 333', '98986');
INSERT INTO direccion (iddireccion, iddistrito, detalle1, detalle2) VALUES (46, 295, '8875 Amanda Mountain Suite 815', '61128');
INSERT INTO direccion (iddireccion, iddistrito, detalle1, detalle2) VALUES (47, 475, '87034 Henry Pines', '60756');
INSERT INTO direccion (iddireccion, iddistrito, detalle1, detalle2) VALUES (48, 178, '5277 Norton Fords Apt. 841', '39266');
SET IDENTITY_INSERT direccion OFF

SET IDENTITY_INSERT persona ON
INSERT INTO persona (idpersona, identificacion, nombre, apellido1, apellido2, telefono, correo, fechanacimiento, fecharegistro, idestado, iddireccion) VALUES (1, '664-41-7848', 'Brandt', 'Hammes', 'Pagac', '1-116-964-2987 x030', 'Eliza.Roberts@branson.biz', '2013-12-14', '2013-05-16', 1, 4);
INSERT INTO persona (idpersona, identificacion, nombre, apellido1, apellido2, telefono, correo, fechanacimiento, fecharegistro, idestado, iddireccion) VALUES (2, '115-66-3148', 'Joelle', 'Schmitt', 'Hermann', '262.294.1266', 'Cecilia_Reichert@shawna.com', '2008-03-21', '2004-09-11', 1, 5);
INSERT INTO persona (idpersona, identificacion, nombre, apellido1, apellido2, telefono, correo, fechanacimiento, fecharegistro, idestado, iddireccion) VALUES (3, '569-10-9188', 'Myrna', 'Kunze', 'Hills', '(427)606-9713 x07750', 'Dominique.Stehr@malvina.info', '2009-04-29', '2010-08-30', 2, 6);
INSERT INTO persona (idpersona, identificacion, nombre, apellido1, apellido2, telefono, correo, fechanacimiento, fecharegistro, idestado, iddireccion) VALUES (4, '592-14-1155', 'Dulce', 'Nikolaus', 'Hettinger', '(370)463-9389 x5311', 'Annalise@raymundo.us', '1981-06-03', '1999-10-11', 1, 7);
INSERT INTO persona (idpersona, identificacion, nombre, apellido1, apellido2, telefono, correo, fechanacimiento, fecharegistro, idestado, iddireccion) VALUES (5, '572-43-7361', 'Beaulah', 'Ward', 'Kiehn', '1-084-690-3307 x714', 'Sylvan@ariel.name', '2008-02-17', '1989-03-22', 2, 8);
INSERT INTO persona (idpersona, identificacion, nombre, apellido1, apellido2, telefono, correo, fechanacimiento, fecharegistro, idestado, iddireccion) VALUES (6, '613-42-5463', 'Jody', 'Ruecker', 'Dickinson', '1-108-670-0826 x7350', 'Alec.Schiller@britney.info', '1986-05-17', '2009-11-27', 1, 9);
INSERT INTO persona (idpersona, identificacion, nombre, apellido1, apellido2, telefono, correo, fechanacimiento, fecharegistro, idestado, iddireccion) VALUES (7, '826-62-7320', 'Abby', 'Windler', 'Marvin', '1-151-936-0849 x52461', 'Adrien.Grant@rosendo.io', '2005-09-04', '2007-12-25', 1, 10);
INSERT INTO persona (idpersona, identificacion, nombre, apellido1, apellido2, telefono, correo, fechanacimiento, fecharegistro, idestado, iddireccion) VALUES (8, '385-11-1358', 'Kara', 'Schaefer', 'Koss', '718-065-2660 x639', 'Tina@emmy.name', '1985-09-24', '2007-07-14', 1, 11);
INSERT INTO persona (idpersona, identificacion, nombre, apellido1, apellido2, telefono, correo, fechanacimiento, fecharegistro, idestado, iddireccion) VALUES (9, '609-63-9228', 'Ursula', 'McLaughlin', 'Hilpert', '415.676.0948', 'Ivory@blair.com', '2017-12-07', '1996-03-04', 1, 12);
INSERT INTO persona (idpersona, identificacion, nombre, apellido1, apellido2, telefono, correo, fechanacimiento, fecharegistro, idestado, iddireccion) VALUES (10, '589-94-8760', 'Alicia', 'Purdy', 'Armstrong', '819.877.8849 x57576', 'Theresa.Dicki@syble.biz', '1991-12-22', '2001-04-23', 1, 13);
INSERT INTO persona (idpersona, identificacion, nombre, apellido1, apellido2, telefono, correo, fechanacimiento, fecharegistro, idestado, iddireccion) VALUES (11, '220-46-7544', 'Jamil', 'Larson', 'Will', '368-319-8106', 'Gladyce_Heathcote@marisol.co.uk', '2011-02-12', '1992-02-15', 2, 14);
INSERT INTO persona (idpersona, identificacion, nombre, apellido1, apellido2, telefono, correo, fechanacimiento, fecharegistro, idestado, iddireccion) VALUES (12, '404-69-6076', 'Rahsaan', 'Lehner', 'Hintz', '(028)918-2528 x7672', 'Alice@russ.co.uk', '2017-05-24', '1992-10-09', 2, 15);
INSERT INTO persona (idpersona, identificacion, nombre, apellido1, apellido2, telefono, correo, fechanacimiento, fecharegistro, idestado, iddireccion) VALUES (13, '262-16-1379', 'Jon', 'Hauck', 'McDermott', '(381)924-5428', 'Athena@celestino.org', '1986-07-24', '2014-09-14', 1, 16);
INSERT INTO persona (idpersona, identificacion, nombre, apellido1, apellido2, telefono, correo, fechanacimiento, fecharegistro, idestado, iddireccion) VALUES (14, '018-14-8823', 'Rolando', 'Cummerata', 'Bartell', '(997)808-8943 x2577', 'Kenyon_Collins@pierce.me', '1996-12-08', '1984-03-31', 1, 17);
INSERT INTO persona (idpersona, identificacion, nombre, apellido1, apellido2, telefono, correo, fechanacimiento, fecharegistro, idestado, iddireccion) VALUES (15, '833-52-7860', 'Mathias', 'Kovacek', 'Hills', '665.061.9556', 'Diego_Cole@carmine.tv', '2001-02-15', '1984-06-24', 2, 18);
INSERT INTO persona (idpersona, identificacion, nombre, apellido1, apellido2, telefono, correo, fechanacimiento, fecharegistro, idestado, iddireccion) VALUES (16, '591-56-0462', 'Felicia', 'Robel', 'Quitzon', '(530)770-8111', 'Murray@guy.tv', '1992-12-28', '2012-09-02', 1, 19);
INSERT INTO persona (idpersona, identificacion, nombre, apellido1, apellido2, telefono, correo, fechanacimiento, fecharegistro, idestado, iddireccion) VALUES (17, '790-27-0047', 'Marcos', 'Ankunding', 'Homenick', '(765)734-4891', 'Tyrique@pierre.com', '1997-11-16', '1993-08-03', 1, 20);
INSERT INTO persona (idpersona, identificacion, nombre, apellido1, apellido2, telefono, correo, fechanacimiento, fecharegistro, idestado, iddireccion) VALUES (18, '157-93-6204', 'Lois', 'Simonis', 'Block', '(897)626-8332', 'Roxanne.Metz@marge.us', '1996-09-10', '1999-12-20', 2, 21);
INSERT INTO persona (idpersona, identificacion, nombre, apellido1, apellido2, telefono, correo, fechanacimiento, fecharegistro, idestado, iddireccion) VALUES (19, '790-37-8692', 'Rosalinda', 'Rohan', 'Macejkovic', '1-510-614-2575 x39127', 'Darrick_Leffler@evert.me', '1980-06-07', '1982-08-29', 1, 22);
INSERT INTO persona (idpersona, identificacion, nombre, apellido1, apellido2, telefono, correo, fechanacimiento, fecharegistro, idestado, iddireccion) VALUES (20, '669-59-8480', 'Dolores', 'Torphy', 'Douglas', '1-245-448-7629 x281', 'Nedra@josh.org', '2013-11-14', '1982-06-23', 2, 23);
INSERT INTO persona (idpersona, identificacion, nombre, apellido1, apellido2, telefono, correo, fechanacimiento, fecharegistro, idestado, iddireccion) VALUES (21, '753-85-4984', 'Candace', 'Crooks', 'Grady', '612.719.8889', 'Rodrigo@marcelo.ca', '1986-04-24', '2001-09-02', 2, 24);
INSERT INTO persona (idpersona, identificacion, nombre, apellido1, apellido2, telefono, correo, fechanacimiento, fecharegistro, idestado, iddireccion) VALUES (22, '168-35-5447', 'Randal', 'Larson', 'Hirthe', '(759)508-4974 x3033', 'Derek_Lowe@turner.net', '1985-05-27', '1988-03-01', 2, 25);
INSERT INTO persona (idpersona, identificacion, nombre, apellido1, apellido2, telefono, correo, fechanacimiento, fecharegistro, idestado, iddireccion) VALUES (23, '528-72-0415', 'Felicity', 'Gerhold', 'O''Kon', '1-963-079-3707 x23416', 'Kavon@sheridan.name', '1997-02-20', '2019-06-24', 1, 26);
INSERT INTO persona (idpersona, identificacion, nombre, apellido1, apellido2, telefono, correo, fechanacimiento, fecharegistro, idestado, iddireccion) VALUES (24, '607-91-7374', 'Reinhold', 'Prosacco', 'Dietrich', '1-272-582-4121', 'Trace@beverly.name', '2014-07-17', '2018-09-30', 1, 27);
INSERT INTO persona (idpersona, identificacion, nombre, apellido1, apellido2, telefono, correo, fechanacimiento, fecharegistro, idestado, iddireccion) VALUES (25, '578-40-2876', 'Pete', 'Hills', 'Kuhn', '1-014-487-7992 x0379', 'Ayana_Dach@arnoldo.tv', '2019-04-29', '2013-01-29', 2, 28);
INSERT INTO persona (idpersona, identificacion, nombre, apellido1, apellido2, telefono, correo, fechanacimiento, fecharegistro, idestado, iddireccion) VALUES (26, '779-67-7508', 'Electa', 'Harvey', 'Rowe', '(033)438-2205 x400', 'Chaya@jamar.me', '2007-01-12', '1998-04-25', 2, 29);
INSERT INTO persona (idpersona, identificacion, nombre, apellido1, apellido2, telefono, correo, fechanacimiento, fecharegistro, idestado, iddireccion) VALUES (27, '889-25-4623', 'Samson', 'Tremblay', 'Hansen', '(930)017-8227', 'Madyson@alexie.us', '1996-07-14', '2008-03-20', 1, 30);
INSERT INTO persona (idpersona, identificacion, nombre, apellido1, apellido2, telefono, correo, fechanacimiento, fecharegistro, idestado, iddireccion) VALUES (28, '692-89-1624', 'Jamar', 'Anderson', 'Bosco', '(184)342-1135 x26004', 'Sam@stephan.biz', '1987-08-21', '2004-01-06', 1, 31);
INSERT INTO persona (idpersona, identificacion, nombre, apellido1, apellido2, telefono, correo, fechanacimiento, fecharegistro, idestado, iddireccion) VALUES (29, '560-69-5808', 'Nadia', 'Quitzon', 'Heller', '(344)245-5017 x682', 'Tamia_Tremblay@marley.us', '2017-01-16', '1994-09-04', 2, 32);
INSERT INTO persona (idpersona, identificacion, nombre, apellido1, apellido2, telefono, correo, fechanacimiento, fecharegistro, idestado, iddireccion) VALUES (30, '481-67-5836', 'Kyleigh', 'Adams', 'Farrell', '1-405-564-1059 x210', 'Ebba_Mohr@darren.biz', '2019-01-05', '1981-11-26', 1, 33);
INSERT INTO persona (idpersona, identificacion, nombre, apellido1, apellido2, telefono, correo, fechanacimiento, fecharegistro, idestado, iddireccion) VALUES (31, '244-80-4979', 'Ulices', 'Rogahn', 'Gerlach', '346-079-4270', 'Rickey@elouise.co.uk', '1993-11-27', '2017-03-12', 2, 34);
INSERT INTO persona (idpersona, identificacion, nombre, apellido1, apellido2, telefono, correo, fechanacimiento, fecharegistro, idestado, iddireccion) VALUES (32, '083-88-0568', 'Jennie', 'Stehr', 'Willms', '078-815-5330', 'Stephen@syble.info', '2008-03-31', '2011-09-15', 1, 35);
INSERT INTO persona (idpersona, identificacion, nombre, apellido1, apellido2, telefono, correo, fechanacimiento, fecharegistro, idestado, iddireccion) VALUES (33, '334-88-5459', 'Noemi', 'Kuhn', 'Maggio', '1-885-284-0275 x853', 'Murray_Crist@cary.org', '1992-08-08', '1990-06-14', 1, 36);
INSERT INTO persona (idpersona, identificacion, nombre, apellido1, apellido2, telefono, correo, fechanacimiento, fecharegistro, idestado, iddireccion) VALUES (34, '426-81-8743', 'Rosario', 'Batz', 'Schuppe', '158.400.8978', 'Chaim_Wilkinson@sydney.org', '1998-08-06', '1983-06-01', 1, 37);
INSERT INTO persona (idpersona, identificacion, nombre, apellido1, apellido2, telefono, correo, fechanacimiento, fecharegistro, idestado, iddireccion) VALUES (35, '713-86-4298', 'Ellie', 'Fisher', 'Beatty', '(630)944-0438', 'Elaina_White@lesley.me', '2015-02-25', '1999-02-21', 1, 38);
INSERT INTO persona (idpersona, identificacion, nombre, apellido1, apellido2, telefono, correo, fechanacimiento, fecharegistro, idestado, iddireccion) VALUES (36, '871-34-8575', 'Aubree', 'Lemke', 'O''Reilly', '599.744.5896 x11443', 'Nico@cale.org', '2000-08-02', '2005-07-11', 1, 39);
INSERT INTO persona (idpersona, identificacion, nombre, apellido1, apellido2, telefono, correo, fechanacimiento, fecharegistro, idestado, iddireccion) VALUES (37, '890-64-5555', 'Elroy', 'Luettgen', 'Beier', '812.457.9172 x71510', 'Kathryne_Gaylord@destiny.biz', '2002-11-22', '2000-12-26', 1, 40);
INSERT INTO persona (idpersona, identificacion, nombre, apellido1, apellido2, telefono, correo, fechanacimiento, fecharegistro, idestado, iddireccion) VALUES (38, '496-15-9206', 'Darren', 'King', 'Kunze', '1-801-825-8702 x2364', 'Kaitlin_Jenkins@aida.name', '1986-08-25', '2012-12-24', 1, 41);
INSERT INTO persona (idpersona, identificacion, nombre, apellido1, apellido2, telefono, correo, fechanacimiento, fecharegistro, idestado, iddireccion) VALUES (39, '354-16-2222', 'Roosevelt', 'Wunsch', 'O''Connell', '898.042.8370 x71354', 'Dandre@myrtie.io', '2010-12-22', '2004-10-26', 2, 42);
INSERT INTO persona (idpersona, identificacion, nombre, apellido1, apellido2, telefono, correo, fechanacimiento, fecharegistro, idestado, iddireccion) VALUES (40, '236-86-8017', 'Ryleigh', 'Bailey', 'Conroy', '700.592.2011', 'Osborne@mackenzie.com', '2015-12-10', '1980-01-07', 2, 43);
INSERT INTO persona (idpersona, identificacion, nombre, apellido1, apellido2, telefono, correo, fechanacimiento, fecharegistro, idestado, iddireccion) VALUES (41, '197-25-7202', 'Cleta', 'Gulgowski', 'DuBuque', '941.142.6109 x96817', 'Raheem_Bartell@harmony.co.uk', '1990-08-11', '1984-08-16', 1, 44);
INSERT INTO persona (idpersona, identificacion, nombre, apellido1, apellido2, telefono, correo, fechanacimiento, fecharegistro, idestado, iddireccion) VALUES (42, '658-20-5599', 'Kim', 'Weimann', 'Price', '(727)696-6655 x79213', 'Columbus@kristy.com', '2016-11-28', '1993-08-06', 2, 45);
INSERT INTO persona (idpersona, identificacion, nombre, apellido1, apellido2, telefono, correo, fechanacimiento, fecharegistro, idestado, iddireccion) VALUES (43, '615-08-2366', 'Micaela', 'Kertzmann', 'Heathcote', '109.587.6147 x73286', 'Laila.Hahn@brendan.biz', '1981-09-07', '2012-07-12', 2, 46);
INSERT INTO persona (idpersona, identificacion, nombre, apellido1, apellido2, telefono, correo, fechanacimiento, fecharegistro, idestado, iddireccion) VALUES (44, '518-78-7561', 'Adrian', 'Russel', 'Balistreri', '1-179-957-6802 x0077', 'Peyton_Reilly@kadin.name', '2012-02-18', '1991-08-12', 2, 47);
INSERT INTO persona (idpersona, identificacion, nombre, apellido1, apellido2, telefono, correo, fechanacimiento, fecharegistro, idestado, iddireccion) VALUES (45, '691-91-0918', 'Emery', 'Emmerich', 'Hermann', '155.454.4496', 'Lance.Pacocha@carmela.com', '1989-02-08', '1994-07-26', 2, 48);
SET IDENTITY_INSERT persona OFF

SET IDENTITY_INSERT cliente ON
INSERT INTO cliente (idcliente, idpersona, descripcion, puntos, fecharegistro, idestado) VALUES (10, 25, 'Excelente cliente', 0, '2013-01-29', 2);
INSERT INTO cliente (idcliente, idpersona, descripcion, puntos, fecharegistro, idestado) VALUES (13, 28, 'Excelente cliente', 0, '2004-01-06', 2);
INSERT INTO cliente (idcliente, idpersona, descripcion, puntos, fecharegistro, idestado) VALUES (17, 32, 'Excelente cliente', 0, '2011-09-15', 1);
INSERT INTO cliente (idcliente, idpersona, descripcion, puntos, fecharegistro, idestado) VALUES (18, 33, 'Excelente cliente', 0, '1990-06-14', 1);
INSERT INTO cliente (idcliente, idpersona, descripcion, puntos, fecharegistro, idestado) VALUES (19, 34, 'Excelente cliente', 0, '1983-06-01', 1);
INSERT INTO cliente (idcliente, idpersona, descripcion, puntos, fecharegistro, idestado) VALUES (20, 35, 'Excelente cliente', 0, '1999-02-21', 2);
INSERT INTO cliente (idcliente, idpersona, descripcion, puntos, fecharegistro, idestado) VALUES (21, 36, 'Excelente cliente', 0, '2005-07-11', 1);
INSERT INTO cliente (idcliente, idpersona, descripcion, puntos, fecharegistro, idestado) VALUES (28, 43, 'Excelente cliente', 0, '2012-07-12', 1);
INSERT INTO cliente (idcliente, idpersona, descripcion, puntos, fecharegistro, idestado) VALUES (29, 44, 'Excelente cliente', 0, '1991-08-12', 2);
INSERT INTO cliente (idcliente, idpersona, descripcion, puntos, fecharegistro, idestado) VALUES (5, 20, 'Excelente cliente', 20200, '1982-06-23', 1);
INSERT INTO cliente (idcliente, idpersona, descripcion, puntos, fecharegistro, idestado) VALUES (23, 38, 'Excelente cliente', 78300, '2012-12-24', 2);
INSERT INTO cliente (idcliente, idpersona, descripcion, puntos, fecharegistro, idestado) VALUES (9, 24, 'Excelente cliente', 59100, '2018-09-30', 1);
INSERT INTO cliente (idcliente, idpersona, descripcion, puntos, fecharegistro, idestado) VALUES (12, 27, 'Excelente cliente', 40300, '2008-03-20', 1);
INSERT INTO cliente (idcliente, idpersona, descripcion, puntos, fecharegistro, idestado) VALUES (26, 41, 'Excelente cliente', 49100, '1984-08-16', 1);
INSERT INTO cliente (idcliente, idpersona, descripcion, puntos, fecharegistro, idestado) VALUES (24, 39, 'Excelente cliente', 71500, '2004-10-26', 2);
INSERT INTO cliente (idcliente, idpersona, descripcion, puntos, fecharegistro, idestado) VALUES (11, 26, 'Excelente cliente', 76800, '1998-04-25', 2);
INSERT INTO cliente (idcliente, idpersona, descripcion, puntos, fecharegistro, idestado) VALUES (6, 21, 'Excelente cliente', 45600, '2001-09-02', 1);
INSERT INTO cliente (idcliente, idpersona, descripcion, puntos, fecharegistro, idestado) VALUES (3, 18, 'Excelente cliente', 8300, '1999-12-20', 1);
INSERT INTO cliente (idcliente, idpersona, descripcion, puntos, fecharegistro, idestado) VALUES (16, 31, 'Excelente cliente', 109400, '2017-03-12', 2);
INSERT INTO cliente (idcliente, idpersona, descripcion, puntos, fecharegistro, idestado) VALUES (2, 17, 'Excelente cliente', 47100, '1993-08-03', 2);
INSERT INTO cliente (idcliente, idpersona, descripcion, puntos, fecharegistro, idestado) VALUES (15, 30, 'Excelente cliente', 69200, '1981-11-26', 1);
INSERT INTO cliente (idcliente, idpersona, descripcion, puntos, fecharegistro, idestado) VALUES (25, 40, 'Excelente cliente', 113400, '1980-01-07', 1);
INSERT INTO cliente (idcliente, idpersona, descripcion, puntos, fecharegistro, idestado) VALUES (22, 37, 'Excelente cliente', 129700, '2000-12-26', 1);
INSERT INTO cliente (idcliente, idpersona, descripcion, puntos, fecharegistro, idestado) VALUES (8, 23, 'Excelente cliente', 123400, '2019-06-24', 1);
INSERT INTO cliente (idcliente, idpersona, descripcion, puntos, fecharegistro, idestado) VALUES (27, 42, 'Excelente cliente', 35700, '1993-08-06', 2);
INSERT INTO cliente (idcliente, idpersona, descripcion, puntos, fecharegistro, idestado) VALUES (7, 22, 'Excelente cliente', 58400, '1988-03-01', 1);
INSERT INTO cliente (idcliente, idpersona, descripcion, puntos, fecharegistro, idestado) VALUES (14, 29, 'Excelente cliente', 109900, '1994-09-04', 1);
INSERT INTO cliente (idcliente, idpersona, descripcion, puntos, fecharegistro, idestado) VALUES (30, 45, 'Excelente cliente', 159000, '1994-07-26', 1);
INSERT INTO cliente (idcliente, idpersona, descripcion, puntos, fecharegistro, idestado) VALUES (4, 19, 'Excelente cliente', 21000, '1982-08-29', 1);
INSERT INTO cliente (idcliente, idpersona, descripcion, puntos, fecharegistro, idestado) VALUES (1, 16, 'Excelente cliente', 11700, '2012-09-02', 1);
SET IDENTITY_INSERT cliente OFF

SET IDENTITY_INSERT puesto ON
INSERT INTO puesto (idpuesto, nombre, descripcion) VALUES (1, 'Administrador', 'Se encarga de administrar cada una de las sucursales');
INSERT INTO puesto (idpuesto, nombre, descripcion) VALUES (2, 'Vendedor', 'Se encarga de vender a los clientes los productos');
INSERT INTO puesto (idpuesto, nombre, descripcion) VALUES (3, 'Bodeguero', 'Se encarga de recibir los productos');
INSERT INTO puesto (idpuesto, nombre, descripcion) VALUES (4, 'Jefe de bodega', 'Se encarga de administrar todos los entrantes y salientes de la bodega');
SET IDENTITY_INSERT puesto OFF

SET IDENTITY_INSERT sucursal ON
INSERT INTO sucursal (idsucursal, codigo, nombre, descripcion, iddireccion, idestado) VALUES (1, '01', 'Ska8-4-TEC-Alajuela', 'Tienda original', 1, 1);
INSERT INTO sucursal (idsucursal, codigo, nombre, descripcion, iddireccion, idestado) VALUES (2, '02', 'Ska8-4-TEC-Cartago', 'Tienda religiosa', 3, 1);
INSERT INTO sucursal (idsucursal, codigo, nombre, descripcion, iddireccion, idestado) VALUES (3, '03', 'Ska8-4-TEC-San-Jose', 'Tienda super ventas', 2, 2);
SET IDENTITY_INSERT sucursal OFF

SET IDENTITY_INSERT empleado ON
INSERT INTO empleado (idempleado, idpersona, idpuesto, idsucursal, salario, fecha, idestado) VALUES (1, 1, 3, 2, 1302680, '2013-05-16', 2);
INSERT INTO empleado (idempleado, idpersona, idpuesto, idsucursal, salario, fecha, idestado) VALUES (2, 2, 3, 1, 788441, '2004-09-11', 2);
INSERT INTO empleado (idempleado, idpersona, idpuesto, idsucursal, salario, fecha, idestado) VALUES (3, 3, 2, 2, 897841, '2010-08-30', 1);
INSERT INTO empleado (idempleado, idpersona, idpuesto, idsucursal, salario, fecha, idestado) VALUES (4, 4, 3, 1, 1038458, '1999-10-11', 1);
INSERT INTO empleado (idempleado, idpersona, idpuesto, idsucursal, salario, fecha, idestado) VALUES (5, 5, 1, 2, 470379, '1989-03-22', 2);
INSERT INTO empleado (idempleado, idpersona, idpuesto, idsucursal, salario, fecha, idestado) VALUES (6, 6, 2, 1, 1330948, '2009-11-27', 1);
INSERT INTO empleado (idempleado, idpersona, idpuesto, idsucursal, salario, fecha, idestado) VALUES (7, 7, 4, 1, 595952, '2007-12-25', 2);
INSERT INTO empleado (idempleado, idpersona, idpuesto, idsucursal, salario, fecha, idestado) VALUES (8, 8, 3, 2, 553802, '2007-07-14', 2);
INSERT INTO empleado (idempleado, idpersona, idpuesto, idsucursal, salario, fecha, idestado) VALUES (9, 9, 2, 3, 1061360, '1996-03-04', 2);
INSERT INTO empleado (idempleado, idpersona, idpuesto, idsucursal, salario, fecha, idestado) VALUES (10, 10, 1, 3, 1359669, '2001-04-23', 2);
INSERT INTO empleado (idempleado, idpersona, idpuesto, idsucursal, salario, fecha, idestado) VALUES (11, 11, 1, 2, 996758, '1992-02-15', 2);
INSERT INTO empleado (idempleado, idpersona, idpuesto, idsucursal, salario, fecha, idestado) VALUES (12, 12, 1, 2, 807842, '1992-10-09', 1);
INSERT INTO empleado (idempleado, idpersona, idpuesto, idsucursal, salario, fecha, idestado) VALUES (13, 13, 1, 1, 664196, '2014-09-14', 2);
INSERT INTO empleado (idempleado, idpersona, idpuesto, idsucursal, salario, fecha, idestado) VALUES (14, 14, 1, 2, 511150, '1984-03-31', 1);
INSERT INTO empleado (idempleado, idpersona, idpuesto, idsucursal, salario, fecha, idestado) VALUES (15, 15, 4, 3, 1342653, '1984-06-24', 2);
SET IDENTITY_INSERT empleado OFF

SET IDENTITY_INSERT categoria ON
INSERT INTO categoria (idcategoria, nombre, descripcion) VALUES (1, 'Camiseta de hombre', 'Camisetas de diferentes estilos para hombre');
INSERT INTO categoria (idcategoria, nombre, descripcion) VALUES (2, 'Camiseta de mujer', 'Camisetas de diferentes estilos para mujeres');
INSERT INTO categoria (idcategoria, nombre, descripcion) VALUES (3, 'Blusas', 'Blusas de diferentes estilos para mujeres');
INSERT INTO categoria (idcategoria, nombre, descripcion) VALUES (4, 'Calzado de hombre', 'Zapatos para hombres para hacer skate');
INSERT INTO categoria (idcategoria, nombre, descripcion) VALUES (5, 'Calzado de mujer', 'Zapatos para mujeres para hacer skate');
INSERT INTO categoria (idcategoria, nombre, descripcion) VALUES (6, 'Accesorios', 'Accesorios relacionados al skate');
SET IDENTITY_INSERT categoria OFF

SET IDENTITY_INSERT sku ON
INSERT INTO sku (idsku, codigo, idcategoria, idestado, precioactual, fecharegistro, garantia, detalleubicacion) VALUES (1, '509-88-3698', 1, 1, 8500, '2016-08-14', 2, 'Mostrador');
INSERT INTO sku (idsku, codigo, idcategoria, idestado, precioactual, fecharegistro, garantia, detalleubicacion) VALUES (2, '056-53-8018', 4, 1, 11500, '2018-06-21', 2, 'Pasillo de acuerdo a la categoria');
INSERT INTO sku (idsku, codigo, idcategoria, idestado, precioactual, fecharegistro, garantia, detalleubicacion) VALUES (3, '295-24-2357', 3, 1, 15500, '1974-02-23', 2, 'Pasillo principal');
INSERT INTO sku (idsku, codigo, idcategoria, idestado, precioactual, fecharegistro, garantia, detalleubicacion) VALUES (4, '894-12-4158', 4, 1, 8000, '1972-04-01', 2, 'Mostrador');
INSERT INTO sku (idsku, codigo, idcategoria, idestado, precioactual, fecharegistro, garantia, detalleubicacion) VALUES (5, '767-65-3971', 4, 1, 48000, '1991-02-12', 2, 'Mostrador');
INSERT INTO sku (idsku, codigo, idcategoria, idestado, precioactual, fecharegistro, garantia, detalleubicacion) VALUES (6, '392-58-0935', 1, 1, 36000, '2008-06-15', 12, 'Mostrador');
INSERT INTO sku (idsku, codigo, idcategoria, idestado, precioactual, fecharegistro, garantia, detalleubicacion) VALUES (7, '260-65-5991', 5, 1, 36000, '2004-10-15', 1, 'Pasillo principal');
INSERT INTO sku (idsku, codigo, idcategoria, idestado, precioactual, fecharegistro, garantia, detalleubicacion) VALUES (8, '574-37-3897', 4, 1, 9500, '1974-09-10', 12, 'Pasillo principal');
INSERT INTO sku (idsku, codigo, idcategoria, idestado, precioactual, fecharegistro, garantia, detalleubicacion) VALUES (9, '485-25-0017', 2, 1, 40500, '2000-02-12', 1, 'Ventana');
INSERT INTO sku (idsku, codigo, idcategoria, idestado, precioactual, fecharegistro, garantia, detalleubicacion) VALUES (10, '779-24-3205', 5, 1, 22500, '2014-01-13', 3, 'Mostrador');
INSERT INTO sku (idsku, codigo, idcategoria, idestado, precioactual, fecharegistro, garantia, detalleubicacion) VALUES (11, '741-55-6255', 2, 1, 19000, '2009-09-12', 2, 'Pasillo de acuerdo a la categoria');
INSERT INTO sku (idsku, codigo, idcategoria, idestado, precioactual, fecharegistro, garantia, detalleubicacion) VALUES (12, '069-35-0958', 5, 1, 21500, '1981-11-29', 3, 'Pasillo de acuerdo a la categoria');
INSERT INTO sku (idsku, codigo, idcategoria, idestado, precioactual, fecharegistro, garantia, detalleubicacion) VALUES (13, '040-44-1682', 1, 1, 21500, '1979-12-10', 2, 'Ventana');
INSERT INTO sku (idsku, codigo, idcategoria, idestado, precioactual, fecharegistro, garantia, detalleubicacion) VALUES (14, '484-12-1029', 3, 1, 37500, '1987-06-10', 1, 'Pasillo principal');
INSERT INTO sku (idsku, codigo, idcategoria, idestado, precioactual, fecharegistro, garantia, detalleubicacion) VALUES (15, '354-31-2962', 5, 1, 29000, '2015-02-14', 1, 'Pasillo de acuerdo a la categoria');
INSERT INTO sku (idsku, codigo, idcategoria, idestado, precioactual, fecharegistro, garantia, detalleubicacion) VALUES (16, '333-39-8166', 5, 1, 27000, '2013-12-26', 12, 'Mostrador');
INSERT INTO sku (idsku, codigo, idcategoria, idestado, precioactual, fecharegistro, garantia, detalleubicacion) VALUES (17, '127-12-2344', 2, 1, 45500, '1996-06-03', 12, 'Mostrador');
INSERT INTO sku (idsku, codigo, idcategoria, idestado, precioactual, fecharegistro, garantia, detalleubicacion) VALUES (18, '077-13-2579', 6, 1, 47500, '2010-06-05', 1, 'Mostrador');
INSERT INTO sku (idsku, codigo, idcategoria, idestado, precioactual, fecharegistro, garantia, detalleubicacion) VALUES (19, '843-88-9655', 2, 1, 6000, '2017-12-25', 3, 'Ventana');
INSERT INTO sku (idsku, codigo, idcategoria, idestado, precioactual, fecharegistro, garantia, detalleubicacion) VALUES (20, '305-70-7307', 2, 1, 9000, '1978-04-28', 1, 'Ventana');
INSERT INTO sku (idsku, codigo, idcategoria, idestado, precioactual, fecharegistro, garantia, detalleubicacion) VALUES (21, '344-44-2656', 1, 1, 26500, '2011-08-29', 12, 'Pasillo de acuerdo a la categoria');
INSERT INTO sku (idsku, codigo, idcategoria, idestado, precioactual, fecharegistro, garantia, detalleubicacion) VALUES (22, '097-98-1947', 3, 1, 24500, '1996-02-03', 1, 'Mostrador');
INSERT INTO sku (idsku, codigo, idcategoria, idestado, precioactual, fecharegistro, garantia, detalleubicacion) VALUES (23, '052-58-3311', 2, 1, 32500, '1979-10-13', 2, 'Pasillo principal');
INSERT INTO sku (idsku, codigo, idcategoria, idestado, precioactual, fecharegistro, garantia, detalleubicacion) VALUES (24, '207-21-7725', 4, 1, 10500, '1997-01-03', 3, 'Pasillo principal');
INSERT INTO sku (idsku, codigo, idcategoria, idestado, precioactual, fecharegistro, garantia, detalleubicacion) VALUES (25, '697-31-3597', 4, 1, 47000, '1977-12-02', 12, 'Mostrador');
SET IDENTITY_INSERT sku OFF

SET IDENTITY_INSERT proveedor ON
INSERT INTO proveedor (idproveedor, nombre, idestado) VALUES (1, 'Mitchell, Wilson and Mendoza', 1);
INSERT INTO proveedor (idproveedor, nombre, idestado) VALUES (2, 'Wiley, Frederick and Delgado', 1);
INSERT INTO proveedor (idproveedor, nombre, idestado) VALUES (3, 'Clark PLC', 2);
INSERT INTO proveedor (idproveedor, nombre, idestado) VALUES (4, 'Charles Ltd', 1);
INSERT INTO proveedor (idproveedor, nombre, idestado) VALUES (5, 'Stephens, Jones and Whitaker', 1);
INSERT INTO proveedor (idproveedor, nombre, idestado) VALUES (6, 'Johnson PLC', 2);
INSERT INTO proveedor (idproveedor, nombre, idestado) VALUES (7, 'Mitchell-Flynn', 2);
INSERT INTO proveedor (idproveedor, nombre, idestado) VALUES (8, 'Beasley, Raymond and Buckley', 2);
INSERT INTO proveedor (idproveedor, nombre, idestado) VALUES (9, 'Hines Inc', 2);
INSERT INTO proveedor (idproveedor, nombre, idestado) VALUES (10, 'Gomez, Munoz and Watkins', 2);
SET IDENTITY_INSERT proveedor OFF

SET IDENTITY_INSERT pedido ON
INSERT INTO pedido (idpedido, fecha, idproveedor, idencargado) VALUES (1, '2014-09-12', 4, 11);
INSERT INTO pedido (idpedido, fecha, idproveedor, idencargado) VALUES (2, '1977-07-13', 2, 4);
INSERT INTO pedido (idpedido, fecha, idproveedor, idencargado) VALUES (3, '1993-10-18', 3, 5);
INSERT INTO pedido (idpedido, fecha, idproveedor, idencargado) VALUES (4, '1975-04-28', 3, 2);
INSERT INTO pedido (idpedido, fecha, idproveedor, idencargado) VALUES (5, '1981-12-03', 5, 15);
INSERT INTO pedido (idpedido, fecha, idproveedor, idencargado) VALUES (6, '2001-07-08', 4, 12);
INSERT INTO pedido (idpedido, fecha, idproveedor, idencargado) VALUES (7, '1993-07-25', 8, 7);
INSERT INTO pedido (idpedido, fecha, idproveedor, idencargado) VALUES (8, '1979-03-09', 5, 6);
INSERT INTO pedido (idpedido, fecha, idproveedor, idencargado) VALUES (9, '1978-12-16', 2, 10);
INSERT INTO pedido (idpedido, fecha, idproveedor, idencargado) VALUES (10, '2012-04-01', 8, 7);
INSERT INTO pedido (idpedido, fecha, idproveedor, idencargado) VALUES (11, '1997-09-13', 9, 11);
INSERT INTO pedido (idpedido, fecha, idproveedor, idencargado) VALUES (12, '1999-09-26', 7, 11);
INSERT INTO pedido (idpedido, fecha, idproveedor, idencargado) VALUES (13, '1975-02-12', 5, 4);
INSERT INTO pedido (idpedido, fecha, idproveedor, idencargado) VALUES (14, '1989-04-25', 5, 3);
INSERT INTO pedido (idpedido, fecha, idproveedor, idencargado) VALUES (15, '2004-06-29', 10, 8);
INSERT INTO pedido (idpedido, fecha, idproveedor, idencargado) VALUES (16, '1993-12-05', 8, 1);
INSERT INTO pedido (idpedido, fecha, idproveedor, idencargado) VALUES (17, '2006-05-12', 3, 8);
INSERT INTO pedido (idpedido, fecha, idproveedor, idencargado) VALUES (18, '2008-11-08', 6, 15);
INSERT INTO pedido (idpedido, fecha, idproveedor, idencargado) VALUES (19, '1973-11-13', 3, 12);
INSERT INTO pedido (idpedido, fecha, idproveedor, idencargado) VALUES (20, '2007-02-06', 7, 4);
INSERT INTO pedido (idpedido, fecha, idproveedor, idencargado) VALUES (21, '1984-02-16', 10, 13);
INSERT INTO pedido (idpedido, fecha, idproveedor, idencargado) VALUES (22, '2016-07-09', 8, 2);
INSERT INTO pedido (idpedido, fecha, idproveedor, idencargado) VALUES (23, '1978-11-18', 3, 13);
INSERT INTO pedido (idpedido, fecha, idproveedor, idencargado) VALUES (24, '2015-05-20', 8, 14);
INSERT INTO pedido (idpedido, fecha, idproveedor, idencargado) VALUES (25, '1992-04-26', 8, 7);
INSERT INTO pedido (idpedido, fecha, idproveedor, idencargado) VALUES (26, '2002-12-17', 7, 14);
INSERT INTO pedido (idpedido, fecha, idproveedor, idencargado) VALUES (27, '1972-06-11', 1, 10);
INSERT INTO pedido (idpedido, fecha, idproveedor, idencargado) VALUES (28, '1996-02-16', 1, 13);
INSERT INTO pedido (idpedido, fecha, idproveedor, idencargado) VALUES (29, '1998-08-25', 10, 9);
INSERT INTO pedido (idpedido, fecha, idproveedor, idencargado) VALUES (30, '1996-10-14', 3, 8);
SET IDENTITY_INSERT pedido OFF

SET IDENTITY_INSERT estadoarticulo ON
INSERT INTO estadoarticulo (idestadoarticulo, nombre) VALUES (1, 'Bodega');
INSERT INTO estadoarticulo (idestadoarticulo, nombre) VALUES (2, 'Tienda');
INSERT INTO estadoarticulo (idestadoarticulo, nombre) VALUES (3, 'Vendido');
INSERT INTO estadoarticulo (idestadoarticulo, nombre) VALUES (4, 'Garantía');
SET IDENTITY_INSERT estadoarticulo OFF

SET IDENTITY_INSERT articulo ON
INSERT INTO articulo (idarticulo, idsku, codigo, costo, idpedido, idestadoarticulo, idsucursal) VALUES (1145, 19, '713-99-2139', 1500, 5, 3, null);
INSERT INTO articulo (idarticulo, idsku, codigo, costo, idpedido, idestadoarticulo, idsucursal) VALUES (1046, 5, '118-96-9718', 3000, 24, 3, null);
INSERT INTO articulo (idarticulo, idsku, codigo, costo, idpedido, idestadoarticulo, idsucursal) VALUES (1496, 15, '408-97-7802', 2500, 14, 3, null);
INSERT INTO articulo (idarticulo, idsku, codigo, costo, idpedido, idestadoarticulo, idsucursal) VALUES (977, 18, '207-60-8468', 1000, 10, 3, null);
INSERT INTO articulo (idarticulo, idsku, codigo, costo, idpedido, idestadoarticulo, idsucursal) VALUES (774, 23, '208-51-7514', 3500, 28, 3, null);
INSERT INTO articulo (idarticulo, idsku, codigo, costo, idpedido, idestadoarticulo, idsucursal) VALUES (1434, 19, '782-27-0207', 5000, 2, 3, null);
INSERT INTO articulo (idarticulo, idsku, codigo, costo, idpedido, idestadoarticulo, idsucursal) VALUES (482, 18, '378-86-7795', 9000, 6, 3, null);
INSERT INTO articulo (idarticulo, idsku, codigo, costo, idpedido, idestadoarticulo, idsucursal) VALUES (1677, 19, '350-37-8528', 7500, 7, 3, null);
INSERT INTO articulo (idarticulo, idsku, codigo, costo, idpedido, idestadoarticulo, idsucursal) VALUES (32, 2, '492-30-3224', 5500, 5, 3, 2);
INSERT INTO articulo (idarticulo, idsku, codigo, costo, idpedido, idestadoarticulo, idsucursal) VALUES (1829, 25, '264-31-3933', 5500, 18, 3, null);
INSERT INTO articulo (idarticulo, idsku, codigo, costo, idpedido, idestadoarticulo, idsucursal) VALUES (708, 2, '116-61-4205', 4500, 8, 3, null);
INSERT INTO articulo (idarticulo, idsku, codigo, costo, idpedido, idestadoarticulo, idsucursal) VALUES (117, 12, '572-02-4246', 500, 29, 3, 3);
INSERT INTO articulo (idarticulo, idsku, codigo, costo, idpedido, idestadoarticulo, idsucursal) VALUES (1667, 21, '535-78-1351', 4500, 10, 3, null);
INSERT INTO articulo (idarticulo, idsku, codigo, costo, idpedido, idestadoarticulo, idsucursal) VALUES (1801, 1, '652-93-8511', 9500, 4, 3, null);
INSERT INTO articulo (idarticulo, idsku, codigo, costo, idpedido, idestadoarticulo, idsucursal) VALUES (1488, 8, '559-01-6816', 1000, 6, 3, null);
INSERT INTO articulo (idarticulo, idsku, codigo, costo, idpedido, idestadoarticulo, idsucursal) VALUES (102, 25, '695-39-7110', 7500, 15, 3, null);
INSERT INTO articulo (idarticulo, idsku, codigo, costo, idpedido, idestadoarticulo, idsucursal) VALUES (1106, 3, '432-73-3805', 8500, 15, 3, null);
INSERT INTO articulo (idarticulo, idsku, codigo, costo, idpedido, idestadoarticulo, idsucursal) VALUES (1583, 18, '541-03-2783', 7000, 3, 3, null);
INSERT INTO articulo (idarticulo, idsku, codigo, costo, idpedido, idestadoarticulo, idsucursal) VALUES (1517, 11, '023-28-4960', 500, 7, 3, null);
INSERT INTO articulo (idarticulo, idsku, codigo, costo, idpedido, idestadoarticulo, idsucursal) VALUES (1116, 11, '885-48-1270', 5000, 5, 3, null);
INSERT INTO articulo (idarticulo, idsku, codigo, costo, idpedido, idestadoarticulo, idsucursal) VALUES (1930, 14, '836-25-3391', 5500, 23, 3, null);
INSERT INTO articulo (idarticulo, idsku, codigo, costo, idpedido, idestadoarticulo, idsucursal) VALUES (793, 11, '497-57-7529', 5000, 12, 3, null);
INSERT INTO articulo (idarticulo, idsku, codigo, costo, idpedido, idestadoarticulo, idsucursal) VALUES (120, 9, '609-82-7597', 2500, 9, 3, null);
INSERT INTO articulo (idarticulo, idsku, codigo, costo, idpedido, idestadoarticulo, idsucursal) VALUES (103, 11, '198-72-6936', 7000, 18, 3, null);
INSERT INTO articulo (idarticulo, idsku, codigo, costo, idpedido, idestadoarticulo, idsucursal) VALUES (35, 25, '699-86-5656', 5500, 1, 1, null);
INSERT INTO articulo (idarticulo, idsku, codigo, costo, idpedido, idestadoarticulo, idsucursal) VALUES (46, 25, '629-81-5397', 8500, 13, 1, null);
INSERT INTO articulo (idarticulo, idsku, codigo, costo, idpedido, idestadoarticulo, idsucursal) VALUES (49, 25, '766-75-3362', 2000, 20, 1, null);
INSERT INTO articulo (idarticulo, idsku, codigo, costo, idpedido, idestadoarticulo, idsucursal) VALUES (73, 10, '633-25-9910', 2000, 5, 1, null);
INSERT INTO articulo (idarticulo, idsku, codigo, costo, idpedido, idestadoarticulo, idsucursal) VALUES (98, 13, '376-54-7306', 9000, 23, 1, null);
INSERT INTO articulo (idarticulo, idsku, codigo, costo, idpedido, idestadoarticulo, idsucursal) VALUES (104, 13, '629-56-2279', 1000, 29, 1, null);
INSERT INTO articulo (idarticulo, idsku, codigo, costo, idpedido, idestadoarticulo, idsucursal) VALUES (108, 10, '807-18-6771', 4000, 12, 1, null);
INSERT INTO articulo (idarticulo, idsku, codigo, costo, idpedido, idestadoarticulo, idsucursal) VALUES (123, 4, '578-24-7190', 500, 23, 1, null);
INSERT INTO articulo (idarticulo, idsku, codigo, costo, idpedido, idestadoarticulo, idsucursal) VALUES (125, 13, '317-36-6068', 7500, 1, 1, null);
INSERT INTO articulo (idarticulo, idsku, codigo, costo, idpedido, idestadoarticulo, idsucursal) VALUES (127, 25, '888-60-9457', 8000, 8, 1, null);
INSERT INTO articulo (idarticulo, idsku, codigo, costo, idpedido, idestadoarticulo, idsucursal) VALUES (128, 14, '766-18-3376', 4000, 2, 1, null);
INSERT INTO articulo (idarticulo, idsku, codigo, costo, idpedido, idestadoarticulo, idsucursal) VALUES (129, 14, '856-79-7795', 7500, 20, 1, null);
INSERT INTO articulo (idarticulo, idsku, codigo, costo, idpedido, idestadoarticulo, idsucursal) VALUES (130, 9, '576-83-8706', 6500, 14, 1, null);
INSERT INTO articulo (idarticulo, idsku, codigo, costo, idpedido, idestadoarticulo, idsucursal) VALUES (131, 1, '104-71-6427', 4500, 8, 1, null);
INSERT INTO articulo (idarticulo, idsku, codigo, costo, idpedido, idestadoarticulo, idsucursal) VALUES (133, 8, '831-25-5746', 500, 23, 1, null);
INSERT INTO articulo (idarticulo, idsku, codigo, costo, idpedido, idestadoarticulo, idsucursal) VALUES (134, 4, '145-80-9452', 9500, 5, 1, null);
INSERT INTO articulo (idarticulo, idsku, codigo, costo, idpedido, idestadoarticulo, idsucursal) VALUES (136, 8, '563-21-9678', 1500, 26, 1, null);
INSERT INTO articulo (idarticulo, idsku, codigo, costo, idpedido, idestadoarticulo, idsucursal) VALUES (137, 11, '401-47-3436', 1500, 27, 1, null);
INSERT INTO articulo (idarticulo, idsku, codigo, costo, idpedido, idestadoarticulo, idsucursal) VALUES (258, 3, '036-22-8105', 1000, 27, 3, null);
INSERT INTO articulo (idarticulo, idsku, codigo, costo, idpedido, idestadoarticulo, idsucursal) VALUES (139, 25, '048-10-7398', 3500, 21, 1, null);
INSERT INTO articulo (idarticulo, idsku, codigo, costo, idpedido, idestadoarticulo, idsucursal) VALUES (178, 13, '236-81-2282', 2500, 22, 3, null);
INSERT INTO articulo (idarticulo, idsku, codigo, costo, idpedido, idestadoarticulo, idsucursal) VALUES (141, 23, '207-20-4760', 1000, 18, 1, null);
INSERT INTO articulo (idarticulo, idsku, codigo, costo, idpedido, idestadoarticulo, idsucursal) VALUES (142, 13, '178-30-2725', 2000, 30, 1, null);
INSERT INTO articulo (idarticulo, idsku, codigo, costo, idpedido, idestadoarticulo, idsucursal) VALUES (1256, 5, '546-88-3395', 7500, 13, 3, null);
INSERT INTO articulo (idarticulo, idsku, codigo, costo, idpedido, idestadoarticulo, idsucursal) VALUES (221, 5, '112-33-6127', 8500, 21, 3, null);
INSERT INTO articulo (idarticulo, idsku, codigo, costo, idpedido, idestadoarticulo, idsucursal) VALUES (145, 1, '667-54-9181', 5500, 6, 1, null);
INSERT INTO articulo (idarticulo, idsku, codigo, costo, idpedido, idestadoarticulo, idsucursal) VALUES (180, 5, '236-23-8517', 4000, 22, 3, null);
INSERT INTO articulo (idarticulo, idsku, codigo, costo, idpedido, idestadoarticulo, idsucursal) VALUES (147, 11, '594-68-0924', 6500, 19, 1, null);
INSERT INTO articulo (idarticulo, idsku, codigo, costo, idpedido, idestadoarticulo, idsucursal) VALUES (262, 6, '677-07-8723', 3500, 4, 3, null);
INSERT INTO articulo (idarticulo, idsku, codigo, costo, idpedido, idestadoarticulo, idsucursal) VALUES (149, 17, '520-77-8404', 6000, 29, 1, null);
INSERT INTO articulo (idarticulo, idsku, codigo, costo, idpedido, idestadoarticulo, idsucursal) VALUES (1077, 12, '405-29-8937', 9500, 17, 3, null);
INSERT INTO articulo (idarticulo, idsku, codigo, costo, idpedido, idestadoarticulo, idsucursal) VALUES (151, 23, '425-77-5802', 9000, 11, 1, null);
INSERT INTO articulo (idarticulo, idsku, codigo, costo, idpedido, idestadoarticulo, idsucursal) VALUES (667, 12, '364-86-5684', 2000, 1, 3, null);
INSERT INTO articulo (idarticulo, idsku, codigo, costo, idpedido, idestadoarticulo, idsucursal) VALUES (556, 13, '576-22-1933', 4500, 26, 3, null);
INSERT INTO articulo (idarticulo, idsku, codigo, costo, idpedido, idestadoarticulo, idsucursal) VALUES (155, 4, '126-40-7456', 7500, 14, 1, null);
INSERT INTO articulo (idarticulo, idsku, codigo, costo, idpedido, idestadoarticulo, idsucursal) VALUES (195, 19, '090-36-3006', 5000, 24, 3, null);
INSERT INTO articulo (idarticulo, idsku, codigo, costo, idpedido, idestadoarticulo, idsucursal) VALUES (1144, 18, '338-58-8636', 8500, 25, 3, null);
INSERT INTO articulo (idarticulo, idsku, codigo, costo, idpedido, idestadoarticulo, idsucursal) VALUES (1972, 11, '886-97-1886', 8000, 4, 3, null);
INSERT INTO articulo (idarticulo, idsku, codigo, costo, idpedido, idestadoarticulo, idsucursal) VALUES (159, 13, '707-69-2572', 2500, 15, 1, null);
INSERT INTO articulo (idarticulo, idsku, codigo, costo, idpedido, idestadoarticulo, idsucursal) VALUES (1129, 1, '500-57-0112', 3500, 16, 3, null);
INSERT INTO articulo (idarticulo, idsku, codigo, costo, idpedido, idestadoarticulo, idsucursal) VALUES (1326, 5, '119-17-8136', 1500, 30, 3, null);
INSERT INTO articulo (idarticulo, idsku, codigo, costo, idpedido, idestadoarticulo, idsucursal) VALUES (162, 13, '870-18-5233', 5000, 3, 1, null);
INSERT INTO articulo (idarticulo, idsku, codigo, costo, idpedido, idestadoarticulo, idsucursal) VALUES (163, 10, '420-64-6120', 4000, 26, 1, null);
INSERT INTO articulo (idarticulo, idsku, codigo, costo, idpedido, idestadoarticulo, idsucursal) VALUES (1777, 19, '574-83-7411', 9500, 26, 3, null);
INSERT INTO articulo (idarticulo, idsku, codigo, costo, idpedido, idestadoarticulo, idsucursal) VALUES (165, 14, '351-18-2803', 500, 15, 1, null);
INSERT INTO articulo (idarticulo, idsku, codigo, costo, idpedido, idestadoarticulo, idsucursal) VALUES (1858, 16, '018-90-4567', 9000, 5, 3, null);
INSERT INTO articulo (idarticulo, idsku, codigo, costo, idpedido, idestadoarticulo, idsucursal) VALUES (167, 9, '151-20-6914', 2000, 12, 1, null);
INSERT INTO articulo (idarticulo, idsku, codigo, costo, idpedido, idestadoarticulo, idsucursal) VALUES (168, 11, '255-22-5383', 7500, 13, 1, null);
INSERT INTO articulo (idarticulo, idsku, codigo, costo, idpedido, idestadoarticulo, idsucursal) VALUES (169, 3, '831-77-8233', 1500, 22, 1, null);
INSERT INTO articulo (idarticulo, idsku, codigo, costo, idpedido, idestadoarticulo, idsucursal) VALUES (170, 23, '216-69-1440', 3500, 5, 1, null);
INSERT INTO articulo (idarticulo, idsku, codigo, costo, idpedido, idestadoarticulo, idsucursal) VALUES (171, 4, '769-61-1108', 8000, 18, 1, null);
INSERT INTO articulo (idarticulo, idsku, codigo, costo, idpedido, idestadoarticulo, idsucursal) VALUES (220, 10, '393-55-8393', 7000, 16, 3, null);
INSERT INTO articulo (idarticulo, idsku, codigo, costo, idpedido, idestadoarticulo, idsucursal) VALUES (250, 4, '646-31-9731', 1000, 7, 3, null);
INSERT INTO articulo (idarticulo, idsku, codigo, costo, idpedido, idestadoarticulo, idsucursal) VALUES (174, 17, '168-93-2101', 6500, 15, 1, null);
INSERT INTO articulo (idarticulo, idsku, codigo, costo, idpedido, idestadoarticulo, idsucursal) VALUES (218, 5, '144-47-3839', 500, 20, 3, null);
INSERT INTO articulo (idarticulo, idsku, codigo, costo, idpedido, idestadoarticulo, idsucursal) VALUES (177, 14, '093-78-7376', 7500, 28, 1, null);
INSERT INTO articulo (idarticulo, idsku, codigo, costo, idpedido, idestadoarticulo, idsucursal) VALUES (179, 4, '831-61-0320', 7000, 18, 1, null);
INSERT INTO articulo (idarticulo, idsku, codigo, costo, idpedido, idestadoarticulo, idsucursal) VALUES (181, 20, '205-63-9985', 9000, 13, 1, null);
INSERT INTO articulo (idarticulo, idsku, codigo, costo, idpedido, idestadoarticulo, idsucursal) VALUES (182, 4, '355-68-6320', 7500, 19, 1, null);
INSERT INTO articulo (idarticulo, idsku, codigo, costo, idpedido, idestadoarticulo, idsucursal) VALUES (183, 1, '610-24-2495', 5000, 9, 1, null);
INSERT INTO articulo (idarticulo, idsku, codigo, costo, idpedido, idestadoarticulo, idsucursal) VALUES (209, 6, '211-01-5813', 5500, 13, 3, null);
INSERT INTO articulo (idarticulo, idsku, codigo, costo, idpedido, idestadoarticulo, idsucursal) VALUES (176, 19, '466-87-7182', 5000, 26, 3, null);
INSERT INTO articulo (idarticulo, idsku, codigo, costo, idpedido, idestadoarticulo, idsucursal) VALUES (186, 20, '642-05-7327', 2000, 24, 1, null);
INSERT INTO articulo (idarticulo, idsku, codigo, costo, idpedido, idestadoarticulo, idsucursal) VALUES (187, 9, '348-62-0882', 1000, 27, 1, null);
INSERT INTO articulo (idarticulo, idsku, codigo, costo, idpedido, idestadoarticulo, idsucursal) VALUES (188, 25, '303-39-7670', 2500, 15, 1, null);
INSERT INTO articulo (idarticulo, idsku, codigo, costo, idpedido, idestadoarticulo, idsucursal) VALUES (230, 10, '857-02-0794', 9500, 28, 3, null);
INSERT INTO articulo (idarticulo, idsku, codigo, costo, idpedido, idestadoarticulo, idsucursal) VALUES (190, 11, '257-25-8802', 3500, 25, 1, null);
INSERT INTO articulo (idarticulo, idsku, codigo, costo, idpedido, idestadoarticulo, idsucursal) VALUES (191, 3, '227-88-5430', 7000, 27, 1, null);
INSERT INTO articulo (idarticulo, idsku, codigo, costo, idpedido, idestadoarticulo, idsucursal) VALUES (192, 13, '770-16-6809', 1500, 4, 1, null);
INSERT INTO articulo (idarticulo, idsku, codigo, costo, idpedido, idestadoarticulo, idsucursal) VALUES (153, 3, '753-09-7936', 5500, 16, 3, null);
INSERT INTO articulo (idarticulo, idsku, codigo, costo, idpedido, idestadoarticulo, idsucursal) VALUES (194, 12, '736-17-9232', 2000, 29, 1, null);
INSERT INTO articulo (idarticulo, idsku, codigo, costo, idpedido, idestadoarticulo, idsucursal) VALUES (196, 12, '730-52-5771', 2500, 26, 1, null);
INSERT INTO articulo (idarticulo, idsku, codigo, costo, idpedido, idestadoarticulo, idsucursal) VALUES (197, 10, '812-31-4667', 6000, 18, 1, null);
INSERT INTO articulo (idarticulo, idsku, codigo, costo, idpedido, idestadoarticulo, idsucursal) VALUES (198, 19, '290-80-8595', 3000, 30, 1, null);
INSERT INTO articulo (idarticulo, idsku, codigo, costo, idpedido, idestadoarticulo, idsucursal) VALUES (199, 19, '449-14-4050', 8500, 18, 1, null);
INSERT INTO articulo (idarticulo, idsku, codigo, costo, idpedido, idestadoarticulo, idsucursal) VALUES (201, 9, '245-24-1327', 9000, 15, 1, null);
INSERT INTO articulo (idarticulo, idsku, codigo, costo, idpedido, idestadoarticulo, idsucursal) VALUES (202, 5, '603-23-0298', 8000, 5, 1, null);
INSERT INTO articulo (idarticulo, idsku, codigo, costo, idpedido, idestadoarticulo, idsucursal) VALUES (203, 6, '041-02-0126', 6000, 23, 1, null);
INSERT INTO articulo (idarticulo, idsku, codigo, costo, idpedido, idestadoarticulo, idsucursal) VALUES (204, 4, '520-35-9255', 3000, 24, 1, null);
INSERT INTO articulo (idarticulo, idsku, codigo, costo, idpedido, idestadoarticulo, idsucursal) VALUES (205, 23, '789-74-1865', 8500, 23, 1, null);
INSERT INTO articulo (idarticulo, idsku, codigo, costo, idpedido, idestadoarticulo, idsucursal) VALUES (206, 3, '538-48-5806', 5000, 12, 1, null);
INSERT INTO articulo (idarticulo, idsku, codigo, costo, idpedido, idestadoarticulo, idsucursal) VALUES (207, 21, '281-89-9271', 6000, 22, 1, null);
INSERT INTO articulo (idarticulo, idsku, codigo, costo, idpedido, idestadoarticulo, idsucursal) VALUES (208, 6, '553-36-4869', 2500, 10, 1, null);
INSERT INTO articulo (idarticulo, idsku, codigo, costo, idpedido, idestadoarticulo, idsucursal) VALUES (210, 10, '649-40-2492', 6000, 23, 1, null);
INSERT INTO articulo (idarticulo, idsku, codigo, costo, idpedido, idestadoarticulo, idsucursal) VALUES (212, 11, '282-92-0358', 8500, 1, 1, null);
INSERT INTO articulo (idarticulo, idsku, codigo, costo, idpedido, idestadoarticulo, idsucursal) VALUES (213, 6, '019-45-2875', 4000, 30, 1, null);
INSERT INTO articulo (idarticulo, idsku, codigo, costo, idpedido, idestadoarticulo, idsucursal) VALUES (214, 3, '233-98-2471', 5500, 2, 1, null);
INSERT INTO articulo (idarticulo, idsku, codigo, costo, idpedido, idestadoarticulo, idsucursal) VALUES (215, 3, '064-19-0968', 5500, 25, 1, null);
INSERT INTO articulo (idarticulo, idsku, codigo, costo, idpedido, idestadoarticulo, idsucursal) VALUES (216, 6, '658-52-8544', 7500, 12, 1, null);
INSERT INTO articulo (idarticulo, idsku, codigo, costo, idpedido, idestadoarticulo, idsucursal) VALUES (217, 13, '294-42-7376', 9500, 24, 1, null);
INSERT INTO articulo (idarticulo, idsku, codigo, costo, idpedido, idestadoarticulo, idsucursal) VALUES (219, 21, '374-76-6540', 7500, 22, 1, null);
INSERT INTO articulo (idarticulo, idsku, codigo, costo, idpedido, idestadoarticulo, idsucursal) VALUES (223, 6, '444-46-0079', 7000, 23, 1, null);
INSERT INTO articulo (idarticulo, idsku, codigo, costo, idpedido, idestadoarticulo, idsucursal) VALUES (224, 16, '504-03-1006', 7500, 8, 1, null);
INSERT INTO articulo (idarticulo, idsku, codigo, costo, idpedido, idestadoarticulo, idsucursal) VALUES (225, 11, '291-79-7836', 7000, 16, 1, null);
INSERT INTO articulo (idarticulo, idsku, codigo, costo, idpedido, idestadoarticulo, idsucursal) VALUES (226, 14, '464-64-7736', 2000, 29, 1, null);
INSERT INTO articulo (idarticulo, idsku, codigo, costo, idpedido, idestadoarticulo, idsucursal) VALUES (227, 15, '297-56-4777', 9000, 21, 1, null);
INSERT INTO articulo (idarticulo, idsku, codigo, costo, idpedido, idestadoarticulo, idsucursal) VALUES (228, 15, '380-55-4064', 6000, 13, 1, null);
INSERT INTO articulo (idarticulo, idsku, codigo, costo, idpedido, idestadoarticulo, idsucursal) VALUES (229, 14, '528-36-0274', 2000, 12, 1, null);
INSERT INTO articulo (idarticulo, idsku, codigo, costo, idpedido, idestadoarticulo, idsucursal) VALUES (232, 23, '002-40-9203', 1000, 1, 1, null);
INSERT INTO articulo (idarticulo, idsku, codigo, costo, idpedido, idestadoarticulo, idsucursal) VALUES (233, 12, '116-59-8900', 8500, 7, 1, null);
INSERT INTO articulo (idarticulo, idsku, codigo, costo, idpedido, idestadoarticulo, idsucursal) VALUES (234, 23, '846-27-4184', 3500, 19, 1, null);
INSERT INTO articulo (idarticulo, idsku, codigo, costo, idpedido, idestadoarticulo, idsucursal) VALUES (235, 23, '235-06-9878', 9500, 8, 1, null);
INSERT INTO articulo (idarticulo, idsku, codigo, costo, idpedido, idestadoarticulo, idsucursal) VALUES (236, 20, '819-09-9155', 4000, 1, 1, null);
INSERT INTO articulo (idarticulo, idsku, codigo, costo, idpedido, idestadoarticulo, idsucursal) VALUES (237, 17, '844-23-9911', 5500, 28, 1, null);
INSERT INTO articulo (idarticulo, idsku, codigo, costo, idpedido, idestadoarticulo, idsucursal) VALUES (238, 21, '804-23-9231', 500, 19, 1, null);
INSERT INTO articulo (idarticulo, idsku, codigo, costo, idpedido, idestadoarticulo, idsucursal) VALUES (239, 16, '682-30-9689', 7500, 24, 1, null);
INSERT INTO articulo (idarticulo, idsku, codigo, costo, idpedido, idestadoarticulo, idsucursal) VALUES (240, 23, '784-90-8118', 4500, 29, 1, null);
INSERT INTO articulo (idarticulo, idsku, codigo, costo, idpedido, idestadoarticulo, idsucursal) VALUES (241, 9, '592-45-1095', 7000, 30, 1, null);
INSERT INTO articulo (idarticulo, idsku, codigo, costo, idpedido, idestadoarticulo, idsucursal) VALUES (242, 3, '367-64-9582', 8000, 2, 1, null);
INSERT INTO articulo (idarticulo, idsku, codigo, costo, idpedido, idestadoarticulo, idsucursal) VALUES (244, 15, '849-28-7626', 2500, 30, 1, null);
INSERT INTO articulo (idarticulo, idsku, codigo, costo, idpedido, idestadoarticulo, idsucursal) VALUES (246, 15, '714-76-6255', 5000, 15, 1, null);
INSERT INTO articulo (idarticulo, idsku, codigo, costo, idpedido, idestadoarticulo, idsucursal) VALUES (248, 9, '296-66-4692', 1500, 27, 1, null);
INSERT INTO articulo (idarticulo, idsku, codigo, costo, idpedido, idestadoarticulo, idsucursal) VALUES (249, 16, '528-66-1818', 4000, 5, 1, null);
INSERT INTO articulo (idarticulo, idsku, codigo, costo, idpedido, idestadoarticulo, idsucursal) VALUES (251, 10, '351-08-8420', 2000, 2, 1, null);
INSERT INTO articulo (idarticulo, idsku, codigo, costo, idpedido, idestadoarticulo, idsucursal) VALUES (252, 13, '315-89-2337', 6000, 15, 1, null);
INSERT INTO articulo (idarticulo, idsku, codigo, costo, idpedido, idestadoarticulo, idsucursal) VALUES (253, 17, '132-41-6349', 8500, 25, 1, null);
INSERT INTO articulo (idarticulo, idsku, codigo, costo, idpedido, idestadoarticulo, idsucursal) VALUES (254, 10, '762-46-7646', 8500, 23, 1, null);
INSERT INTO articulo (idarticulo, idsku, codigo, costo, idpedido, idestadoarticulo, idsucursal) VALUES (255, 4, '816-77-4541', 8500, 3, 1, null);
INSERT INTO articulo (idarticulo, idsku, codigo, costo, idpedido, idestadoarticulo, idsucursal) VALUES (257, 15, '613-74-1928', 500, 20, 1, null);
INSERT INTO articulo (idarticulo, idsku, codigo, costo, idpedido, idestadoarticulo, idsucursal) VALUES (260, 20, '793-64-8510', 1000, 26, 1, null);
INSERT INTO articulo (idarticulo, idsku, codigo, costo, idpedido, idestadoarticulo, idsucursal) VALUES (261, 11, '560-11-1755', 6500, 8, 1, null);
INSERT INTO articulo (idarticulo, idsku, codigo, costo, idpedido, idestadoarticulo, idsucursal) VALUES (263, 20, '654-37-4982', 8500, 7, 1, null);
INSERT INTO articulo (idarticulo, idsku, codigo, costo, idpedido, idestadoarticulo, idsucursal) VALUES (264, 3, '513-01-5900', 6500, 16, 1, null);
INSERT INTO articulo (idarticulo, idsku, codigo, costo, idpedido, idestadoarticulo, idsucursal) VALUES (266, 21, '180-16-8153', 1000, 28, 1, null);
INSERT INTO articulo (idarticulo, idsku, codigo, costo, idpedido, idestadoarticulo, idsucursal) VALUES (267, 21, '735-83-1522', 1000, 25, 1, null);
INSERT INTO articulo (idarticulo, idsku, codigo, costo, idpedido, idestadoarticulo, idsucursal) VALUES (268, 1, '246-34-5100', 7500, 10, 1, null);
INSERT INTO articulo (idarticulo, idsku, codigo, costo, idpedido, idestadoarticulo, idsucursal) VALUES (269, 23, '213-45-1020', 9500, 12, 1, null);
INSERT INTO articulo (idarticulo, idsku, codigo, costo, idpedido, idestadoarticulo, idsucursal) VALUES (270, 5, '244-12-9365', 9500, 18, 1, null);
INSERT INTO articulo (idarticulo, idsku, codigo, costo, idpedido, idestadoarticulo, idsucursal) VALUES (271, 10, '580-41-5648', 2000, 20, 1, null);
INSERT INTO articulo (idarticulo, idsku, codigo, costo, idpedido, idestadoarticulo, idsucursal) VALUES (272, 14, '580-67-3035', 5000, 26, 1, null);
INSERT INTO articulo (idarticulo, idsku, codigo, costo, idpedido, idestadoarticulo, idsucursal) VALUES (273, 1, '423-07-5562', 1500, 28, 1, null);
INSERT INTO articulo (idarticulo, idsku, codigo, costo, idpedido, idestadoarticulo, idsucursal) VALUES (363, 8, '893-09-6481', 9500, 10, 3, null);
INSERT INTO articulo (idarticulo, idsku, codigo, costo, idpedido, idestadoarticulo, idsucursal) VALUES (275, 16, '520-63-5895', 5500, 10, 1, null);
INSERT INTO articulo (idarticulo, idsku, codigo, costo, idpedido, idestadoarticulo, idsucursal) VALUES (327, 1, '133-14-9475', 500, 22, 3, null);
INSERT INTO articulo (idarticulo, idsku, codigo, costo, idpedido, idestadoarticulo, idsucursal) VALUES (277, 9, '756-65-5759', 500, 22, 1, null);
INSERT INTO articulo (idarticulo, idsku, codigo, costo, idpedido, idestadoarticulo, idsucursal) VALUES (372, 25, '435-41-1567', 6500, 20, 3, null);
INSERT INTO articulo (idarticulo, idsku, codigo, costo, idpedido, idestadoarticulo, idsucursal) VALUES (280, 14, '065-98-6488', 7000, 14, 1, null);
INSERT INTO articulo (idarticulo, idsku, codigo, costo, idpedido, idestadoarticulo, idsucursal) VALUES (281, 9, '621-35-4867', 8000, 8, 1, null);
INSERT INTO articulo (idarticulo, idsku, codigo, costo, idpedido, idestadoarticulo, idsucursal) VALUES (282, 17, '685-50-9316', 7500, 28, 1, null);
INSERT INTO articulo (idarticulo, idsku, codigo, costo, idpedido, idestadoarticulo, idsucursal) VALUES (284, 22, '616-40-5173', 4500, 16, 1, null);
INSERT INTO articulo (idarticulo, idsku, codigo, costo, idpedido, idestadoarticulo, idsucursal) VALUES (285, 6, '492-04-1594', 4000, 9, 1, null);
INSERT INTO articulo (idarticulo, idsku, codigo, costo, idpedido, idestadoarticulo, idsucursal) VALUES (286, 24, '680-71-9810', 6000, 24, 1, null);
INSERT INTO articulo (idarticulo, idsku, codigo, costo, idpedido, idestadoarticulo, idsucursal) VALUES (287, 9, '840-66-4043', 500, 6, 1, null);
INSERT INTO articulo (idarticulo, idsku, codigo, costo, idpedido, idestadoarticulo, idsucursal) VALUES (288, 12, '348-55-5330', 5000, 19, 1, null);
INSERT INTO articulo (idarticulo, idsku, codigo, costo, idpedido, idestadoarticulo, idsucursal) VALUES (289, 25, '286-72-4292', 5500, 4, 1, null);
INSERT INTO articulo (idarticulo, idsku, codigo, costo, idpedido, idestadoarticulo, idsucursal) VALUES (290, 6, '071-67-5934', 2000, 19, 1, null);
INSERT INTO articulo (idarticulo, idsku, codigo, costo, idpedido, idestadoarticulo, idsucursal) VALUES (291, 15, '690-17-5830', 7500, 11, 1, null);
INSERT INTO articulo (idarticulo, idsku, codigo, costo, idpedido, idestadoarticulo, idsucursal) VALUES (292, 13, '781-79-3151', 5000, 8, 1, null);
INSERT INTO articulo (idarticulo, idsku, codigo, costo, idpedido, idestadoarticulo, idsucursal) VALUES (293, 8, '156-12-0302', 4000, 21, 1, null);
INSERT INTO articulo (idarticulo, idsku, codigo, costo, idpedido, idestadoarticulo, idsucursal) VALUES (294, 23, '103-54-0957', 4500, 9, 1, null);
INSERT INTO articulo (idarticulo, idsku, codigo, costo, idpedido, idestadoarticulo, idsucursal) VALUES (295, 6, '871-99-6883', 8500, 2, 1, null);
INSERT INTO articulo (idarticulo, idsku, codigo, costo, idpedido, idestadoarticulo, idsucursal) VALUES (1017, 23, '486-18-2839', 5500, 12, 3, null);
INSERT INTO articulo (idarticulo, idsku, codigo, costo, idpedido, idestadoarticulo, idsucursal) VALUES (297, 12, '022-96-1705', 9500, 1, 1, null);
INSERT INTO articulo (idarticulo, idsku, codigo, costo, idpedido, idestadoarticulo, idsucursal) VALUES (298, 25, '531-02-1384', 4000, 9, 1, null);
INSERT INTO articulo (idarticulo, idsku, codigo, costo, idpedido, idestadoarticulo, idsucursal) VALUES (299, 7, '006-90-0632', 9000, 18, 1, null);
INSERT INTO articulo (idarticulo, idsku, codigo, costo, idpedido, idestadoarticulo, idsucursal) VALUES (300, 19, '407-02-7993', 1500, 24, 1, null);
INSERT INTO articulo (idarticulo, idsku, codigo, costo, idpedido, idestadoarticulo, idsucursal) VALUES (301, 13, '478-32-8904', 5500, 13, 1, null);
INSERT INTO articulo (idarticulo, idsku, codigo, costo, idpedido, idestadoarticulo, idsucursal) VALUES (302, 21, '882-76-1691', 6500, 16, 1, null);
INSERT INTO articulo (idarticulo, idsku, codigo, costo, idpedido, idestadoarticulo, idsucursal) VALUES (303, 11, '639-19-8244', 1000, 14, 1, null);
INSERT INTO articulo (idarticulo, idsku, codigo, costo, idpedido, idestadoarticulo, idsucursal) VALUES (304, 6, '164-22-3253', 8000, 27, 1, null);
INSERT INTO articulo (idarticulo, idsku, codigo, costo, idpedido, idestadoarticulo, idsucursal) VALUES (89, 19, '647-04-5177', 8000, 11, 3, 1);
INSERT INTO articulo (idarticulo, idsku, codigo, costo, idpedido, idestadoarticulo, idsucursal) VALUES (306, 4, '827-48-4684', 9500, 3, 1, null);
INSERT INTO articulo (idarticulo, idsku, codigo, costo, idpedido, idestadoarticulo, idsucursal) VALUES (307, 19, '096-56-0884', 2000, 11, 1, null);
INSERT INTO articulo (idarticulo, idsku, codigo, costo, idpedido, idestadoarticulo, idsucursal) VALUES (308, 4, '664-64-1018', 9500, 19, 1, null);
INSERT INTO articulo (idarticulo, idsku, codigo, costo, idpedido, idestadoarticulo, idsucursal) VALUES (309, 11, '171-20-3152', 4500, 3, 1, null);
INSERT INTO articulo (idarticulo, idsku, codigo, costo, idpedido, idestadoarticulo, idsucursal) VALUES (310, 25, '200-36-5899', 500, 19, 1, null);
INSERT INTO articulo (idarticulo, idsku, codigo, costo, idpedido, idestadoarticulo, idsucursal) VALUES (973, 3, '222-50-1071', 8000, 6, 3, null);
INSERT INTO articulo (idarticulo, idsku, codigo, costo, idpedido, idestadoarticulo, idsucursal) VALUES (312, 6, '826-53-0695', 4000, 7, 1, null);
INSERT INTO articulo (idarticulo, idsku, codigo, costo, idpedido, idestadoarticulo, idsucursal) VALUES (313, 12, '732-60-9613', 9500, 10, 1, null);
INSERT INTO articulo (idarticulo, idsku, codigo, costo, idpedido, idestadoarticulo, idsucursal) VALUES (314, 25, '376-66-0974', 2000, 23, 1, null);
INSERT INTO articulo (idarticulo, idsku, codigo, costo, idpedido, idestadoarticulo, idsucursal) VALUES (315, 12, '071-49-1488', 6500, 3, 1, null);
INSERT INTO articulo (idarticulo, idsku, codigo, costo, idpedido, idestadoarticulo, idsucursal) VALUES (316, 25, '505-56-6070', 2000, 8, 1, null);
INSERT INTO articulo (idarticulo, idsku, codigo, costo, idpedido, idestadoarticulo, idsucursal) VALUES (317, 21, '680-61-9223', 9500, 12, 1, null);
INSERT INTO articulo (idarticulo, idsku, codigo, costo, idpedido, idestadoarticulo, idsucursal) VALUES (318, 21, '113-36-7527', 7500, 30, 1, null);
INSERT INTO articulo (idarticulo, idsku, codigo, costo, idpedido, idestadoarticulo, idsucursal) VALUES (320, 9, '646-11-1307', 5500, 1, 1, null);
INSERT INTO articulo (idarticulo, idsku, codigo, costo, idpedido, idestadoarticulo, idsucursal) VALUES (321, 17, '053-08-3549', 500, 17, 1, null);
INSERT INTO articulo (idarticulo, idsku, codigo, costo, idpedido, idestadoarticulo, idsucursal) VALUES (322, 5, '097-73-9985', 9000, 14, 1, null);
INSERT INTO articulo (idarticulo, idsku, codigo, costo, idpedido, idestadoarticulo, idsucursal) VALUES (323, 20, '161-71-9241', 3500, 20, 1, null);
INSERT INTO articulo (idarticulo, idsku, codigo, costo, idpedido, idestadoarticulo, idsucursal) VALUES (324, 17, '288-36-6927', 4000, 17, 1, null);
INSERT INTO articulo (idarticulo, idsku, codigo, costo, idpedido, idestadoarticulo, idsucursal) VALUES (326, 23, '407-58-1225', 2500, 28, 1, null);
INSERT INTO articulo (idarticulo, idsku, codigo, costo, idpedido, idestadoarticulo, idsucursal) VALUES (328, 19, '735-24-3613', 9000, 13, 1, null);
INSERT INTO articulo (idarticulo, idsku, codigo, costo, idpedido, idestadoarticulo, idsucursal) VALUES (329, 23, '840-94-8928', 4500, 1, 1, null);
INSERT INTO articulo (idarticulo, idsku, codigo, costo, idpedido, idestadoarticulo, idsucursal) VALUES (330, 13, '119-04-6801', 500, 26, 1, null);
INSERT INTO articulo (idarticulo, idsku, codigo, costo, idpedido, idestadoarticulo, idsucursal) VALUES (331, 21, '487-45-3147', 9000, 8, 1, null);
INSERT INTO articulo (idarticulo, idsku, codigo, costo, idpedido, idestadoarticulo, idsucursal) VALUES (332, 8, '063-97-5112', 4000, 5, 1, null);
INSERT INTO articulo (idarticulo, idsku, codigo, costo, idpedido, idestadoarticulo, idsucursal) VALUES (333, 1, '116-54-1880', 9500, 30, 1, null);
INSERT INTO articulo (idarticulo, idsku, codigo, costo, idpedido, idestadoarticulo, idsucursal) VALUES (334, 19, '788-22-4238', 5000, 23, 1, null);
INSERT INTO articulo (idarticulo, idsku, codigo, costo, idpedido, idestadoarticulo, idsucursal) VALUES (335, 16, '282-67-9905', 4500, 20, 1, null);
INSERT INTO articulo (idarticulo, idsku, codigo, costo, idpedido, idestadoarticulo, idsucursal) VALUES (337, 25, '518-51-7609', 6000, 15, 1, null);
INSERT INTO articulo (idarticulo, idsku, codigo, costo, idpedido, idestadoarticulo, idsucursal) VALUES (338, 25, '047-17-4165', 6000, 12, 1, null);
INSERT INTO articulo (idarticulo, idsku, codigo, costo, idpedido, idestadoarticulo, idsucursal) VALUES (339, 16, '463-70-6329', 8000, 20, 1, null);
INSERT INTO articulo (idarticulo, idsku, codigo, costo, idpedido, idestadoarticulo, idsucursal) VALUES (1817, 17, '653-59-0957', 3500, 14, 3, null);
INSERT INTO articulo (idarticulo, idsku, codigo, costo, idpedido, idestadoarticulo, idsucursal) VALUES (533, 9, '772-38-6174', 1500, 17, 3, null);
INSERT INTO articulo (idarticulo, idsku, codigo, costo, idpedido, idestadoarticulo, idsucursal) VALUES (342, 10, '143-03-0362', 6000, 2, 1, null);
INSERT INTO articulo (idarticulo, idsku, codigo, costo, idpedido, idestadoarticulo, idsucursal) VALUES (343, 24, '706-08-8591', 9500, 28, 1, null);
INSERT INTO articulo (idarticulo, idsku, codigo, costo, idpedido, idestadoarticulo, idsucursal) VALUES (344, 8, '259-34-1377', 1000, 23, 1, null);
INSERT INTO articulo (idarticulo, idsku, codigo, costo, idpedido, idestadoarticulo, idsucursal) VALUES (345, 1, '009-75-0155', 8500, 4, 1, null);
INSERT INTO articulo (idarticulo, idsku, codigo, costo, idpedido, idestadoarticulo, idsucursal) VALUES (347, 23, '322-25-3119', 6500, 18, 1, null);
INSERT INTO articulo (idarticulo, idsku, codigo, costo, idpedido, idestadoarticulo, idsucursal) VALUES (348, 25, '444-17-0142', 7000, 16, 1, null);
INSERT INTO articulo (idarticulo, idsku, codigo, costo, idpedido, idestadoarticulo, idsucursal) VALUES (349, 13, '745-39-0616', 2500, 7, 1, null);
INSERT INTO articulo (idarticulo, idsku, codigo, costo, idpedido, idestadoarticulo, idsucursal) VALUES (1694, 7, '818-32-3626', 2500, 13, 3, null);
INSERT INTO articulo (idarticulo, idsku, codigo, costo, idpedido, idestadoarticulo, idsucursal) VALUES (352, 19, '671-54-0414', 4000, 25, 1, null);
INSERT INTO articulo (idarticulo, idsku, codigo, costo, idpedido, idestadoarticulo, idsucursal) VALUES (353, 14, '243-52-1288', 3000, 16, 1, null);
INSERT INTO articulo (idarticulo, idsku, codigo, costo, idpedido, idestadoarticulo, idsucursal) VALUES (354, 17, '227-57-5495', 2000, 24, 1, null);
INSERT INTO articulo (idarticulo, idsku, codigo, costo, idpedido, idestadoarticulo, idsucursal) VALUES (1500, 8, '143-59-1078', 3500, 16, 3, null);
INSERT INTO articulo (idarticulo, idsku, codigo, costo, idpedido, idestadoarticulo, idsucursal) VALUES (356, 19, '067-34-5328', 7500, 27, 1, null);
INSERT INTO articulo (idarticulo, idsku, codigo, costo, idpedido, idestadoarticulo, idsucursal) VALUES (357, 23, '074-20-7924', 500, 11, 1, null);
INSERT INTO articulo (idarticulo, idsku, codigo, costo, idpedido, idestadoarticulo, idsucursal) VALUES (358, 8, '164-44-8376', 5500, 27, 1, null);
INSERT INTO articulo (idarticulo, idsku, codigo, costo, idpedido, idestadoarticulo, idsucursal) VALUES (359, 25, '865-26-4007', 4500, 24, 1, null);
INSERT INTO articulo (idarticulo, idsku, codigo, costo, idpedido, idestadoarticulo, idsucursal) VALUES (360, 14, '550-06-7723', 4500, 23, 1, null);
INSERT INTO articulo (idarticulo, idsku, codigo, costo, idpedido, idestadoarticulo, idsucursal) VALUES (361, 14, '003-34-6300', 2500, 4, 1, null);
INSERT INTO articulo (idarticulo, idsku, codigo, costo, idpedido, idestadoarticulo, idsucursal) VALUES (362, 3, '674-80-7579', 8000, 14, 1, null);
INSERT INTO articulo (idarticulo, idsku, codigo, costo, idpedido, idestadoarticulo, idsucursal) VALUES (364, 19, '798-38-1229', 3500, 21, 1, null);
INSERT INTO articulo (idarticulo, idsku, codigo, costo, idpedido, idestadoarticulo, idsucursal) VALUES (365, 3, '732-17-1472', 9500, 13, 1, null);
INSERT INTO articulo (idarticulo, idsku, codigo, costo, idpedido, idestadoarticulo, idsucursal) VALUES (366, 9, '873-46-3012', 6000, 7, 1, null);
INSERT INTO articulo (idarticulo, idsku, codigo, costo, idpedido, idestadoarticulo, idsucursal) VALUES (367, 8, '049-05-5012', 1500, 1, 1, null);
INSERT INTO articulo (idarticulo, idsku, codigo, costo, idpedido, idestadoarticulo, idsucursal) VALUES (368, 22, '593-77-4285', 6000, 20, 1, null);
INSERT INTO articulo (idarticulo, idsku, codigo, costo, idpedido, idestadoarticulo, idsucursal) VALUES (369, 23, '619-42-1752', 3500, 29, 1, null);
INSERT INTO articulo (idarticulo, idsku, codigo, costo, idpedido, idestadoarticulo, idsucursal) VALUES (370, 14, '693-37-5724', 1000, 13, 1, null);
INSERT INTO articulo (idarticulo, idsku, codigo, costo, idpedido, idestadoarticulo, idsucursal) VALUES (371, 21, '489-62-1624', 6500, 7, 1, null);
INSERT INTO articulo (idarticulo, idsku, codigo, costo, idpedido, idestadoarticulo, idsucursal) VALUES (373, 6, '177-11-2160', 5000, 17, 1, null);
INSERT INTO articulo (idarticulo, idsku, codigo, costo, idpedido, idestadoarticulo, idsucursal) VALUES (374, 3, '146-71-9985', 9000, 15, 1, null);
INSERT INTO articulo (idarticulo, idsku, codigo, costo, idpedido, idestadoarticulo, idsucursal) VALUES (375, 7, '429-87-1664', 1000, 14, 1, null);
INSERT INTO articulo (idarticulo, idsku, codigo, costo, idpedido, idestadoarticulo, idsucursal) VALUES (376, 13, '578-67-8101', 2500, 20, 1, null);
INSERT INTO articulo (idarticulo, idsku, codigo, costo, idpedido, idestadoarticulo, idsucursal) VALUES (377, 13, '571-05-2589', 6500, 25, 1, null);
INSERT INTO articulo (idarticulo, idsku, codigo, costo, idpedido, idestadoarticulo, idsucursal) VALUES (379, 22, '554-08-7363', 9500, 28, 1, null);
INSERT INTO articulo (idarticulo, idsku, codigo, costo, idpedido, idestadoarticulo, idsucursal) VALUES (380, 24, '534-22-0712', 5500, 21, 1, null);
INSERT INTO articulo (idarticulo, idsku, codigo, costo, idpedido, idestadoarticulo, idsucursal) VALUES (381, 14, '875-68-3142', 4500, 5, 1, null);
INSERT INTO articulo (idarticulo, idsku, codigo, costo, idpedido, idestadoarticulo, idsucursal) VALUES (382, 16, '032-88-5638', 8500, 19, 1, null);
INSERT INTO articulo (idarticulo, idsku, codigo, costo, idpedido, idestadoarticulo, idsucursal) VALUES (383, 10, '172-35-3032', 4500, 2, 1, null);
INSERT INTO articulo (idarticulo, idsku, codigo, costo, idpedido, idestadoarticulo, idsucursal) VALUES (384, 23, '097-20-2407', 2000, 28, 1, null);
INSERT INTO articulo (idarticulo, idsku, codigo, costo, idpedido, idestadoarticulo, idsucursal) VALUES (385, 9, '247-25-6674', 4500, 8, 1, null);
INSERT INTO articulo (idarticulo, idsku, codigo, costo, idpedido, idestadoarticulo, idsucursal) VALUES (386, 22, '117-73-2246', 7000, 10, 1, null);
INSERT INTO articulo (idarticulo, idsku, codigo, costo, idpedido, idestadoarticulo, idsucursal) VALUES (387, 7, '074-11-1444', 5500, 21, 1, null);
INSERT INTO articulo (idarticulo, idsku, codigo, costo, idpedido, idestadoarticulo, idsucursal) VALUES (388, 5, '473-75-8697', 9500, 25, 1, null);
INSERT INTO articulo (idarticulo, idsku, codigo, costo, idpedido, idestadoarticulo, idsucursal) VALUES (390, 3, '753-47-5073', 4000, 4, 1, null);
INSERT INTO articulo (idarticulo, idsku, codigo, costo, idpedido, idestadoarticulo, idsucursal) VALUES (391, 8, '651-74-5749', 9500, 30, 1, null);
INSERT INTO articulo (idarticulo, idsku, codigo, costo, idpedido, idestadoarticulo, idsucursal) VALUES (392, 6, '586-31-8752', 8000, 28, 1, null);
INSERT INTO articulo (idarticulo, idsku, codigo, costo, idpedido, idestadoarticulo, idsucursal) VALUES (393, 21, '219-06-6688', 6000, 8, 1, null);
INSERT INTO articulo (idarticulo, idsku, codigo, costo, idpedido, idestadoarticulo, idsucursal) VALUES (351, 4, '143-95-6623', 3000, 4, 3, null);
INSERT INTO articulo (idarticulo, idsku, codigo, costo, idpedido, idestadoarticulo, idsucursal) VALUES (395, 13, '424-34-0783', 3000, 21, 1, null);
INSERT INTO articulo (idarticulo, idsku, codigo, costo, idpedido, idestadoarticulo, idsucursal) VALUES (396, 10, '538-59-1019', 1000, 29, 1, null);
INSERT INTO articulo (idarticulo, idsku, codigo, costo, idpedido, idestadoarticulo, idsucursal) VALUES (397, 15, '075-14-7953', 5000, 2, 1, null);
INSERT INTO articulo (idarticulo, idsku, codigo, costo, idpedido, idestadoarticulo, idsucursal) VALUES (398, 3, '688-40-0060', 9000, 2, 1, null);
INSERT INTO articulo (idarticulo, idsku, codigo, costo, idpedido, idestadoarticulo, idsucursal) VALUES (399, 5, '128-87-2176', 9500, 28, 1, null);
INSERT INTO articulo (idarticulo, idsku, codigo, costo, idpedido, idestadoarticulo, idsucursal) VALUES (400, 6, '375-12-4350', 9000, 17, 1, null);
INSERT INTO articulo (idarticulo, idsku, codigo, costo, idpedido, idestadoarticulo, idsucursal) VALUES (346, 19, '876-23-8147', 7000, 10, 3, null);
INSERT INTO articulo (idarticulo, idsku, codigo, costo, idpedido, idestadoarticulo, idsucursal) VALUES (402, 23, '416-62-3691', 5500, 13, 1, null);
INSERT INTO articulo (idarticulo, idsku, codigo, costo, idpedido, idestadoarticulo, idsucursal) VALUES (403, 20, '089-46-4961', 4500, 16, 1, null);
INSERT INTO articulo (idarticulo, idsku, codigo, costo, idpedido, idestadoarticulo, idsucursal) VALUES (404, 7, '643-74-3956', 1500, 21, 1, null);
INSERT INTO articulo (idarticulo, idsku, codigo, costo, idpedido, idestadoarticulo, idsucursal) VALUES (405, 23, '333-42-2366', 8500, 23, 1, null);
INSERT INTO articulo (idarticulo, idsku, codigo, costo, idpedido, idestadoarticulo, idsucursal) VALUES (406, 13, '096-29-6247', 1500, 13, 1, null);
INSERT INTO articulo (idarticulo, idsku, codigo, costo, idpedido, idestadoarticulo, idsucursal) VALUES (407, 23, '697-01-2282', 500, 29, 1, null);
INSERT INTO articulo (idarticulo, idsku, codigo, costo, idpedido, idestadoarticulo, idsucursal) VALUES (389, 5, '843-49-3571', 8000, 9, 3, null);
INSERT INTO articulo (idarticulo, idsku, codigo, costo, idpedido, idestadoarticulo, idsucursal) VALUES (157, 5, '504-37-7290', 9500, 14, 3, 2);
INSERT INTO articulo (idarticulo, idsku, codigo, costo, idpedido, idestadoarticulo, idsucursal) VALUES (378, 5, '723-50-7512', 2500, 19, 3, null);
INSERT INTO articulo (idarticulo, idsku, codigo, costo, idpedido, idestadoarticulo, idsucursal) VALUES (158, 18, '153-38-3951', 3000, 14, 3, 1);
INSERT INTO articulo (idarticulo, idsku, codigo, costo, idpedido, idestadoarticulo, idsucursal) VALUES (243, 22, '775-24-7334', 7000, 7, 3, 2);
INSERT INTO articulo (idarticulo, idsku, codigo, costo, idpedido, idestadoarticulo, idsucursal) VALUES (283, 14, '711-70-8384', 9000, 4, 3, null);
INSERT INTO articulo (idarticulo, idsku, codigo, costo, idpedido, idestadoarticulo, idsucursal) VALUES (325, 14, '834-01-1792', 9000, 10, 3, null);
INSERT INTO articulo (idarticulo, idsku, codigo, costo, idpedido, idestadoarticulo, idsucursal) VALUES (279, 13, '716-67-8994', 6000, 21, 3, null);
INSERT INTO articulo (idarticulo, idsku, codigo, costo, idpedido, idestadoarticulo, idsucursal) VALUES (336, 6, '329-80-1418', 2500, 25, 3, null);
INSERT INTO articulo (idarticulo, idsku, codigo, costo, idpedido, idestadoarticulo, idsucursal) VALUES (319, 5, '821-07-4958', 2000, 26, 3, null);
INSERT INTO articulo (idarticulo, idsku, codigo, costo, idpedido, idestadoarticulo, idsucursal) VALUES (409, 13, '087-94-8608', 500, 27, 1, null);
INSERT INTO articulo (idarticulo, idsku, codigo, costo, idpedido, idestadoarticulo, idsucursal) VALUES (410, 3, '723-48-8390', 1000, 6, 1, null);
INSERT INTO articulo (idarticulo, idsku, codigo, costo, idpedido, idestadoarticulo, idsucursal) VALUES (411, 23, '716-98-8764', 8000, 20, 1, null);
INSERT INTO articulo (idarticulo, idsku, codigo, costo, idpedido, idestadoarticulo, idsucursal) VALUES (412, 21, '341-10-6574', 3500, 14, 1, null);
INSERT INTO articulo (idarticulo, idsku, codigo, costo, idpedido, idestadoarticulo, idsucursal) VALUES (413, 4, '776-08-0849', 6000, 15, 1, null);
INSERT INTO articulo (idarticulo, idsku, codigo, costo, idpedido, idestadoarticulo, idsucursal) VALUES (414, 18, '058-48-7047', 4500, 3, 1, null);
INSERT INTO articulo (idarticulo, idsku, codigo, costo, idpedido, idestadoarticulo, idsucursal) VALUES (415, 13, '577-14-6293', 7500, 1, 1, null);
INSERT INTO articulo (idarticulo, idsku, codigo, costo, idpedido, idestadoarticulo, idsucursal) VALUES (416, 18, '425-53-8677', 7500, 7, 1, null);
INSERT INTO articulo (idarticulo, idsku, codigo, costo, idpedido, idestadoarticulo, idsucursal) VALUES (418, 4, '620-05-7269', 2000, 25, 1, null);
INSERT INTO articulo (idarticulo, idsku, codigo, costo, idpedido, idestadoarticulo, idsucursal) VALUES (420, 1, '469-46-1825', 500, 27, 1, null);
INSERT INTO articulo (idarticulo, idsku, codigo, costo, idpedido, idestadoarticulo, idsucursal) VALUES (421, 15, '662-16-0737', 2500, 2, 1, null);
INSERT INTO articulo (idarticulo, idsku, codigo, costo, idpedido, idestadoarticulo, idsucursal) VALUES (422, 9, '714-24-1456', 3000, 4, 1, null);
INSERT INTO articulo (idarticulo, idsku, codigo, costo, idpedido, idestadoarticulo, idsucursal) VALUES (423, 4, '256-57-8296', 7500, 30, 1, null);
INSERT INTO articulo (idarticulo, idsku, codigo, costo, idpedido, idestadoarticulo, idsucursal) VALUES (424, 12, '034-78-3591', 6500, 14, 1, null);
INSERT INTO articulo (idarticulo, idsku, codigo, costo, idpedido, idestadoarticulo, idsucursal) VALUES (425, 9, '828-82-8024', 4000, 23, 1, null);
INSERT INTO articulo (idarticulo, idsku, codigo, costo, idpedido, idestadoarticulo, idsucursal) VALUES (426, 21, '193-70-4562', 5000, 17, 1, null);
INSERT INTO articulo (idarticulo, idsku, codigo, costo, idpedido, idestadoarticulo, idsucursal) VALUES (427, 5, '691-57-7018', 2500, 20, 1, null);
INSERT INTO articulo (idarticulo, idsku, codigo, costo, idpedido, idestadoarticulo, idsucursal) VALUES (428, 16, '197-53-6228', 500, 5, 1, null);
INSERT INTO articulo (idarticulo, idsku, codigo, costo, idpedido, idestadoarticulo, idsucursal) VALUES (429, 19, '044-94-6681', 7000, 12, 1, null);
INSERT INTO articulo (idarticulo, idsku, codigo, costo, idpedido, idestadoarticulo, idsucursal) VALUES (430, 8, '594-11-4549', 9000, 22, 1, null);
INSERT INTO articulo (idarticulo, idsku, codigo, costo, idpedido, idestadoarticulo, idsucursal) VALUES (431, 22, '572-40-5937', 6000, 15, 1, null);
INSERT INTO articulo (idarticulo, idsku, codigo, costo, idpedido, idestadoarticulo, idsucursal) VALUES (432, 22, '094-51-4147', 8000, 23, 1, null);
INSERT INTO articulo (idarticulo, idsku, codigo, costo, idpedido, idestadoarticulo, idsucursal) VALUES (433, 22, '430-03-7955', 1000, 25, 1, null);
INSERT INTO articulo (idarticulo, idsku, codigo, costo, idpedido, idestadoarticulo, idsucursal) VALUES (434, 22, '004-60-2742', 5500, 18, 1, null);
INSERT INTO articulo (idarticulo, idsku, codigo, costo, idpedido, idestadoarticulo, idsucursal) VALUES (435, 6, '090-16-5890', 1000, 15, 1, null);
INSERT INTO articulo (idarticulo, idsku, codigo, costo, idpedido, idestadoarticulo, idsucursal) VALUES (436, 20, '312-12-6019', 3500, 3, 1, null);
INSERT INTO articulo (idarticulo, idsku, codigo, costo, idpedido, idestadoarticulo, idsucursal) VALUES (437, 7, '554-64-2720', 5500, 8, 1, null);
INSERT INTO articulo (idarticulo, idsku, codigo, costo, idpedido, idestadoarticulo, idsucursal) VALUES (438, 14, '192-47-0756', 6500, 13, 1, null);
INSERT INTO articulo (idarticulo, idsku, codigo, costo, idpedido, idestadoarticulo, idsucursal) VALUES (439, 9, '659-16-2065', 9500, 2, 1, null);
INSERT INTO articulo (idarticulo, idsku, codigo, costo, idpedido, idestadoarticulo, idsucursal) VALUES (440, 9, '541-14-0754', 5000, 9, 1, null);
INSERT INTO articulo (idarticulo, idsku, codigo, costo, idpedido, idestadoarticulo, idsucursal) VALUES (441, 15, '378-92-5841', 2000, 26, 1, null);
INSERT INTO articulo (idarticulo, idsku, codigo, costo, idpedido, idestadoarticulo, idsucursal) VALUES (442, 18, '202-98-0325', 9500, 15, 1, null);
INSERT INTO articulo (idarticulo, idsku, codigo, costo, idpedido, idestadoarticulo, idsucursal) VALUES (443, 2, '376-78-1989', 6000, 18, 1, null);
INSERT INTO articulo (idarticulo, idsku, codigo, costo, idpedido, idestadoarticulo, idsucursal) VALUES (444, 16, '097-20-2708', 6500, 16, 1, null);
INSERT INTO articulo (idarticulo, idsku, codigo, costo, idpedido, idestadoarticulo, idsucursal) VALUES (446, 25, '551-35-1957', 3000, 21, 1, null);
INSERT INTO articulo (idarticulo, idsku, codigo, costo, idpedido, idestadoarticulo, idsucursal) VALUES (447, 11, '733-81-3762', 1500, 22, 1, null);
INSERT INTO articulo (idarticulo, idsku, codigo, costo, idpedido, idestadoarticulo, idsucursal) VALUES (448, 7, '895-96-8848', 9000, 26, 1, null);
INSERT INTO articulo (idarticulo, idsku, codigo, costo, idpedido, idestadoarticulo, idsucursal) VALUES (450, 3, '138-51-7431', 3000, 18, 1, null);
INSERT INTO articulo (idarticulo, idsku, codigo, costo, idpedido, idestadoarticulo, idsucursal) VALUES (451, 9, '182-53-5665', 6000, 23, 1, null);
INSERT INTO articulo (idarticulo, idsku, codigo, costo, idpedido, idestadoarticulo, idsucursal) VALUES (452, 2, '750-10-1601', 9000, 5, 1, null);
INSERT INTO articulo (idarticulo, idsku, codigo, costo, idpedido, idestadoarticulo, idsucursal) VALUES (455, 15, '473-16-0806', 5000, 16, 1, null);
INSERT INTO articulo (idarticulo, idsku, codigo, costo, idpedido, idestadoarticulo, idsucursal) VALUES (456, 14, '895-91-7792', 1000, 25, 1, null);
INSERT INTO articulo (idarticulo, idsku, codigo, costo, idpedido, idestadoarticulo, idsucursal) VALUES (457, 18, '729-22-4550', 3500, 1, 1, null);
INSERT INTO articulo (idarticulo, idsku, codigo, costo, idpedido, idestadoarticulo, idsucursal) VALUES (458, 1, '645-69-1473', 4000, 11, 1, null);
INSERT INTO articulo (idarticulo, idsku, codigo, costo, idpedido, idestadoarticulo, idsucursal) VALUES (461, 24, '762-84-0140', 7000, 27, 1, null);
INSERT INTO articulo (idarticulo, idsku, codigo, costo, idpedido, idestadoarticulo, idsucursal) VALUES (462, 11, '034-72-9613', 7500, 5, 1, null);
INSERT INTO articulo (idarticulo, idsku, codigo, costo, idpedido, idestadoarticulo, idsucursal) VALUES (463, 1, '739-33-5859', 6000, 7, 1, null);
INSERT INTO articulo (idarticulo, idsku, codigo, costo, idpedido, idestadoarticulo, idsucursal) VALUES (465, 6, '019-86-5678', 6000, 4, 1, null);
INSERT INTO articulo (idarticulo, idsku, codigo, costo, idpedido, idestadoarticulo, idsucursal) VALUES (466, 9, '330-20-4124', 4500, 18, 1, null);
INSERT INTO articulo (idarticulo, idsku, codigo, costo, idpedido, idestadoarticulo, idsucursal) VALUES (467, 1, '175-99-2597', 7000, 15, 1, null);
INSERT INTO articulo (idarticulo, idsku, codigo, costo, idpedido, idestadoarticulo, idsucursal) VALUES (468, 6, '385-92-9662', 7000, 21, 1, null);
INSERT INTO articulo (idarticulo, idsku, codigo, costo, idpedido, idestadoarticulo, idsucursal) VALUES (469, 17, '285-50-5720', 5500, 9, 1, null);
INSERT INTO articulo (idarticulo, idsku, codigo, costo, idpedido, idestadoarticulo, idsucursal) VALUES (470, 2, '543-72-2180', 7500, 5, 1, null);
INSERT INTO articulo (idarticulo, idsku, codigo, costo, idpedido, idestadoarticulo, idsucursal) VALUES (471, 3, '411-01-5337', 5500, 24, 1, null);
INSERT INTO articulo (idarticulo, idsku, codigo, costo, idpedido, idestadoarticulo, idsucursal) VALUES (472, 25, '121-76-1489', 5500, 1, 1, null);
INSERT INTO articulo (idarticulo, idsku, codigo, costo, idpedido, idestadoarticulo, idsucursal) VALUES (473, 15, '840-38-9724', 8500, 16, 1, null);
INSERT INTO articulo (idarticulo, idsku, codigo, costo, idpedido, idestadoarticulo, idsucursal) VALUES (474, 23, '542-23-9427', 4000, 11, 1, null);
INSERT INTO articulo (idarticulo, idsku, codigo, costo, idpedido, idestadoarticulo, idsucursal) VALUES (475, 19, '288-80-1243', 5000, 30, 1, null);
INSERT INTO articulo (idarticulo, idsku, codigo, costo, idpedido, idestadoarticulo, idsucursal) VALUES (476, 17, '896-45-0742', 2000, 10, 1, null);
INSERT INTO articulo (idarticulo, idsku, codigo, costo, idpedido, idestadoarticulo, idsucursal) VALUES (477, 20, '742-92-0503', 8500, 7, 1, null);
INSERT INTO articulo (idarticulo, idsku, codigo, costo, idpedido, idestadoarticulo, idsucursal) VALUES (478, 21, '232-47-1911', 9000, 27, 1, null);
INSERT INTO articulo (idarticulo, idsku, codigo, costo, idpedido, idestadoarticulo, idsucursal) VALUES (479, 21, '112-75-4081', 2000, 3, 1, null);
INSERT INTO articulo (idarticulo, idsku, codigo, costo, idpedido, idestadoarticulo, idsucursal) VALUES (480, 12, '647-27-8466', 3000, 10, 1, null);
INSERT INTO articulo (idarticulo, idsku, codigo, costo, idpedido, idestadoarticulo, idsucursal) VALUES (481, 20, '260-31-7715', 9000, 25, 1, null);
INSERT INTO articulo (idarticulo, idsku, codigo, costo, idpedido, idestadoarticulo, idsucursal) VALUES (483, 23, '819-07-7655', 3000, 8, 1, null);
INSERT INTO articulo (idarticulo, idsku, codigo, costo, idpedido, idestadoarticulo, idsucursal) VALUES (484, 23, '536-85-4148', 4500, 23, 1, null);
INSERT INTO articulo (idarticulo, idsku, codigo, costo, idpedido, idestadoarticulo, idsucursal) VALUES (485, 18, '205-68-7977', 4000, 28, 1, null);
INSERT INTO articulo (idarticulo, idsku, codigo, costo, idpedido, idestadoarticulo, idsucursal) VALUES (487, 25, '727-79-5772', 9500, 10, 1, null);
INSERT INTO articulo (idarticulo, idsku, codigo, costo, idpedido, idestadoarticulo, idsucursal) VALUES (488, 22, '623-05-7106', 6500, 15, 1, null);
INSERT INTO articulo (idarticulo, idsku, codigo, costo, idpedido, idestadoarticulo, idsucursal) VALUES (489, 18, '042-01-5296', 4500, 14, 1, null);
INSERT INTO articulo (idarticulo, idsku, codigo, costo, idpedido, idestadoarticulo, idsucursal) VALUES (491, 6, '445-44-6069', 1500, 14, 1, null);
INSERT INTO articulo (idarticulo, idsku, codigo, costo, idpedido, idestadoarticulo, idsucursal) VALUES (492, 10, '014-92-0075', 6500, 18, 1, null);
INSERT INTO articulo (idarticulo, idsku, codigo, costo, idpedido, idestadoarticulo, idsucursal) VALUES (494, 8, '495-63-9289', 1500, 9, 1, null);
INSERT INTO articulo (idarticulo, idsku, codigo, costo, idpedido, idestadoarticulo, idsucursal) VALUES (495, 5, '401-30-0026', 6500, 14, 1, null);
INSERT INTO articulo (idarticulo, idsku, codigo, costo, idpedido, idestadoarticulo, idsucursal) VALUES (496, 22, '267-86-3147', 9000, 5, 1, null);
INSERT INTO articulo (idarticulo, idsku, codigo, costo, idpedido, idestadoarticulo, idsucursal) VALUES (497, 11, '432-91-8330', 6000, 1, 1, null);
INSERT INTO articulo (idarticulo, idsku, codigo, costo, idpedido, idestadoarticulo, idsucursal) VALUES (498, 15, '620-27-4748', 7500, 7, 1, null);
INSERT INTO articulo (idarticulo, idsku, codigo, costo, idpedido, idestadoarticulo, idsucursal) VALUES (499, 14, '303-57-7060', 9500, 23, 1, null);
INSERT INTO articulo (idarticulo, idsku, codigo, costo, idpedido, idestadoarticulo, idsucursal) VALUES (500, 2, '703-66-2673', 6500, 23, 1, null);
INSERT INTO articulo (idarticulo, idsku, codigo, costo, idpedido, idestadoarticulo, idsucursal) VALUES (501, 15, '372-78-6479', 9500, 24, 1, null);
INSERT INTO articulo (idarticulo, idsku, codigo, costo, idpedido, idestadoarticulo, idsucursal) VALUES (502, 23, '082-03-5151', 7000, 13, 1, null);
INSERT INTO articulo (idarticulo, idsku, codigo, costo, idpedido, idestadoarticulo, idsucursal) VALUES (503, 8, '293-92-7840', 9500, 13, 1, null);
INSERT INTO articulo (idarticulo, idsku, codigo, costo, idpedido, idestadoarticulo, idsucursal) VALUES (504, 6, '544-46-8933', 3500, 22, 1, null);
INSERT INTO articulo (idarticulo, idsku, codigo, costo, idpedido, idestadoarticulo, idsucursal) VALUES (505, 11, '252-97-4114', 6000, 3, 1, null);
INSERT INTO articulo (idarticulo, idsku, codigo, costo, idpedido, idestadoarticulo, idsucursal) VALUES (506, 15, '136-11-8265', 7500, 20, 1, null);
INSERT INTO articulo (idarticulo, idsku, codigo, costo, idpedido, idestadoarticulo, idsucursal) VALUES (507, 23, '210-87-7038', 4000, 28, 1, null);
INSERT INTO articulo (idarticulo, idsku, codigo, costo, idpedido, idestadoarticulo, idsucursal) VALUES (508, 14, '750-52-7133', 5500, 8, 1, null);
INSERT INTO articulo (idarticulo, idsku, codigo, costo, idpedido, idestadoarticulo, idsucursal) VALUES (509, 3, '784-81-0284', 8000, 21, 1, null);
INSERT INTO articulo (idarticulo, idsku, codigo, costo, idpedido, idestadoarticulo, idsucursal) VALUES (510, 20, '600-43-7111', 2000, 17, 1, null);
INSERT INTO articulo (idarticulo, idsku, codigo, costo, idpedido, idestadoarticulo, idsucursal) VALUES (511, 15, '314-58-6002', 9500, 1, 1, null);
INSERT INTO articulo (idarticulo, idsku, codigo, costo, idpedido, idestadoarticulo, idsucursal) VALUES (512, 19, '477-05-7049', 6500, 15, 1, null);
INSERT INTO articulo (idarticulo, idsku, codigo, costo, idpedido, idestadoarticulo, idsucursal) VALUES (513, 2, '288-77-5845', 6000, 20, 1, null);
INSERT INTO articulo (idarticulo, idsku, codigo, costo, idpedido, idestadoarticulo, idsucursal) VALUES (514, 21, '846-36-4872', 1500, 26, 1, null);
INSERT INTO articulo (idarticulo, idsku, codigo, costo, idpedido, idestadoarticulo, idsucursal) VALUES (515, 3, '302-08-1294', 9000, 25, 1, null);
INSERT INTO articulo (idarticulo, idsku, codigo, costo, idpedido, idestadoarticulo, idsucursal) VALUES (516, 9, '132-49-2379', 5000, 12, 1, null);
INSERT INTO articulo (idarticulo, idsku, codigo, costo, idpedido, idestadoarticulo, idsucursal) VALUES (517, 5, '359-14-1065', 6500, 10, 1, null);
INSERT INTO articulo (idarticulo, idsku, codigo, costo, idpedido, idestadoarticulo, idsucursal) VALUES (519, 19, '243-71-4283', 4500, 29, 1, null);
INSERT INTO articulo (idarticulo, idsku, codigo, costo, idpedido, idestadoarticulo, idsucursal) VALUES (520, 10, '314-32-2718', 9500, 4, 1, null);
INSERT INTO articulo (idarticulo, idsku, codigo, costo, idpedido, idestadoarticulo, idsucursal) VALUES (521, 3, '777-23-6858', 1000, 1, 1, null);
INSERT INTO articulo (idarticulo, idsku, codigo, costo, idpedido, idestadoarticulo, idsucursal) VALUES (522, 5, '532-95-5857', 2500, 29, 1, null);
INSERT INTO articulo (idarticulo, idsku, codigo, costo, idpedido, idestadoarticulo, idsucursal) VALUES (523, 20, '856-86-2296', 500, 11, 1, null);
INSERT INTO articulo (idarticulo, idsku, codigo, costo, idpedido, idestadoarticulo, idsucursal) VALUES (524, 22, '040-89-9129', 2000, 26, 1, null);
INSERT INTO articulo (idarticulo, idsku, codigo, costo, idpedido, idestadoarticulo, idsucursal) VALUES (525, 19, '103-47-1762', 4000, 2, 1, null);
INSERT INTO articulo (idarticulo, idsku, codigo, costo, idpedido, idestadoarticulo, idsucursal) VALUES (526, 7, '688-16-8056', 7500, 14, 1, null);
INSERT INTO articulo (idarticulo, idsku, codigo, costo, idpedido, idestadoarticulo, idsucursal) VALUES (528, 8, '144-93-3742', 2500, 6, 1, null);
INSERT INTO articulo (idarticulo, idsku, codigo, costo, idpedido, idestadoarticulo, idsucursal) VALUES (529, 23, '386-86-1027', 1000, 12, 1, null);
INSERT INTO articulo (idarticulo, idsku, codigo, costo, idpedido, idestadoarticulo, idsucursal) VALUES (530, 24, '293-49-2015', 8500, 8, 1, null);
INSERT INTO articulo (idarticulo, idsku, codigo, costo, idpedido, idestadoarticulo, idsucursal) VALUES (531, 6, '272-56-7943', 9500, 22, 1, null);
INSERT INTO articulo (idarticulo, idsku, codigo, costo, idpedido, idestadoarticulo, idsucursal) VALUES (532, 14, '472-13-8549', 500, 1, 1, null);
INSERT INTO articulo (idarticulo, idsku, codigo, costo, idpedido, idestadoarticulo, idsucursal) VALUES (535, 8, '289-19-2970', 7000, 9, 1, null);
INSERT INTO articulo (idarticulo, idsku, codigo, costo, idpedido, idestadoarticulo, idsucursal) VALUES (536, 18, '250-60-3756', 4000, 13, 1, null);
INSERT INTO articulo (idarticulo, idsku, codigo, costo, idpedido, idestadoarticulo, idsucursal) VALUES (537, 4, '012-93-8604', 9000, 13, 1, null);
INSERT INTO articulo (idarticulo, idsku, codigo, costo, idpedido, idestadoarticulo, idsucursal) VALUES (538, 4, '584-01-8183', 4000, 13, 1, null);
INSERT INTO articulo (idarticulo, idsku, codigo, costo, idpedido, idestadoarticulo, idsucursal) VALUES (539, 9, '578-97-1601', 4000, 5, 1, null);
INSERT INTO articulo (idarticulo, idsku, codigo, costo, idpedido, idestadoarticulo, idsucursal) VALUES (540, 16, '871-86-5110', 3500, 3, 1, null);
INSERT INTO articulo (idarticulo, idsku, codigo, costo, idpedido, idestadoarticulo, idsucursal) VALUES (541, 6, '391-47-2466', 2500, 17, 1, null);
INSERT INTO articulo (idarticulo, idsku, codigo, costo, idpedido, idestadoarticulo, idsucursal) VALUES (542, 16, '332-91-3593', 2000, 27, 1, null);
INSERT INTO articulo (idarticulo, idsku, codigo, costo, idpedido, idestadoarticulo, idsucursal) VALUES (543, 20, '463-20-7394', 3000, 17, 1, null);
INSERT INTO articulo (idarticulo, idsku, codigo, costo, idpedido, idestadoarticulo, idsucursal) VALUES (544, 3, '082-09-0149', 8000, 2, 1, null);
INSERT INTO articulo (idarticulo, idsku, codigo, costo, idpedido, idestadoarticulo, idsucursal) VALUES (490, 19, '217-99-3196', 3500, 18, 3, null);
INSERT INTO articulo (idarticulo, idsku, codigo, costo, idpedido, idestadoarticulo, idsucursal) VALUES (493, 15, '897-67-9209', 7000, 8, 3, null);
INSERT INTO articulo (idarticulo, idsku, codigo, costo, idpedido, idestadoarticulo, idsucursal) VALUES (453, 4, '811-65-3983', 1000, 13, 3, null);
INSERT INTO articulo (idarticulo, idsku, codigo, costo, idpedido, idestadoarticulo, idsucursal) VALUES (518, 6, '401-24-1140', 5500, 12, 3, null);
INSERT INTO articulo (idarticulo, idsku, codigo, costo, idpedido, idestadoarticulo, idsucursal) VALUES (419, 18, '515-39-9872', 7000, 11, 3, null);
INSERT INTO articulo (idarticulo, idsku, codigo, costo, idpedido, idestadoarticulo, idsucursal) VALUES (445, 8, '214-60-8741', 4000, 28, 3, null);
INSERT INTO articulo (idarticulo, idsku, codigo, costo, idpedido, idestadoarticulo, idsucursal) VALUES (449, 4, '559-30-8481', 4500, 14, 3, null);
INSERT INTO articulo (idarticulo, idsku, codigo, costo, idpedido, idestadoarticulo, idsucursal) VALUES (534, 24, '521-80-9060', 7500, 23, 3, null);
INSERT INTO articulo (idarticulo, idsku, codigo, costo, idpedido, idestadoarticulo, idsucursal) VALUES (464, 10, '835-93-4406', 1500, 7, 3, null);
INSERT INTO articulo (idarticulo, idsku, codigo, costo, idpedido, idestadoarticulo, idsucursal) VALUES (417, 20, '770-27-4412', 5500, 17, 3, null);
INSERT INTO articulo (idarticulo, idsku, codigo, costo, idpedido, idestadoarticulo, idsucursal) VALUES (486, 12, '078-86-0248', 6000, 27, 3, null);
INSERT INTO articulo (idarticulo, idsku, codigo, costo, idpedido, idestadoarticulo, idsucursal) VALUES (459, 20, '171-17-5297', 3500, 16, 3, null);
INSERT INTO articulo (idarticulo, idsku, codigo, costo, idpedido, idestadoarticulo, idsucursal) VALUES (454, 22, '751-59-1535', 5500, 19, 3, null);
INSERT INTO articulo (idarticulo, idsku, codigo, costo, idpedido, idestadoarticulo, idsucursal) VALUES (545, 16, '210-71-5377', 4500, 26, 1, null);
INSERT INTO articulo (idarticulo, idsku, codigo, costo, idpedido, idestadoarticulo, idsucursal) VALUES (546, 1, '810-68-2565', 1500, 19, 1, null);
INSERT INTO articulo (idarticulo, idsku, codigo, costo, idpedido, idestadoarticulo, idsucursal) VALUES (547, 7, '254-39-0885', 4500, 4, 1, null);
INSERT INTO articulo (idarticulo, idsku, codigo, costo, idpedido, idestadoarticulo, idsucursal) VALUES (548, 13, '381-56-8898', 2000, 20, 1, null);
INSERT INTO articulo (idarticulo, idsku, codigo, costo, idpedido, idestadoarticulo, idsucursal) VALUES (549, 11, '560-83-7938', 5000, 14, 1, null);
INSERT INTO articulo (idarticulo, idsku, codigo, costo, idpedido, idestadoarticulo, idsucursal) VALUES (550, 7, '322-52-2593', 9000, 11, 1, null);
INSERT INTO articulo (idarticulo, idsku, codigo, costo, idpedido, idestadoarticulo, idsucursal) VALUES (551, 10, '617-04-5197', 7000, 26, 1, null);
INSERT INTO articulo (idarticulo, idsku, codigo, costo, idpedido, idestadoarticulo, idsucursal) VALUES (552, 9, '245-08-2791', 9000, 21, 1, null);
INSERT INTO articulo (idarticulo, idsku, codigo, costo, idpedido, idestadoarticulo, idsucursal) VALUES (553, 5, '327-17-0231', 7000, 22, 1, null);
INSERT INTO articulo (idarticulo, idsku, codigo, costo, idpedido, idestadoarticulo, idsucursal) VALUES (555, 13, '476-69-3530', 3000, 29, 1, null);
INSERT INTO articulo (idarticulo, idsku, codigo, costo, idpedido, idestadoarticulo, idsucursal) VALUES (557, 20, '623-49-6756', 6500, 1, 1, null);
INSERT INTO articulo (idarticulo, idsku, codigo, costo, idpedido, idestadoarticulo, idsucursal) VALUES (558, 20, '649-73-9029', 2000, 21, 1, null);
INSERT INTO articulo (idarticulo, idsku, codigo, costo, idpedido, idestadoarticulo, idsucursal) VALUES (559, 18, '074-89-6406', 4000, 20, 1, null);
INSERT INTO articulo (idarticulo, idsku, codigo, costo, idpedido, idestadoarticulo, idsucursal) VALUES (560, 24, '359-15-7386', 3500, 11, 1, null);
INSERT INTO articulo (idarticulo, idsku, codigo, costo, idpedido, idestadoarticulo, idsucursal) VALUES (561, 21, '774-49-5763', 8000, 26, 1, null);
INSERT INTO articulo (idarticulo, idsku, codigo, costo, idpedido, idestadoarticulo, idsucursal) VALUES (562, 6, '395-84-2929', 4500, 14, 1, null);
INSERT INTO articulo (idarticulo, idsku, codigo, costo, idpedido, idestadoarticulo, idsucursal) VALUES (563, 20, '388-41-3809', 6000, 22, 1, null);
INSERT INTO articulo (idarticulo, idsku, codigo, costo, idpedido, idestadoarticulo, idsucursal) VALUES (564, 15, '256-34-5070', 4500, 10, 1, null);
INSERT INTO articulo (idarticulo, idsku, codigo, costo, idpedido, idestadoarticulo, idsucursal) VALUES (565, 15, '577-20-0003', 9000, 2, 1, null);
INSERT INTO articulo (idarticulo, idsku, codigo, costo, idpedido, idestadoarticulo, idsucursal) VALUES (567, 8, '101-36-6842', 8500, 14, 1, null);
INSERT INTO articulo (idarticulo, idsku, codigo, costo, idpedido, idestadoarticulo, idsucursal) VALUES (568, 12, '867-38-2890', 6500, 15, 1, null);
INSERT INTO articulo (idarticulo, idsku, codigo, costo, idpedido, idestadoarticulo, idsucursal) VALUES (569, 16, '695-35-2515', 3500, 27, 1, null);
INSERT INTO articulo (idarticulo, idsku, codigo, costo, idpedido, idestadoarticulo, idsucursal) VALUES (570, 23, '017-64-8928', 2000, 16, 1, null);
INSERT INTO articulo (idarticulo, idsku, codigo, costo, idpedido, idestadoarticulo, idsucursal) VALUES (571, 7, '769-59-5536', 3000, 9, 1, null);
INSERT INTO articulo (idarticulo, idsku, codigo, costo, idpedido, idestadoarticulo, idsucursal) VALUES (573, 12, '565-39-6121', 7500, 23, 1, null);
INSERT INTO articulo (idarticulo, idsku, codigo, costo, idpedido, idestadoarticulo, idsucursal) VALUES (575, 22, '303-95-7548', 2000, 13, 1, null);
INSERT INTO articulo (idarticulo, idsku, codigo, costo, idpedido, idestadoarticulo, idsucursal) VALUES (577, 14, '811-68-1391', 5000, 15, 1, null);
INSERT INTO articulo (idarticulo, idsku, codigo, costo, idpedido, idestadoarticulo, idsucursal) VALUES (578, 17, '378-59-2637', 2500, 20, 1, null);
INSERT INTO articulo (idarticulo, idsku, codigo, costo, idpedido, idestadoarticulo, idsucursal) VALUES (579, 14, '595-25-5356', 7500, 16, 1, null);
INSERT INTO articulo (idarticulo, idsku, codigo, costo, idpedido, idestadoarticulo, idsucursal) VALUES (580, 19, '680-33-4381', 9000, 7, 1, null);
INSERT INTO articulo (idarticulo, idsku, codigo, costo, idpedido, idestadoarticulo, idsucursal) VALUES (582, 25, '299-31-1376', 1000, 15, 1, null);
INSERT INTO articulo (idarticulo, idsku, codigo, costo, idpedido, idestadoarticulo, idsucursal) VALUES (583, 8, '249-56-4056', 8500, 12, 1, null);
INSERT INTO articulo (idarticulo, idsku, codigo, costo, idpedido, idestadoarticulo, idsucursal) VALUES (585, 16, '777-57-6962', 8000, 20, 1, null);
INSERT INTO articulo (idarticulo, idsku, codigo, costo, idpedido, idestadoarticulo, idsucursal) VALUES (586, 15, '835-11-0794', 5000, 16, 1, null);
INSERT INTO articulo (idarticulo, idsku, codigo, costo, idpedido, idestadoarticulo, idsucursal) VALUES (587, 1, '465-35-3684', 9500, 24, 1, null);
INSERT INTO articulo (idarticulo, idsku, codigo, costo, idpedido, idestadoarticulo, idsucursal) VALUES (589, 18, '212-38-2629', 5000, 12, 1, null);
INSERT INTO articulo (idarticulo, idsku, codigo, costo, idpedido, idestadoarticulo, idsucursal) VALUES (590, 4, '306-20-1315', 9500, 16, 1, null);
INSERT INTO articulo (idarticulo, idsku, codigo, costo, idpedido, idestadoarticulo, idsucursal) VALUES (591, 12, '297-21-1543', 7500, 4, 1, null);
INSERT INTO articulo (idarticulo, idsku, codigo, costo, idpedido, idestadoarticulo, idsucursal) VALUES (592, 13, '146-51-8543', 3500, 29, 1, null);
INSERT INTO articulo (idarticulo, idsku, codigo, costo, idpedido, idestadoarticulo, idsucursal) VALUES (593, 3, '216-13-0503', 2000, 25, 1, null);
INSERT INTO articulo (idarticulo, idsku, codigo, costo, idpedido, idestadoarticulo, idsucursal) VALUES (595, 11, '059-69-2810', 2500, 8, 1, null);
INSERT INTO articulo (idarticulo, idsku, codigo, costo, idpedido, idestadoarticulo, idsucursal) VALUES (596, 8, '692-63-1691', 7500, 2, 1, null);
INSERT INTO articulo (idarticulo, idsku, codigo, costo, idpedido, idestadoarticulo, idsucursal) VALUES (597, 11, '710-58-8430', 9000, 12, 1, null);
INSERT INTO articulo (idarticulo, idsku, codigo, costo, idpedido, idestadoarticulo, idsucursal) VALUES (598, 13, '649-60-7147', 500, 23, 1, null);
INSERT INTO articulo (idarticulo, idsku, codigo, costo, idpedido, idestadoarticulo, idsucursal) VALUES (599, 10, '349-64-7354', 7000, 27, 1, null);
INSERT INTO articulo (idarticulo, idsku, codigo, costo, idpedido, idestadoarticulo, idsucursal) VALUES (600, 13, '521-78-6053', 3500, 3, 1, null);
INSERT INTO articulo (idarticulo, idsku, codigo, costo, idpedido, idestadoarticulo, idsucursal) VALUES (601, 22, '015-91-0378', 3500, 24, 1, null);
INSERT INTO articulo (idarticulo, idsku, codigo, costo, idpedido, idestadoarticulo, idsucursal) VALUES (602, 21, '275-18-6705', 9500, 19, 1, null);
INSERT INTO articulo (idarticulo, idsku, codigo, costo, idpedido, idestadoarticulo, idsucursal) VALUES (603, 22, '659-11-4253', 5000, 6, 1, null);
INSERT INTO articulo (idarticulo, idsku, codigo, costo, idpedido, idestadoarticulo, idsucursal) VALUES (604, 21, '694-25-2497', 7000, 15, 1, null);
INSERT INTO articulo (idarticulo, idsku, codigo, costo, idpedido, idestadoarticulo, idsucursal) VALUES (605, 9, '663-22-8121', 7000, 10, 1, null);
INSERT INTO articulo (idarticulo, idsku, codigo, costo, idpedido, idestadoarticulo, idsucursal) VALUES (607, 7, '556-66-0831', 7500, 4, 1, null);
INSERT INTO articulo (idarticulo, idsku, codigo, costo, idpedido, idestadoarticulo, idsucursal) VALUES (608, 23, '401-61-5861', 9000, 23, 1, null);
INSERT INTO articulo (idarticulo, idsku, codigo, costo, idpedido, idestadoarticulo, idsucursal) VALUES (609, 15, '176-79-5525', 9500, 1, 1, null);
INSERT INTO articulo (idarticulo, idsku, codigo, costo, idpedido, idestadoarticulo, idsucursal) VALUES (610, 15, '790-04-9929', 3000, 10, 1, null);
INSERT INTO articulo (idarticulo, idsku, codigo, costo, idpedido, idestadoarticulo, idsucursal) VALUES (611, 16, '821-87-0602', 3500, 15, 1, null);
INSERT INTO articulo (idarticulo, idsku, codigo, costo, idpedido, idestadoarticulo, idsucursal) VALUES (613, 2, '079-25-0742', 2000, 9, 1, null);
INSERT INTO articulo (idarticulo, idsku, codigo, costo, idpedido, idestadoarticulo, idsucursal) VALUES (614, 25, '259-47-5594', 8000, 27, 1, null);
INSERT INTO articulo (idarticulo, idsku, codigo, costo, idpedido, idestadoarticulo, idsucursal) VALUES (615, 17, '763-06-0595', 1000, 25, 1, null);
INSERT INTO articulo (idarticulo, idsku, codigo, costo, idpedido, idestadoarticulo, idsucursal) VALUES (616, 4, '098-82-9165', 4500, 14, 1, null);
INSERT INTO articulo (idarticulo, idsku, codigo, costo, idpedido, idestadoarticulo, idsucursal) VALUES (618, 12, '603-49-5924', 2000, 23, 1, null);
INSERT INTO articulo (idarticulo, idsku, codigo, costo, idpedido, idestadoarticulo, idsucursal) VALUES (619, 1, '409-67-1534', 8500, 21, 1, null);
INSERT INTO articulo (idarticulo, idsku, codigo, costo, idpedido, idestadoarticulo, idsucursal) VALUES (620, 24, '777-25-7775', 8500, 21, 1, null);
INSERT INTO articulo (idarticulo, idsku, codigo, costo, idpedido, idestadoarticulo, idsucursal) VALUES (621, 17, '859-71-7892', 2000, 25, 1, null);
INSERT INTO articulo (idarticulo, idsku, codigo, costo, idpedido, idestadoarticulo, idsucursal) VALUES (622, 14, '632-76-3595', 6500, 5, 1, null);
INSERT INTO articulo (idarticulo, idsku, codigo, costo, idpedido, idestadoarticulo, idsucursal) VALUES (623, 13, '490-15-0052', 6000, 16, 1, null);
INSERT INTO articulo (idarticulo, idsku, codigo, costo, idpedido, idestadoarticulo, idsucursal) VALUES (624, 25, '814-52-6669', 3500, 5, 1, null);
INSERT INTO articulo (idarticulo, idsku, codigo, costo, idpedido, idestadoarticulo, idsucursal) VALUES (625, 10, '356-34-9174', 7000, 14, 1, null);
INSERT INTO articulo (idarticulo, idsku, codigo, costo, idpedido, idestadoarticulo, idsucursal) VALUES (626, 1, '385-77-4380', 9000, 30, 1, null);
INSERT INTO articulo (idarticulo, idsku, codigo, costo, idpedido, idestadoarticulo, idsucursal) VALUES (627, 7, '051-40-0156', 6500, 11, 1, null);
INSERT INTO articulo (idarticulo, idsku, codigo, costo, idpedido, idestadoarticulo, idsucursal) VALUES (628, 9, '392-12-4110', 1500, 13, 1, null);
INSERT INTO articulo (idarticulo, idsku, codigo, costo, idpedido, idestadoarticulo, idsucursal) VALUES (629, 5, '131-38-8922', 4500, 9, 1, null);
INSERT INTO articulo (idarticulo, idsku, codigo, costo, idpedido, idestadoarticulo, idsucursal) VALUES (630, 13, '628-28-8209', 500, 25, 1, null);
INSERT INTO articulo (idarticulo, idsku, codigo, costo, idpedido, idestadoarticulo, idsucursal) VALUES (631, 3, '462-29-5127', 2000, 11, 1, null);
INSERT INTO articulo (idarticulo, idsku, codigo, costo, idpedido, idestadoarticulo, idsucursal) VALUES (632, 15, '014-69-2201', 8000, 21, 1, null);
INSERT INTO articulo (idarticulo, idsku, codigo, costo, idpedido, idestadoarticulo, idsucursal) VALUES (633, 21, '856-93-9837', 5000, 15, 1, null);
INSERT INTO articulo (idarticulo, idsku, codigo, costo, idpedido, idestadoarticulo, idsucursal) VALUES (634, 7, '550-79-1483', 6500, 8, 1, null);
INSERT INTO articulo (idarticulo, idsku, codigo, costo, idpedido, idestadoarticulo, idsucursal) VALUES (635, 21, '748-82-9992', 4000, 29, 1, null);
INSERT INTO articulo (idarticulo, idsku, codigo, costo, idpedido, idestadoarticulo, idsucursal) VALUES (636, 2, '015-81-9030', 6500, 6, 1, null);
INSERT INTO articulo (idarticulo, idsku, codigo, costo, idpedido, idestadoarticulo, idsucursal) VALUES (637, 5, '249-93-6637', 1500, 3, 1, null);
INSERT INTO articulo (idarticulo, idsku, codigo, costo, idpedido, idestadoarticulo, idsucursal) VALUES (638, 3, '412-90-0064', 3000, 6, 1, null);
INSERT INTO articulo (idarticulo, idsku, codigo, costo, idpedido, idestadoarticulo, idsucursal) VALUES (639, 13, '201-75-0661', 8000, 15, 1, null);
INSERT INTO articulo (idarticulo, idsku, codigo, costo, idpedido, idestadoarticulo, idsucursal) VALUES (640, 5, '095-03-0968', 1500, 30, 1, null);
INSERT INTO articulo (idarticulo, idsku, codigo, costo, idpedido, idestadoarticulo, idsucursal) VALUES (641, 11, '701-04-3886', 5000, 8, 1, null);
INSERT INTO articulo (idarticulo, idsku, codigo, costo, idpedido, idestadoarticulo, idsucursal) VALUES (642, 8, '867-52-6653', 7500, 8, 1, null);
INSERT INTO articulo (idarticulo, idsku, codigo, costo, idpedido, idestadoarticulo, idsucursal) VALUES (643, 8, '461-73-8899', 8500, 2, 1, null);
INSERT INTO articulo (idarticulo, idsku, codigo, costo, idpedido, idestadoarticulo, idsucursal) VALUES (644, 18, '812-39-6147', 8500, 28, 1, null);
INSERT INTO articulo (idarticulo, idsku, codigo, costo, idpedido, idestadoarticulo, idsucursal) VALUES (645, 7, '095-04-6809', 9000, 22, 1, null);
INSERT INTO articulo (idarticulo, idsku, codigo, costo, idpedido, idestadoarticulo, idsucursal) VALUES (646, 24, '404-43-6055', 9500, 30, 1, null);
INSERT INTO articulo (idarticulo, idsku, codigo, costo, idpedido, idestadoarticulo, idsucursal) VALUES (647, 9, '165-12-5195', 2000, 8, 1, null);
INSERT INTO articulo (idarticulo, idsku, codigo, costo, idpedido, idestadoarticulo, idsucursal) VALUES (648, 19, '013-24-5125', 6500, 28, 1, null);
INSERT INTO articulo (idarticulo, idsku, codigo, costo, idpedido, idestadoarticulo, idsucursal) VALUES (649, 22, '389-71-1731', 9000, 30, 1, null);
INSERT INTO articulo (idarticulo, idsku, codigo, costo, idpedido, idestadoarticulo, idsucursal) VALUES (650, 7, '508-42-7293', 2500, 17, 1, null);
INSERT INTO articulo (idarticulo, idsku, codigo, costo, idpedido, idestadoarticulo, idsucursal) VALUES (651, 5, '891-08-5651', 5500, 22, 1, null);
INSERT INTO articulo (idarticulo, idsku, codigo, costo, idpedido, idestadoarticulo, idsucursal) VALUES (652, 18, '634-84-8733', 4000, 23, 1, null);
INSERT INTO articulo (idarticulo, idsku, codigo, costo, idpedido, idestadoarticulo, idsucursal) VALUES (653, 7, '455-65-1965', 500, 7, 1, null);
INSERT INTO articulo (idarticulo, idsku, codigo, costo, idpedido, idestadoarticulo, idsucursal) VALUES (654, 5, '559-17-4940', 9000, 13, 1, null);
INSERT INTO articulo (idarticulo, idsku, codigo, costo, idpedido, idestadoarticulo, idsucursal) VALUES (655, 24, '381-23-2645', 1500, 14, 1, null);
INSERT INTO articulo (idarticulo, idsku, codigo, costo, idpedido, idestadoarticulo, idsucursal) VALUES (656, 25, '406-43-9823', 2000, 18, 1, null);
INSERT INTO articulo (idarticulo, idsku, codigo, costo, idpedido, idestadoarticulo, idsucursal) VALUES (657, 7, '511-20-7210', 5000, 25, 1, null);
INSERT INTO articulo (idarticulo, idsku, codigo, costo, idpedido, idestadoarticulo, idsucursal) VALUES (658, 15, '768-99-6867', 8000, 18, 1, null);
INSERT INTO articulo (idarticulo, idsku, codigo, costo, idpedido, idestadoarticulo, idsucursal) VALUES (659, 7, '520-85-2049', 9000, 27, 1, null);
INSERT INTO articulo (idarticulo, idsku, codigo, costo, idpedido, idestadoarticulo, idsucursal) VALUES (660, 14, '155-44-2867', 3500, 27, 1, null);
INSERT INTO articulo (idarticulo, idsku, codigo, costo, idpedido, idestadoarticulo, idsucursal) VALUES (661, 19, '458-72-2175', 7000, 19, 1, null);
INSERT INTO articulo (idarticulo, idsku, codigo, costo, idpedido, idestadoarticulo, idsucursal) VALUES (662, 14, '156-06-8270', 3500, 6, 1, null);
INSERT INTO articulo (idarticulo, idsku, codigo, costo, idpedido, idestadoarticulo, idsucursal) VALUES (664, 19, '698-88-8205', 7000, 10, 1, null);
INSERT INTO articulo (idarticulo, idsku, codigo, costo, idpedido, idestadoarticulo, idsucursal) VALUES (665, 4, '663-25-5955', 3500, 12, 1, null);
INSERT INTO articulo (idarticulo, idsku, codigo, costo, idpedido, idestadoarticulo, idsucursal) VALUES (668, 1, '505-19-1653', 4500, 11, 1, null);
INSERT INTO articulo (idarticulo, idsku, codigo, costo, idpedido, idestadoarticulo, idsucursal) VALUES (669, 17, '204-91-2534', 2000, 12, 1, null);
INSERT INTO articulo (idarticulo, idsku, codigo, costo, idpedido, idestadoarticulo, idsucursal) VALUES (671, 22, '012-15-4205', 5000, 16, 1, null);
INSERT INTO articulo (idarticulo, idsku, codigo, costo, idpedido, idestadoarticulo, idsucursal) VALUES (673, 18, '187-63-4217', 7000, 16, 1, null);
INSERT INTO articulo (idarticulo, idsku, codigo, costo, idpedido, idestadoarticulo, idsucursal) VALUES (674, 15, '535-51-3524', 1000, 25, 1, null);
INSERT INTO articulo (idarticulo, idsku, codigo, costo, idpedido, idestadoarticulo, idsucursal) VALUES (675, 21, '130-25-4053', 1000, 17, 1, null);
INSERT INTO articulo (idarticulo, idsku, codigo, costo, idpedido, idestadoarticulo, idsucursal) VALUES (676, 1, '881-01-8671', 5500, 23, 1, null);
INSERT INTO articulo (idarticulo, idsku, codigo, costo, idpedido, idestadoarticulo, idsucursal) VALUES (677, 22, '671-64-5141', 1000, 5, 1, null);
INSERT INTO articulo (idarticulo, idsku, codigo, costo, idpedido, idestadoarticulo, idsucursal) VALUES (678, 3, '384-30-1685', 1000, 27, 1, null);
INSERT INTO articulo (idarticulo, idsku, codigo, costo, idpedido, idestadoarticulo, idsucursal) VALUES (679, 8, '524-20-2800', 5500, 22, 1, null);
INSERT INTO articulo (idarticulo, idsku, codigo, costo, idpedido, idestadoarticulo, idsucursal) VALUES (680, 16, '669-58-4664', 8500, 14, 1, null);
INSERT INTO articulo (idarticulo, idsku, codigo, costo, idpedido, idestadoarticulo, idsucursal) VALUES (672, 7, '444-71-2571', 9000, 18, 3, null);
INSERT INTO articulo (idarticulo, idsku, codigo, costo, idpedido, idestadoarticulo, idsucursal) VALUES (588, 3, '407-01-7338', 3500, 27, 3, null);
INSERT INTO articulo (idarticulo, idsku, codigo, costo, idpedido, idestadoarticulo, idsucursal) VALUES (617, 16, '468-88-1245', 2500, 30, 3, null);
INSERT INTO articulo (idarticulo, idsku, codigo, costo, idpedido, idestadoarticulo, idsucursal) VALUES (576, 18, '468-32-4751', 2000, 13, 3, null);
INSERT INTO articulo (idarticulo, idsku, codigo, costo, idpedido, idestadoarticulo, idsucursal) VALUES (574, 12, '352-35-5624', 8000, 25, 3, null);
INSERT INTO articulo (idarticulo, idsku, codigo, costo, idpedido, idestadoarticulo, idsucursal) VALUES (666, 9, '176-46-9688', 4000, 10, 3, null);
INSERT INTO articulo (idarticulo, idsku, codigo, costo, idpedido, idestadoarticulo, idsucursal) VALUES (663, 13, '585-86-4236', 2500, 29, 3, null);
INSERT INTO articulo (idarticulo, idsku, codigo, costo, idpedido, idestadoarticulo, idsucursal) VALUES (554, 11, '808-46-7742', 4500, 10, 3, null);
INSERT INTO articulo (idarticulo, idsku, codigo, costo, idpedido, idestadoarticulo, idsucursal) VALUES (606, 10, '198-87-8839', 3000, 10, 3, null);
INSERT INTO articulo (idarticulo, idsku, codigo, costo, idpedido, idestadoarticulo, idsucursal) VALUES (612, 22, '005-26-0038', 2500, 1, 3, null);
INSERT INTO articulo (idarticulo, idsku, codigo, costo, idpedido, idestadoarticulo, idsucursal) VALUES (594, 16, '183-37-4964', 7500, 4, 3, null);
INSERT INTO articulo (idarticulo, idsku, codigo, costo, idpedido, idestadoarticulo, idsucursal) VALUES (584, 5, '225-30-9437', 9000, 11, 3, null);
INSERT INTO articulo (idarticulo, idsku, codigo, costo, idpedido, idestadoarticulo, idsucursal) VALUES (581, 18, '158-85-3982', 4000, 10, 3, null);
INSERT INTO articulo (idarticulo, idsku, codigo, costo, idpedido, idestadoarticulo, idsucursal) VALUES (572, 14, '310-37-2359', 500, 23, 3, null);
INSERT INTO articulo (idarticulo, idsku, codigo, costo, idpedido, idestadoarticulo, idsucursal) VALUES (681, 23, '503-39-8627', 8000, 26, 1, null);
INSERT INTO articulo (idarticulo, idsku, codigo, costo, idpedido, idestadoarticulo, idsucursal) VALUES (682, 19, '617-29-8549', 7000, 25, 1, null);
INSERT INTO articulo (idarticulo, idsku, codigo, costo, idpedido, idestadoarticulo, idsucursal) VALUES (685, 2, '201-54-7530', 1000, 20, 1, null);
INSERT INTO articulo (idarticulo, idsku, codigo, costo, idpedido, idestadoarticulo, idsucursal) VALUES (686, 16, '064-34-4190', 9500, 29, 1, null);
INSERT INTO articulo (idarticulo, idsku, codigo, costo, idpedido, idestadoarticulo, idsucursal) VALUES (687, 7, '765-27-5182', 3500, 9, 1, null);
INSERT INTO articulo (idarticulo, idsku, codigo, costo, idpedido, idestadoarticulo, idsucursal) VALUES (688, 18, '678-30-4297', 8500, 27, 1, null);
INSERT INTO articulo (idarticulo, idsku, codigo, costo, idpedido, idestadoarticulo, idsucursal) VALUES (689, 11, '135-07-9320', 500, 18, 1, null);
INSERT INTO articulo (idarticulo, idsku, codigo, costo, idpedido, idestadoarticulo, idsucursal) VALUES (690, 18, '014-88-6891', 500, 17, 1, null);
INSERT INTO articulo (idarticulo, idsku, codigo, costo, idpedido, idestadoarticulo, idsucursal) VALUES (691, 22, '601-50-3867', 7000, 2, 1, null);
INSERT INTO articulo (idarticulo, idsku, codigo, costo, idpedido, idestadoarticulo, idsucursal) VALUES (692, 9, '136-40-7425', 8000, 29, 1, null);
INSERT INTO articulo (idarticulo, idsku, codigo, costo, idpedido, idestadoarticulo, idsucursal) VALUES (693, 6, '472-32-7227', 3500, 30, 1, null);
INSERT INTO articulo (idarticulo, idsku, codigo, costo, idpedido, idestadoarticulo, idsucursal) VALUES (694, 3, '832-38-6047', 6500, 20, 1, null);
INSERT INTO articulo (idarticulo, idsku, codigo, costo, idpedido, idestadoarticulo, idsucursal) VALUES (695, 25, '023-97-5737', 6000, 12, 1, null);
INSERT INTO articulo (idarticulo, idsku, codigo, costo, idpedido, idestadoarticulo, idsucursal) VALUES (696, 5, '836-43-1841', 500, 2, 1, null);
INSERT INTO articulo (idarticulo, idsku, codigo, costo, idpedido, idestadoarticulo, idsucursal) VALUES (697, 2, '050-37-3598', 5500, 28, 1, null);
INSERT INTO articulo (idarticulo, idsku, codigo, costo, idpedido, idestadoarticulo, idsucursal) VALUES (698, 5, '259-08-8547', 7000, 10, 1, null);
INSERT INTO articulo (idarticulo, idsku, codigo, costo, idpedido, idestadoarticulo, idsucursal) VALUES (699, 17, '136-99-7656', 3500, 21, 1, null);
INSERT INTO articulo (idarticulo, idsku, codigo, costo, idpedido, idestadoarticulo, idsucursal) VALUES (700, 8, '627-68-3806', 9000, 21, 1, null);
INSERT INTO articulo (idarticulo, idsku, codigo, costo, idpedido, idestadoarticulo, idsucursal) VALUES (701, 8, '124-75-5177', 7500, 16, 1, null);
INSERT INTO articulo (idarticulo, idsku, codigo, costo, idpedido, idestadoarticulo, idsucursal) VALUES (702, 8, '657-41-5664', 5500, 17, 1, null);
INSERT INTO articulo (idarticulo, idsku, codigo, costo, idpedido, idestadoarticulo, idsucursal) VALUES (705, 17, '425-10-8946', 6000, 5, 1, null);
INSERT INTO articulo (idarticulo, idsku, codigo, costo, idpedido, idestadoarticulo, idsucursal) VALUES (706, 9, '414-76-2469', 9000, 19, 1, null);
INSERT INTO articulo (idarticulo, idsku, codigo, costo, idpedido, idestadoarticulo, idsucursal) VALUES (707, 24, '369-18-7097', 4500, 20, 1, null);
INSERT INTO articulo (idarticulo, idsku, codigo, costo, idpedido, idestadoarticulo, idsucursal) VALUES (709, 9, '583-29-0629', 2000, 21, 1, null);
INSERT INTO articulo (idarticulo, idsku, codigo, costo, idpedido, idestadoarticulo, idsucursal) VALUES (710, 9, '695-57-9907', 2000, 8, 1, null);
INSERT INTO articulo (idarticulo, idsku, codigo, costo, idpedido, idestadoarticulo, idsucursal) VALUES (711, 3, '148-65-5298', 6500, 9, 1, null);
INSERT INTO articulo (idarticulo, idsku, codigo, costo, idpedido, idestadoarticulo, idsucursal) VALUES (714, 2, '604-96-9844', 1000, 3, 1, null);
INSERT INTO articulo (idarticulo, idsku, codigo, costo, idpedido, idestadoarticulo, idsucursal) VALUES (715, 2, '060-29-6847', 1500, 28, 1, null);
INSERT INTO articulo (idarticulo, idsku, codigo, costo, idpedido, idestadoarticulo, idsucursal) VALUES (717, 19, '700-05-1465', 6000, 3, 1, null);
INSERT INTO articulo (idarticulo, idsku, codigo, costo, idpedido, idestadoarticulo, idsucursal) VALUES (718, 19, '367-99-0587', 7000, 17, 1, null);
INSERT INTO articulo (idarticulo, idsku, codigo, costo, idpedido, idestadoarticulo, idsucursal) VALUES (719, 9, '232-46-4332', 6000, 3, 1, null);
INSERT INTO articulo (idarticulo, idsku, codigo, costo, idpedido, idestadoarticulo, idsucursal) VALUES (720, 15, '038-58-3053', 1000, 17, 1, null);
INSERT INTO articulo (idarticulo, idsku, codigo, costo, idpedido, idestadoarticulo, idsucursal) VALUES (721, 5, '450-84-1980', 2000, 23, 1, null);
INSERT INTO articulo (idarticulo, idsku, codigo, costo, idpedido, idestadoarticulo, idsucursal) VALUES (722, 25, '597-45-4266', 3500, 15, 1, null);
INSERT INTO articulo (idarticulo, idsku, codigo, costo, idpedido, idestadoarticulo, idsucursal) VALUES (723, 8, '062-49-5155', 7500, 10, 1, null);
INSERT INTO articulo (idarticulo, idsku, codigo, costo, idpedido, idestadoarticulo, idsucursal) VALUES (724, 6, '008-56-0147', 5500, 26, 1, null);
INSERT INTO articulo (idarticulo, idsku, codigo, costo, idpedido, idestadoarticulo, idsucursal) VALUES (726, 9, '209-78-4508', 1000, 11, 1, null);
INSERT INTO articulo (idarticulo, idsku, codigo, costo, idpedido, idestadoarticulo, idsucursal) VALUES (727, 16, '260-50-5427', 1500, 25, 1, null);
INSERT INTO articulo (idarticulo, idsku, codigo, costo, idpedido, idestadoarticulo, idsucursal) VALUES (728, 14, '075-98-4256', 2500, 26, 1, null);
INSERT INTO articulo (idarticulo, idsku, codigo, costo, idpedido, idestadoarticulo, idsucursal) VALUES (729, 12, '813-87-1662', 9500, 6, 1, null);
INSERT INTO articulo (idarticulo, idsku, codigo, costo, idpedido, idestadoarticulo, idsucursal) VALUES (730, 18, '116-80-0051', 4000, 25, 1, null);
INSERT INTO articulo (idarticulo, idsku, codigo, costo, idpedido, idestadoarticulo, idsucursal) VALUES (731, 1, '550-45-0032', 7500, 28, 1, null);
INSERT INTO articulo (idarticulo, idsku, codigo, costo, idpedido, idestadoarticulo, idsucursal) VALUES (732, 6, '594-63-2050', 2500, 4, 1, null);
INSERT INTO articulo (idarticulo, idsku, codigo, costo, idpedido, idestadoarticulo, idsucursal) VALUES (733, 6, '473-72-1021', 7000, 15, 1, null);
INSERT INTO articulo (idarticulo, idsku, codigo, costo, idpedido, idestadoarticulo, idsucursal) VALUES (734, 22, '533-35-5135', 3000, 15, 1, null);
INSERT INTO articulo (idarticulo, idsku, codigo, costo, idpedido, idestadoarticulo, idsucursal) VALUES (735, 7, '424-96-4570', 3500, 25, 1, null);
INSERT INTO articulo (idarticulo, idsku, codigo, costo, idpedido, idestadoarticulo, idsucursal) VALUES (736, 16, '258-38-0159', 2000, 6, 1, null);
INSERT INTO articulo (idarticulo, idsku, codigo, costo, idpedido, idestadoarticulo, idsucursal) VALUES (737, 22, '711-20-4052', 4500, 14, 1, null);
INSERT INTO articulo (idarticulo, idsku, codigo, costo, idpedido, idestadoarticulo, idsucursal) VALUES (738, 8, '498-42-2480', 1000, 14, 1, null);
INSERT INTO articulo (idarticulo, idsku, codigo, costo, idpedido, idestadoarticulo, idsucursal) VALUES (740, 22, '078-41-2465', 500, 10, 1, null);
INSERT INTO articulo (idarticulo, idsku, codigo, costo, idpedido, idestadoarticulo, idsucursal) VALUES (741, 25, '273-60-4815', 1000, 11, 1, null);
INSERT INTO articulo (idarticulo, idsku, codigo, costo, idpedido, idestadoarticulo, idsucursal) VALUES (742, 10, '135-13-7564', 500, 22, 1, null);
INSERT INTO articulo (idarticulo, idsku, codigo, costo, idpedido, idestadoarticulo, idsucursal) VALUES (743, 11, '261-52-9712', 500, 21, 1, null);
INSERT INTO articulo (idarticulo, idsku, codigo, costo, idpedido, idestadoarticulo, idsucursal) VALUES (744, 3, '209-12-7182', 8500, 18, 1, null);
INSERT INTO articulo (idarticulo, idsku, codigo, costo, idpedido, idestadoarticulo, idsucursal) VALUES (745, 21, '842-26-8825', 2500, 29, 1, null);
INSERT INTO articulo (idarticulo, idsku, codigo, costo, idpedido, idestadoarticulo, idsucursal) VALUES (746, 21, '228-65-4151', 5000, 12, 1, null);
INSERT INTO articulo (idarticulo, idsku, codigo, costo, idpedido, idestadoarticulo, idsucursal) VALUES (747, 24, '632-47-8279', 3000, 22, 1, null);
INSERT INTO articulo (idarticulo, idsku, codigo, costo, idpedido, idestadoarticulo, idsucursal) VALUES (748, 12, '005-39-4498', 4000, 19, 1, null);
INSERT INTO articulo (idarticulo, idsku, codigo, costo, idpedido, idestadoarticulo, idsucursal) VALUES (751, 5, '840-42-4528', 1000, 8, 1, null);
INSERT INTO articulo (idarticulo, idsku, codigo, costo, idpedido, idestadoarticulo, idsucursal) VALUES (753, 2, '285-74-8671', 7500, 7, 1, null);
INSERT INTO articulo (idarticulo, idsku, codigo, costo, idpedido, idestadoarticulo, idsucursal) VALUES (754, 6, '784-45-7358', 3500, 18, 1, null);
INSERT INTO articulo (idarticulo, idsku, codigo, costo, idpedido, idestadoarticulo, idsucursal) VALUES (755, 11, '648-08-8010', 7500, 12, 1, null);
INSERT INTO articulo (idarticulo, idsku, codigo, costo, idpedido, idestadoarticulo, idsucursal) VALUES (756, 13, '639-02-1177', 1500, 10, 1, null);
INSERT INTO articulo (idarticulo, idsku, codigo, costo, idpedido, idestadoarticulo, idsucursal) VALUES (757, 6, '673-16-4674', 6000, 26, 1, null);
INSERT INTO articulo (idarticulo, idsku, codigo, costo, idpedido, idestadoarticulo, idsucursal) VALUES (759, 5, '303-06-7622', 1000, 13, 1, null);
INSERT INTO articulo (idarticulo, idsku, codigo, costo, idpedido, idestadoarticulo, idsucursal) VALUES (760, 22, '887-04-7049', 8500, 11, 1, null);
INSERT INTO articulo (idarticulo, idsku, codigo, costo, idpedido, idestadoarticulo, idsucursal) VALUES (761, 20, '326-91-9273', 5500, 29, 1, null);
INSERT INTO articulo (idarticulo, idsku, codigo, costo, idpedido, idestadoarticulo, idsucursal) VALUES (762, 7, '136-29-9030', 3000, 29, 1, null);
INSERT INTO articulo (idarticulo, idsku, codigo, costo, idpedido, idestadoarticulo, idsucursal) VALUES (763, 10, '879-40-9378', 3000, 6, 1, null);
INSERT INTO articulo (idarticulo, idsku, codigo, costo, idpedido, idestadoarticulo, idsucursal) VALUES (764, 1, '695-39-9214', 9500, 20, 1, null);
INSERT INTO articulo (idarticulo, idsku, codigo, costo, idpedido, idestadoarticulo, idsucursal) VALUES (765, 3, '538-56-3126', 9500, 13, 1, null);
INSERT INTO articulo (idarticulo, idsku, codigo, costo, idpedido, idestadoarticulo, idsucursal) VALUES (766, 2, '473-71-9166', 9000, 30, 1, null);
INSERT INTO articulo (idarticulo, idsku, codigo, costo, idpedido, idestadoarticulo, idsucursal) VALUES (767, 5, '547-42-8943', 6500, 4, 1, null);
INSERT INTO articulo (idarticulo, idsku, codigo, costo, idpedido, idestadoarticulo, idsucursal) VALUES (769, 22, '610-69-7978', 7500, 2, 1, null);
INSERT INTO articulo (idarticulo, idsku, codigo, costo, idpedido, idestadoarticulo, idsucursal) VALUES (770, 10, '044-90-0836', 6000, 6, 1, null);
INSERT INTO articulo (idarticulo, idsku, codigo, costo, idpedido, idestadoarticulo, idsucursal) VALUES (771, 16, '152-54-1046', 3500, 4, 1, null);
INSERT INTO articulo (idarticulo, idsku, codigo, costo, idpedido, idestadoarticulo, idsucursal) VALUES (772, 16, '294-51-9845', 2000, 26, 1, null);
INSERT INTO articulo (idarticulo, idsku, codigo, costo, idpedido, idestadoarticulo, idsucursal) VALUES (773, 8, '282-49-8717', 6000, 23, 1, null);
INSERT INTO articulo (idarticulo, idsku, codigo, costo, idpedido, idestadoarticulo, idsucursal) VALUES (775, 25, '706-13-6318', 1500, 3, 1, null);
INSERT INTO articulo (idarticulo, idsku, codigo, costo, idpedido, idestadoarticulo, idsucursal) VALUES (776, 10, '581-56-2235', 1500, 23, 1, null);
INSERT INTO articulo (idarticulo, idsku, codigo, costo, idpedido, idestadoarticulo, idsucursal) VALUES (777, 11, '149-42-3313', 500, 11, 1, null);
INSERT INTO articulo (idarticulo, idsku, codigo, costo, idpedido, idestadoarticulo, idsucursal) VALUES (778, 17, '778-26-9189', 2000, 2, 1, null);
INSERT INTO articulo (idarticulo, idsku, codigo, costo, idpedido, idestadoarticulo, idsucursal) VALUES (780, 11, '427-38-1984', 500, 6, 1, null);
INSERT INTO articulo (idarticulo, idsku, codigo, costo, idpedido, idestadoarticulo, idsucursal) VALUES (781, 9, '222-48-2762', 4000, 13, 1, null);
INSERT INTO articulo (idarticulo, idsku, codigo, costo, idpedido, idestadoarticulo, idsucursal) VALUES (782, 21, '576-33-3630', 6000, 24, 1, null);
INSERT INTO articulo (idarticulo, idsku, codigo, costo, idpedido, idestadoarticulo, idsucursal) VALUES (785, 8, '092-44-1403', 3000, 20, 1, null);
INSERT INTO articulo (idarticulo, idsku, codigo, costo, idpedido, idestadoarticulo, idsucursal) VALUES (786, 4, '820-98-8307', 1000, 21, 1, null);
INSERT INTO articulo (idarticulo, idsku, codigo, costo, idpedido, idestadoarticulo, idsucursal) VALUES (787, 25, '785-14-5722', 2000, 27, 1, null);
INSERT INTO articulo (idarticulo, idsku, codigo, costo, idpedido, idestadoarticulo, idsucursal) VALUES (788, 5, '488-88-5537', 9500, 8, 1, null);
INSERT INTO articulo (idarticulo, idsku, codigo, costo, idpedido, idestadoarticulo, idsucursal) VALUES (789, 15, '120-94-6514', 2500, 22, 1, null);
INSERT INTO articulo (idarticulo, idsku, codigo, costo, idpedido, idestadoarticulo, idsucursal) VALUES (790, 12, '754-58-9194', 9500, 27, 1, null);
INSERT INTO articulo (idarticulo, idsku, codigo, costo, idpedido, idestadoarticulo, idsucursal) VALUES (791, 8, '613-79-6153', 500, 27, 1, null);
INSERT INTO articulo (idarticulo, idsku, codigo, costo, idpedido, idestadoarticulo, idsucursal) VALUES (792, 8, '885-04-4403', 8000, 29, 1, null);
INSERT INTO articulo (idarticulo, idsku, codigo, costo, idpedido, idestadoarticulo, idsucursal) VALUES (794, 8, '669-67-9403', 3000, 13, 1, null);
INSERT INTO articulo (idarticulo, idsku, codigo, costo, idpedido, idestadoarticulo, idsucursal) VALUES (795, 14, '562-85-2542', 7000, 25, 1, null);
INSERT INTO articulo (idarticulo, idsku, codigo, costo, idpedido, idestadoarticulo, idsucursal) VALUES (796, 12, '299-35-6638', 1500, 23, 1, null);
INSERT INTO articulo (idarticulo, idsku, codigo, costo, idpedido, idestadoarticulo, idsucursal) VALUES (797, 10, '815-98-6703', 9500, 12, 1, null);
INSERT INTO articulo (idarticulo, idsku, codigo, costo, idpedido, idestadoarticulo, idsucursal) VALUES (798, 17, '540-23-6017', 7000, 28, 1, null);
INSERT INTO articulo (idarticulo, idsku, codigo, costo, idpedido, idestadoarticulo, idsucursal) VALUES (799, 6, '762-89-4898', 2500, 4, 1, null);
INSERT INTO articulo (idarticulo, idsku, codigo, costo, idpedido, idestadoarticulo, idsucursal) VALUES (801, 22, '155-50-2219', 2500, 17, 1, null);
INSERT INTO articulo (idarticulo, idsku, codigo, costo, idpedido, idestadoarticulo, idsucursal) VALUES (802, 10, '139-91-2011', 5500, 10, 1, null);
INSERT INTO articulo (idarticulo, idsku, codigo, costo, idpedido, idestadoarticulo, idsucursal) VALUES (804, 18, '715-95-0084', 5500, 9, 1, null);
INSERT INTO articulo (idarticulo, idsku, codigo, costo, idpedido, idestadoarticulo, idsucursal) VALUES (805, 1, '246-35-7918', 8000, 16, 1, null);
INSERT INTO articulo (idarticulo, idsku, codigo, costo, idpedido, idestadoarticulo, idsucursal) VALUES (806, 11, '500-53-4460', 8500, 2, 1, null);
INSERT INTO articulo (idarticulo, idsku, codigo, costo, idpedido, idestadoarticulo, idsucursal) VALUES (807, 12, '637-78-3071', 500, 3, 1, null);
INSERT INTO articulo (idarticulo, idsku, codigo, costo, idpedido, idestadoarticulo, idsucursal) VALUES (808, 22, '568-21-3612', 500, 19, 1, null);
INSERT INTO articulo (idarticulo, idsku, codigo, costo, idpedido, idestadoarticulo, idsucursal) VALUES (809, 9, '177-37-0347', 3000, 22, 1, null);
INSERT INTO articulo (idarticulo, idsku, codigo, costo, idpedido, idestadoarticulo, idsucursal) VALUES (810, 14, '604-17-5286', 500, 29, 1, null);
INSERT INTO articulo (idarticulo, idsku, codigo, costo, idpedido, idestadoarticulo, idsucursal) VALUES (811, 7, '440-05-1441', 4500, 3, 1, null);
INSERT INTO articulo (idarticulo, idsku, codigo, costo, idpedido, idestadoarticulo, idsucursal) VALUES (812, 10, '505-77-5471', 4500, 8, 1, null);
INSERT INTO articulo (idarticulo, idsku, codigo, costo, idpedido, idestadoarticulo, idsucursal) VALUES (813, 2, '425-62-8827', 5500, 22, 1, null);
INSERT INTO articulo (idarticulo, idsku, codigo, costo, idpedido, idestadoarticulo, idsucursal) VALUES (814, 5, '604-11-6121', 2500, 28, 1, null);
INSERT INTO articulo (idarticulo, idsku, codigo, costo, idpedido, idestadoarticulo, idsucursal) VALUES (815, 16, '561-19-2785', 2000, 5, 1, null);
INSERT INTO articulo (idarticulo, idsku, codigo, costo, idpedido, idestadoarticulo, idsucursal) VALUES (816, 21, '570-60-3070', 1500, 15, 1, null);
INSERT INTO articulo (idarticulo, idsku, codigo, costo, idpedido, idestadoarticulo, idsucursal) VALUES (783, 1, '562-39-8803', 2500, 23, 3, null);
INSERT INTO articulo (idarticulo, idsku, codigo, costo, idpedido, idestadoarticulo, idsucursal) VALUES (683, 9, '755-43-5765', 6500, 14, 3, null);
INSERT INTO articulo (idarticulo, idsku, codigo, costo, idpedido, idestadoarticulo, idsucursal) VALUES (779, 19, '894-99-8481', 9500, 14, 3, null);
INSERT INTO articulo (idarticulo, idsku, codigo, costo, idpedido, idestadoarticulo, idsucursal) VALUES (750, 12, '202-86-9734', 2500, 4, 3, null);
INSERT INTO articulo (idarticulo, idsku, codigo, costo, idpedido, idestadoarticulo, idsucursal) VALUES (712, 22, '142-01-9995', 3000, 1, 3, null);
INSERT INTO articulo (idarticulo, idsku, codigo, costo, idpedido, idestadoarticulo, idsucursal) VALUES (758, 7, '454-37-1488', 500, 9, 3, null);
INSERT INTO articulo (idarticulo, idsku, codigo, costo, idpedido, idestadoarticulo, idsucursal) VALUES (703, 21, '386-56-6959', 3000, 13, 3, null);
INSERT INTO articulo (idarticulo, idsku, codigo, costo, idpedido, idestadoarticulo, idsucursal) VALUES (803, 6, '359-29-3793', 8000, 30, 3, null);
INSERT INTO articulo (idarticulo, idsku, codigo, costo, idpedido, idestadoarticulo, idsucursal) VALUES (704, 15, '348-53-1249', 6000, 23, 3, null);
INSERT INTO articulo (idarticulo, idsku, codigo, costo, idpedido, idestadoarticulo, idsucursal) VALUES (784, 10, '243-73-1107', 1500, 23, 3, null);
INSERT INTO articulo (idarticulo, idsku, codigo, costo, idpedido, idestadoarticulo, idsucursal) VALUES (768, 8, '644-07-6335', 1000, 9, 3, null);
INSERT INTO articulo (idarticulo, idsku, codigo, costo, idpedido, idestadoarticulo, idsucursal) VALUES (752, 10, '653-35-8734', 4000, 12, 3, null);
INSERT INTO articulo (idarticulo, idsku, codigo, costo, idpedido, idestadoarticulo, idsucursal) VALUES (713, 22, '874-40-0213', 4500, 19, 3, null);
INSERT INTO articulo (idarticulo, idsku, codigo, costo, idpedido, idestadoarticulo, idsucursal) VALUES (739, 17, '595-92-0708', 500, 17, 3, null);
INSERT INTO articulo (idarticulo, idsku, codigo, costo, idpedido, idestadoarticulo, idsucursal) VALUES (749, 18, '592-03-3906', 1000, 3, 3, null);
INSERT INTO articulo (idarticulo, idsku, codigo, costo, idpedido, idestadoarticulo, idsucursal) VALUES (800, 2, '746-28-5469', 4000, 13, 3, null);
INSERT INTO articulo (idarticulo, idsku, codigo, costo, idpedido, idestadoarticulo, idsucursal) VALUES (725, 9, '140-06-7022', 2000, 20, 3, null);
INSERT INTO articulo (idarticulo, idsku, codigo, costo, idpedido, idestadoarticulo, idsucursal) VALUES (684, 11, '183-17-4194', 9500, 17, 3, null);
INSERT INTO articulo (idarticulo, idsku, codigo, costo, idpedido, idestadoarticulo, idsucursal) VALUES (817, 10, '871-40-1050', 2500, 12, 1, null);
INSERT INTO articulo (idarticulo, idsku, codigo, costo, idpedido, idestadoarticulo, idsucursal) VALUES (818, 17, '820-43-5863', 7500, 14, 1, null);
INSERT INTO articulo (idarticulo, idsku, codigo, costo, idpedido, idestadoarticulo, idsucursal) VALUES (819, 13, '059-23-8530', 9000, 18, 1, null);
INSERT INTO articulo (idarticulo, idsku, codigo, costo, idpedido, idestadoarticulo, idsucursal) VALUES (820, 5, '188-56-7996', 3000, 8, 1, null);
INSERT INTO articulo (idarticulo, idsku, codigo, costo, idpedido, idestadoarticulo, idsucursal) VALUES (822, 8, '413-09-9502', 3000, 14, 1, null);
INSERT INTO articulo (idarticulo, idsku, codigo, costo, idpedido, idestadoarticulo, idsucursal) VALUES (823, 13, '409-33-2729', 5000, 28, 1, null);
INSERT INTO articulo (idarticulo, idsku, codigo, costo, idpedido, idestadoarticulo, idsucursal) VALUES (824, 13, '526-14-3018', 8000, 17, 1, null);
INSERT INTO articulo (idarticulo, idsku, codigo, costo, idpedido, idestadoarticulo, idsucursal) VALUES (825, 11, '878-73-4350', 4500, 23, 1, null);
INSERT INTO articulo (idarticulo, idsku, codigo, costo, idpedido, idestadoarticulo, idsucursal) VALUES (827, 1, '717-03-5263', 6500, 9, 1, null);
INSERT INTO articulo (idarticulo, idsku, codigo, costo, idpedido, idestadoarticulo, idsucursal) VALUES (828, 7, '152-80-5681', 7000, 15, 1, null);
INSERT INTO articulo (idarticulo, idsku, codigo, costo, idpedido, idestadoarticulo, idsucursal) VALUES (829, 14, '648-21-6471', 5000, 26, 1, null);
INSERT INTO articulo (idarticulo, idsku, codigo, costo, idpedido, idestadoarticulo, idsucursal) VALUES (830, 5, '709-78-6713', 1000, 7, 1, null);
INSERT INTO articulo (idarticulo, idsku, codigo, costo, idpedido, idestadoarticulo, idsucursal) VALUES (832, 6, '707-31-3578', 1500, 20, 1, null);
INSERT INTO articulo (idarticulo, idsku, codigo, costo, idpedido, idestadoarticulo, idsucursal) VALUES (834, 7, '783-83-1003', 5500, 29, 1, null);
INSERT INTO articulo (idarticulo, idsku, codigo, costo, idpedido, idestadoarticulo, idsucursal) VALUES (835, 7, '055-26-4213', 7000, 11, 1, null);
INSERT INTO articulo (idarticulo, idsku, codigo, costo, idpedido, idestadoarticulo, idsucursal) VALUES (836, 9, '104-99-5210', 8000, 21, 1, null);
INSERT INTO articulo (idarticulo, idsku, codigo, costo, idpedido, idestadoarticulo, idsucursal) VALUES (837, 19, '210-03-9031', 3500, 22, 1, null);
INSERT INTO articulo (idarticulo, idsku, codigo, costo, idpedido, idestadoarticulo, idsucursal) VALUES (838, 15, '413-28-9739', 4500, 14, 1, null);
INSERT INTO articulo (idarticulo, idsku, codigo, costo, idpedido, idestadoarticulo, idsucursal) VALUES (839, 3, '716-15-9813', 8000, 21, 1, null);
INSERT INTO articulo (idarticulo, idsku, codigo, costo, idpedido, idestadoarticulo, idsucursal) VALUES (840, 25, '126-58-9714', 7500, 9, 1, null);
INSERT INTO articulo (idarticulo, idsku, codigo, costo, idpedido, idestadoarticulo, idsucursal) VALUES (841, 10, '703-39-7616', 500, 19, 1, null);
INSERT INTO articulo (idarticulo, idsku, codigo, costo, idpedido, idestadoarticulo, idsucursal) VALUES (842, 6, '067-46-6372', 6500, 23, 1, null);
INSERT INTO articulo (idarticulo, idsku, codigo, costo, idpedido, idestadoarticulo, idsucursal) VALUES (843, 18, '492-36-5827', 2500, 27, 1, null);
INSERT INTO articulo (idarticulo, idsku, codigo, costo, idpedido, idestadoarticulo, idsucursal) VALUES (844, 5, '721-62-1070', 1500, 24, 1, null);
INSERT INTO articulo (idarticulo, idsku, codigo, costo, idpedido, idestadoarticulo, idsucursal) VALUES (845, 22, '100-62-4193', 500, 4, 1, null);
INSERT INTO articulo (idarticulo, idsku, codigo, costo, idpedido, idestadoarticulo, idsucursal) VALUES (846, 22, '736-21-0186', 2000, 18, 1, null);
INSERT INTO articulo (idarticulo, idsku, codigo, costo, idpedido, idestadoarticulo, idsucursal) VALUES (847, 15, '726-14-5884', 4500, 21, 1, null);
INSERT INTO articulo (idarticulo, idsku, codigo, costo, idpedido, idestadoarticulo, idsucursal) VALUES (848, 7, '341-95-8915', 3500, 4, 1, null);
INSERT INTO articulo (idarticulo, idsku, codigo, costo, idpedido, idestadoarticulo, idsucursal) VALUES (849, 17, '068-62-5968', 8500, 6, 1, null);
INSERT INTO articulo (idarticulo, idsku, codigo, costo, idpedido, idestadoarticulo, idsucursal) VALUES (850, 21, '835-39-1905', 9500, 14, 1, null);
INSERT INTO articulo (idarticulo, idsku, codigo, costo, idpedido, idestadoarticulo, idsucursal) VALUES (851, 18, '855-42-4872', 1000, 5, 1, null);
INSERT INTO articulo (idarticulo, idsku, codigo, costo, idpedido, idestadoarticulo, idsucursal) VALUES (852, 19, '066-53-2792', 4000, 13, 1, null);
INSERT INTO articulo (idarticulo, idsku, codigo, costo, idpedido, idestadoarticulo, idsucursal) VALUES (853, 19, '814-08-9230', 3000, 14, 1, null);
INSERT INTO articulo (idarticulo, idsku, codigo, costo, idpedido, idestadoarticulo, idsucursal) VALUES (854, 22, '751-47-1728', 3000, 12, 1, null);
INSERT INTO articulo (idarticulo, idsku, codigo, costo, idpedido, idestadoarticulo, idsucursal) VALUES (855, 14, '776-11-1374', 5500, 3, 1, null);
INSERT INTO articulo (idarticulo, idsku, codigo, costo, idpedido, idestadoarticulo, idsucursal) VALUES (857, 23, '565-33-7219', 5000, 18, 1, null);
INSERT INTO articulo (idarticulo, idsku, codigo, costo, idpedido, idestadoarticulo, idsucursal) VALUES (858, 23, '893-91-2534', 9000, 14, 1, null);
INSERT INTO articulo (idarticulo, idsku, codigo, costo, idpedido, idestadoarticulo, idsucursal) VALUES (859, 4, '608-15-2388', 8000, 30, 1, null);
INSERT INTO articulo (idarticulo, idsku, codigo, costo, idpedido, idestadoarticulo, idsucursal) VALUES (860, 12, '250-41-7573', 6000, 1, 1, null);
INSERT INTO articulo (idarticulo, idsku, codigo, costo, idpedido, idestadoarticulo, idsucursal) VALUES (861, 20, '469-11-9760', 4000, 28, 1, null);
INSERT INTO articulo (idarticulo, idsku, codigo, costo, idpedido, idestadoarticulo, idsucursal) VALUES (862, 12, '727-64-3917', 5500, 17, 1, null);
INSERT INTO articulo (idarticulo, idsku, codigo, costo, idpedido, idestadoarticulo, idsucursal) VALUES (863, 11, '241-29-1262', 3500, 22, 1, null);
INSERT INTO articulo (idarticulo, idsku, codigo, costo, idpedido, idestadoarticulo, idsucursal) VALUES (864, 20, '292-61-2781', 5000, 30, 1, null);
INSERT INTO articulo (idarticulo, idsku, codigo, costo, idpedido, idestadoarticulo, idsucursal) VALUES (865, 22, '643-80-1162', 1500, 21, 1, null);
INSERT INTO articulo (idarticulo, idsku, codigo, costo, idpedido, idestadoarticulo, idsucursal) VALUES (866, 16, '629-41-0542', 5000, 17, 1, null);
INSERT INTO articulo (idarticulo, idsku, codigo, costo, idpedido, idestadoarticulo, idsucursal) VALUES (868, 16, '487-40-7056', 7500, 11, 1, null);
INSERT INTO articulo (idarticulo, idsku, codigo, costo, idpedido, idestadoarticulo, idsucursal) VALUES (869, 20, '140-99-3267', 8500, 29, 1, null);
INSERT INTO articulo (idarticulo, idsku, codigo, costo, idpedido, idestadoarticulo, idsucursal) VALUES (870, 19, '341-24-0446', 4000, 27, 1, null);
INSERT INTO articulo (idarticulo, idsku, codigo, costo, idpedido, idestadoarticulo, idsucursal) VALUES (871, 24, '825-53-5797', 9500, 29, 1, null);
INSERT INTO articulo (idarticulo, idsku, codigo, costo, idpedido, idestadoarticulo, idsucursal) VALUES (873, 11, '737-80-8279', 7000, 9, 1, null);
INSERT INTO articulo (idarticulo, idsku, codigo, costo, idpedido, idestadoarticulo, idsucursal) VALUES (874, 8, '265-10-4866', 2000, 30, 1, null);
INSERT INTO articulo (idarticulo, idsku, codigo, costo, idpedido, idestadoarticulo, idsucursal) VALUES (875, 10, '302-84-8585', 7000, 6, 1, null);
INSERT INTO articulo (idarticulo, idsku, codigo, costo, idpedido, idestadoarticulo, idsucursal) VALUES (876, 12, '602-84-2834', 1000, 30, 1, null);
INSERT INTO articulo (idarticulo, idsku, codigo, costo, idpedido, idestadoarticulo, idsucursal) VALUES (877, 24, '348-16-5172', 3500, 6, 1, null);
INSERT INTO articulo (idarticulo, idsku, codigo, costo, idpedido, idestadoarticulo, idsucursal) VALUES (878, 1, '487-27-6280', 5500, 18, 1, null);
INSERT INTO articulo (idarticulo, idsku, codigo, costo, idpedido, idestadoarticulo, idsucursal) VALUES (879, 18, '151-79-4873', 7500, 9, 1, null);
INSERT INTO articulo (idarticulo, idsku, codigo, costo, idpedido, idestadoarticulo, idsucursal) VALUES (880, 3, '657-29-1540', 4500, 23, 1, null);
INSERT INTO articulo (idarticulo, idsku, codigo, costo, idpedido, idestadoarticulo, idsucursal) VALUES (881, 18, '818-48-0252', 5500, 29, 1, null);
INSERT INTO articulo (idarticulo, idsku, codigo, costo, idpedido, idestadoarticulo, idsucursal) VALUES (882, 7, '331-18-7152', 9000, 8, 1, null);
INSERT INTO articulo (idarticulo, idsku, codigo, costo, idpedido, idestadoarticulo, idsucursal) VALUES (884, 1, '532-75-3254', 2000, 22, 1, null);
INSERT INTO articulo (idarticulo, idsku, codigo, costo, idpedido, idestadoarticulo, idsucursal) VALUES (885, 6, '891-64-1141', 1500, 20, 1, null);
INSERT INTO articulo (idarticulo, idsku, codigo, costo, idpedido, idestadoarticulo, idsucursal) VALUES (886, 9, '744-22-8400', 5000, 1, 1, null);
INSERT INTO articulo (idarticulo, idsku, codigo, costo, idpedido, idestadoarticulo, idsucursal) VALUES (887, 24, '084-78-2824', 1500, 24, 1, null);
INSERT INTO articulo (idarticulo, idsku, codigo, costo, idpedido, idestadoarticulo, idsucursal) VALUES (888, 17, '133-93-2202', 8500, 7, 1, null);
INSERT INTO articulo (idarticulo, idsku, codigo, costo, idpedido, idestadoarticulo, idsucursal) VALUES (889, 21, '795-37-4761', 7500, 13, 1, null);
INSERT INTO articulo (idarticulo, idsku, codigo, costo, idpedido, idestadoarticulo, idsucursal) VALUES (890, 3, '219-02-7144', 5000, 18, 1, null);
INSERT INTO articulo (idarticulo, idsku, codigo, costo, idpedido, idestadoarticulo, idsucursal) VALUES (891, 19, '055-48-3763', 3000, 24, 1, null);
INSERT INTO articulo (idarticulo, idsku, codigo, costo, idpedido, idestadoarticulo, idsucursal) VALUES (892, 9, '084-24-1675', 6500, 28, 1, null);
INSERT INTO articulo (idarticulo, idsku, codigo, costo, idpedido, idestadoarticulo, idsucursal) VALUES (893, 1, '832-45-5676', 3000, 22, 1, null);
INSERT INTO articulo (idarticulo, idsku, codigo, costo, idpedido, idestadoarticulo, idsucursal) VALUES (894, 23, '197-66-8170', 8500, 11, 1, null);
INSERT INTO articulo (idarticulo, idsku, codigo, costo, idpedido, idestadoarticulo, idsucursal) VALUES (895, 2, '698-42-3196', 5000, 2, 1, null);
INSERT INTO articulo (idarticulo, idsku, codigo, costo, idpedido, idestadoarticulo, idsucursal) VALUES (896, 11, '835-98-8564', 500, 7, 1, null);
INSERT INTO articulo (idarticulo, idsku, codigo, costo, idpedido, idestadoarticulo, idsucursal) VALUES (897, 5, '615-67-3286', 2000, 1, 1, null);
INSERT INTO articulo (idarticulo, idsku, codigo, costo, idpedido, idestadoarticulo, idsucursal) VALUES (898, 6, '048-49-0339', 2000, 27, 1, null);
INSERT INTO articulo (idarticulo, idsku, codigo, costo, idpedido, idestadoarticulo, idsucursal) VALUES (900, 24, '299-46-1529', 2000, 19, 1, null);
INSERT INTO articulo (idarticulo, idsku, codigo, costo, idpedido, idestadoarticulo, idsucursal) VALUES (901, 20, '829-95-8230', 3500, 30, 1, null);
INSERT INTO articulo (idarticulo, idsku, codigo, costo, idpedido, idestadoarticulo, idsucursal) VALUES (902, 3, '242-20-4585', 6000, 27, 1, null);
INSERT INTO articulo (idarticulo, idsku, codigo, costo, idpedido, idestadoarticulo, idsucursal) VALUES (903, 22, '211-86-7541', 7500, 27, 1, null);
INSERT INTO articulo (idarticulo, idsku, codigo, costo, idpedido, idestadoarticulo, idsucursal) VALUES (904, 15, '838-53-7582', 8500, 2, 1, null);
INSERT INTO articulo (idarticulo, idsku, codigo, costo, idpedido, idestadoarticulo, idsucursal) VALUES (905, 15, '142-24-8681', 4500, 14, 1, null);
INSERT INTO articulo (idarticulo, idsku, codigo, costo, idpedido, idestadoarticulo, idsucursal) VALUES (906, 23, '818-42-8299', 8000, 2, 1, null);
INSERT INTO articulo (idarticulo, idsku, codigo, costo, idpedido, idestadoarticulo, idsucursal) VALUES (907, 14, '241-47-3927', 500, 29, 1, null);
INSERT INTO articulo (idarticulo, idsku, codigo, costo, idpedido, idestadoarticulo, idsucursal) VALUES (908, 25, '619-59-3238', 1000, 15, 1, null);
INSERT INTO articulo (idarticulo, idsku, codigo, costo, idpedido, idestadoarticulo, idsucursal) VALUES (909, 4, '712-23-3414', 7500, 28, 1, null);
INSERT INTO articulo (idarticulo, idsku, codigo, costo, idpedido, idestadoarticulo, idsucursal) VALUES (910, 17, '221-28-4815', 5500, 21, 1, null);
INSERT INTO articulo (idarticulo, idsku, codigo, costo, idpedido, idestadoarticulo, idsucursal) VALUES (911, 12, '306-86-4592', 7500, 6, 1, null);
INSERT INTO articulo (idarticulo, idsku, codigo, costo, idpedido, idestadoarticulo, idsucursal) VALUES (912, 23, '700-38-6052', 3000, 17, 1, null);
INSERT INTO articulo (idarticulo, idsku, codigo, costo, idpedido, idestadoarticulo, idsucursal) VALUES (913, 23, '065-77-0508', 6500, 26, 1, null);
INSERT INTO articulo (idarticulo, idsku, codigo, costo, idpedido, idestadoarticulo, idsucursal) VALUES (914, 13, '163-22-0292', 4000, 4, 1, null);
INSERT INTO articulo (idarticulo, idsku, codigo, costo, idpedido, idestadoarticulo, idsucursal) VALUES (915, 5, '617-76-6900', 2500, 18, 1, null);
INSERT INTO articulo (idarticulo, idsku, codigo, costo, idpedido, idestadoarticulo, idsucursal) VALUES (916, 24, '595-63-2624', 6000, 10, 1, null);
INSERT INTO articulo (idarticulo, idsku, codigo, costo, idpedido, idestadoarticulo, idsucursal) VALUES (917, 5, '788-38-2463', 8500, 20, 1, null);
INSERT INTO articulo (idarticulo, idsku, codigo, costo, idpedido, idestadoarticulo, idsucursal) VALUES (918, 6, '049-97-2549', 4500, 16, 1, null);
INSERT INTO articulo (idarticulo, idsku, codigo, costo, idpedido, idestadoarticulo, idsucursal) VALUES (919, 10, '420-78-0370', 4500, 17, 1, null);
INSERT INTO articulo (idarticulo, idsku, codigo, costo, idpedido, idestadoarticulo, idsucursal) VALUES (920, 4, '757-53-6902', 8000, 24, 1, null);
INSERT INTO articulo (idarticulo, idsku, codigo, costo, idpedido, idestadoarticulo, idsucursal) VALUES (921, 23, '797-46-9087', 6000, 9, 1, null);
INSERT INTO articulo (idarticulo, idsku, codigo, costo, idpedido, idestadoarticulo, idsucursal) VALUES (922, 16, '374-84-7468', 6500, 24, 1, null);
INSERT INTO articulo (idarticulo, idsku, codigo, costo, idpedido, idestadoarticulo, idsucursal) VALUES (923, 10, '875-61-1146', 4500, 24, 1, null);
INSERT INTO articulo (idarticulo, idsku, codigo, costo, idpedido, idestadoarticulo, idsucursal) VALUES (924, 25, '789-02-8068', 2000, 11, 1, null);
INSERT INTO articulo (idarticulo, idsku, codigo, costo, idpedido, idestadoarticulo, idsucursal) VALUES (925, 6, '078-07-7423', 8500, 21, 1, null);
INSERT INTO articulo (idarticulo, idsku, codigo, costo, idpedido, idestadoarticulo, idsucursal) VALUES (927, 15, '404-67-6868', 4000, 11, 1, null);
INSERT INTO articulo (idarticulo, idsku, codigo, costo, idpedido, idestadoarticulo, idsucursal) VALUES (928, 23, '247-22-3938', 8000, 7, 1, null);
INSERT INTO articulo (idarticulo, idsku, codigo, costo, idpedido, idestadoarticulo, idsucursal) VALUES (929, 20, '457-69-3089', 7500, 25, 1, null);
INSERT INTO articulo (idarticulo, idsku, codigo, costo, idpedido, idestadoarticulo, idsucursal) VALUES (930, 17, '495-79-6628', 6000, 25, 1, null);
INSERT INTO articulo (idarticulo, idsku, codigo, costo, idpedido, idestadoarticulo, idsucursal) VALUES (931, 7, '570-87-9940', 8000, 9, 1, null);
INSERT INTO articulo (idarticulo, idsku, codigo, costo, idpedido, idestadoarticulo, idsucursal) VALUES (932, 25, '792-97-6593', 3500, 29, 1, null);
INSERT INTO articulo (idarticulo, idsku, codigo, costo, idpedido, idestadoarticulo, idsucursal) VALUES (934, 18, '579-99-1286', 8500, 22, 1, null);
INSERT INTO articulo (idarticulo, idsku, codigo, costo, idpedido, idestadoarticulo, idsucursal) VALUES (935, 1, '843-25-1115', 4500, 2, 1, null);
INSERT INTO articulo (idarticulo, idsku, codigo, costo, idpedido, idestadoarticulo, idsucursal) VALUES (936, 8, '779-18-0400', 8000, 30, 1, null);
INSERT INTO articulo (idarticulo, idsku, codigo, costo, idpedido, idestadoarticulo, idsucursal) VALUES (937, 2, '191-87-9691', 6000, 6, 1, null);
INSERT INTO articulo (idarticulo, idsku, codigo, costo, idpedido, idestadoarticulo, idsucursal) VALUES (938, 9, '755-86-6671', 1500, 15, 1, null);
INSERT INTO articulo (idarticulo, idsku, codigo, costo, idpedido, idestadoarticulo, idsucursal) VALUES (939, 6, '341-29-5689', 2000, 24, 1, null);
INSERT INTO articulo (idarticulo, idsku, codigo, costo, idpedido, idestadoarticulo, idsucursal) VALUES (940, 22, '776-88-8250', 8500, 7, 1, null);
INSERT INTO articulo (idarticulo, idsku, codigo, costo, idpedido, idestadoarticulo, idsucursal) VALUES (941, 8, '185-74-4254', 5000, 20, 1, null);
INSERT INTO articulo (idarticulo, idsku, codigo, costo, idpedido, idestadoarticulo, idsucursal) VALUES (942, 6, '123-80-4177', 6000, 28, 1, null);
INSERT INTO articulo (idarticulo, idsku, codigo, costo, idpedido, idestadoarticulo, idsucursal) VALUES (943, 2, '417-27-3295', 3000, 4, 1, null);
INSERT INTO articulo (idarticulo, idsku, codigo, costo, idpedido, idestadoarticulo, idsucursal) VALUES (944, 9, '378-33-9570', 500, 26, 1, null);
INSERT INTO articulo (idarticulo, idsku, codigo, costo, idpedido, idestadoarticulo, idsucursal) VALUES (945, 20, '420-67-0417', 4500, 11, 1, null);
INSERT INTO articulo (idarticulo, idsku, codigo, costo, idpedido, idestadoarticulo, idsucursal) VALUES (946, 25, '611-82-6656', 500, 23, 1, null);
INSERT INTO articulo (idarticulo, idsku, codigo, costo, idpedido, idestadoarticulo, idsucursal) VALUES (947, 4, '707-95-2668', 8000, 17, 1, null);
INSERT INTO articulo (idarticulo, idsku, codigo, costo, idpedido, idestadoarticulo, idsucursal) VALUES (948, 17, '584-71-0134', 3000, 25, 1, null);
INSERT INTO articulo (idarticulo, idsku, codigo, costo, idpedido, idestadoarticulo, idsucursal) VALUES (949, 20, '899-23-7975', 2500, 14, 1, null);
INSERT INTO articulo (idarticulo, idsku, codigo, costo, idpedido, idestadoarticulo, idsucursal) VALUES (950, 9, '489-86-9573', 6000, 22, 1, null);
INSERT INTO articulo (idarticulo, idsku, codigo, costo, idpedido, idestadoarticulo, idsucursal) VALUES (951, 8, '637-75-4732', 4500, 7, 1, null);
INSERT INTO articulo (idarticulo, idsku, codigo, costo, idpedido, idestadoarticulo, idsucursal) VALUES (952, 25, '489-29-7289', 3500, 2, 1, null);
INSERT INTO articulo (idarticulo, idsku, codigo, costo, idpedido, idestadoarticulo, idsucursal) VALUES (867, 12, '888-53-5338', 8500, 25, 3, null);
INSERT INTO articulo (idarticulo, idsku, codigo, costo, idpedido, idestadoarticulo, idsucursal) VALUES (833, 16, '034-08-6126', 1500, 16, 3, null);
INSERT INTO articulo (idarticulo, idsku, codigo, costo, idpedido, idestadoarticulo, idsucursal) VALUES (856, 18, '358-88-9571', 7500, 30, 3, null);
INSERT INTO articulo (idarticulo, idsku, codigo, costo, idpedido, idestadoarticulo, idsucursal) VALUES (883, 14, '542-08-3734', 2000, 15, 3, null);
INSERT INTO articulo (idarticulo, idsku, codigo, costo, idpedido, idestadoarticulo, idsucursal) VALUES (826, 20, '598-14-4268', 2000, 14, 3, null);
INSERT INTO articulo (idarticulo, idsku, codigo, costo, idpedido, idestadoarticulo, idsucursal) VALUES (831, 22, '241-44-5653', 5000, 19, 3, null);
INSERT INTO articulo (idarticulo, idsku, codigo, costo, idpedido, idestadoarticulo, idsucursal) VALUES (933, 21, '402-05-3990', 6000, 13, 3, null);
INSERT INTO articulo (idarticulo, idsku, codigo, costo, idpedido, idestadoarticulo, idsucursal) VALUES (953, 18, '896-69-2310', 3500, 10, 1, null);
INSERT INTO articulo (idarticulo, idsku, codigo, costo, idpedido, idestadoarticulo, idsucursal) VALUES (955, 7, '259-79-5030', 6500, 10, 1, null);
INSERT INTO articulo (idarticulo, idsku, codigo, costo, idpedido, idestadoarticulo, idsucursal) VALUES (956, 18, '267-15-0226', 5500, 25, 1, null);
INSERT INTO articulo (idarticulo, idsku, codigo, costo, idpedido, idestadoarticulo, idsucursal) VALUES (957, 15, '473-72-7615', 4000, 21, 1, null);
INSERT INTO articulo (idarticulo, idsku, codigo, costo, idpedido, idestadoarticulo, idsucursal) VALUES (958, 5, '308-89-3930', 9500, 9, 1, null);
INSERT INTO articulo (idarticulo, idsku, codigo, costo, idpedido, idestadoarticulo, idsucursal) VALUES (959, 23, '249-05-0973', 7500, 8, 1, null);
INSERT INTO articulo (idarticulo, idsku, codigo, costo, idpedido, idestadoarticulo, idsucursal) VALUES (960, 15, '447-30-2406', 9500, 1, 1, null);
INSERT INTO articulo (idarticulo, idsku, codigo, costo, idpedido, idestadoarticulo, idsucursal) VALUES (961, 6, '285-20-2709', 2500, 29, 1, null);
INSERT INTO articulo (idarticulo, idsku, codigo, costo, idpedido, idestadoarticulo, idsucursal) VALUES (962, 4, '461-13-8581', 7000, 18, 1, null);
INSERT INTO articulo (idarticulo, idsku, codigo, costo, idpedido, idestadoarticulo, idsucursal) VALUES (964, 10, '637-66-8579', 4000, 2, 1, null);
INSERT INTO articulo (idarticulo, idsku, codigo, costo, idpedido, idestadoarticulo, idsucursal) VALUES (965, 9, '859-52-7604', 4500, 20, 1, null);
INSERT INTO articulo (idarticulo, idsku, codigo, costo, idpedido, idestadoarticulo, idsucursal) VALUES (966, 22, '352-60-7928', 7500, 14, 1, null);
INSERT INTO articulo (idarticulo, idsku, codigo, costo, idpedido, idestadoarticulo, idsucursal) VALUES (967, 2, '025-91-9721', 8500, 12, 1, null);
INSERT INTO articulo (idarticulo, idsku, codigo, costo, idpedido, idestadoarticulo, idsucursal) VALUES (968, 3, '044-37-1021', 1500, 15, 1, null);
INSERT INTO articulo (idarticulo, idsku, codigo, costo, idpedido, idestadoarticulo, idsucursal) VALUES (969, 18, '038-40-9887', 500, 11, 1, null);
INSERT INTO articulo (idarticulo, idsku, codigo, costo, idpedido, idestadoarticulo, idsucursal) VALUES (970, 4, '864-37-9377', 2000, 10, 1, null);
INSERT INTO articulo (idarticulo, idsku, codigo, costo, idpedido, idestadoarticulo, idsucursal) VALUES (972, 21, '065-79-5544', 9000, 26, 1, null);
INSERT INTO articulo (idarticulo, idsku, codigo, costo, idpedido, idestadoarticulo, idsucursal) VALUES (974, 13, '196-17-9828', 6500, 30, 1, null);
INSERT INTO articulo (idarticulo, idsku, codigo, costo, idpedido, idestadoarticulo, idsucursal) VALUES (976, 11, '826-03-7077', 2000, 30, 1, null);
INSERT INTO articulo (idarticulo, idsku, codigo, costo, idpedido, idestadoarticulo, idsucursal) VALUES (978, 24, '772-69-8001', 1500, 1, 1, null);
INSERT INTO articulo (idarticulo, idsku, codigo, costo, idpedido, idestadoarticulo, idsucursal) VALUES (979, 1, '564-84-7912', 8000, 27, 1, null);
INSERT INTO articulo (idarticulo, idsku, codigo, costo, idpedido, idestadoarticulo, idsucursal) VALUES (980, 18, '529-09-5169', 7500, 15, 1, null);
INSERT INTO articulo (idarticulo, idsku, codigo, costo, idpedido, idestadoarticulo, idsucursal) VALUES (981, 7, '656-98-2598', 1500, 8, 1, null);
INSERT INTO articulo (idarticulo, idsku, codigo, costo, idpedido, idestadoarticulo, idsucursal) VALUES (985, 10, '087-07-7731', 1500, 24, 1, null);
INSERT INTO articulo (idarticulo, idsku, codigo, costo, idpedido, idestadoarticulo, idsucursal) VALUES (986, 1, '292-24-7249', 7500, 17, 1, null);
INSERT INTO articulo (idarticulo, idsku, codigo, costo, idpedido, idestadoarticulo, idsucursal) VALUES (987, 12, '358-14-1790', 4500, 27, 1, null);
INSERT INTO articulo (idarticulo, idsku, codigo, costo, idpedido, idestadoarticulo, idsucursal) VALUES (988, 7, '590-93-5010', 3500, 2, 1, null);
INSERT INTO articulo (idarticulo, idsku, codigo, costo, idpedido, idestadoarticulo, idsucursal) VALUES (990, 6, '356-88-0461', 3500, 9, 1, null);
INSERT INTO articulo (idarticulo, idsku, codigo, costo, idpedido, idestadoarticulo, idsucursal) VALUES (991, 12, '725-53-7535', 7500, 28, 1, null);
INSERT INTO articulo (idarticulo, idsku, codigo, costo, idpedido, idestadoarticulo, idsucursal) VALUES (992, 19, '191-22-4551', 6500, 27, 1, null);
INSERT INTO articulo (idarticulo, idsku, codigo, costo, idpedido, idestadoarticulo, idsucursal) VALUES (993, 15, '650-38-6008', 2000, 8, 1, null);
INSERT INTO articulo (idarticulo, idsku, codigo, costo, idpedido, idestadoarticulo, idsucursal) VALUES (995, 9, '806-12-3220', 1000, 12, 1, null);
INSERT INTO articulo (idarticulo, idsku, codigo, costo, idpedido, idestadoarticulo, idsucursal) VALUES (997, 6, '247-76-3747', 4000, 1, 1, null);
INSERT INTO articulo (idarticulo, idsku, codigo, costo, idpedido, idestadoarticulo, idsucursal) VALUES (998, 24, '467-64-2006', 1500, 27, 1, null);
INSERT INTO articulo (idarticulo, idsku, codigo, costo, idpedido, idestadoarticulo, idsucursal) VALUES (999, 2, '024-82-0288', 500, 16, 1, null);
INSERT INTO articulo (idarticulo, idsku, codigo, costo, idpedido, idestadoarticulo, idsucursal) VALUES (1000, 13, '720-99-0931', 6500, 30, 1, null);
INSERT INTO articulo (idarticulo, idsku, codigo, costo, idpedido, idestadoarticulo, idsucursal) VALUES (1001, 22, '168-10-8480', 2000, 6, 1, null);
INSERT INTO articulo (idarticulo, idsku, codigo, costo, idpedido, idestadoarticulo, idsucursal) VALUES (1003, 4, '597-66-4072', 4500, 23, 1, null);
INSERT INTO articulo (idarticulo, idsku, codigo, costo, idpedido, idestadoarticulo, idsucursal) VALUES (1004, 2, '034-24-4009', 7000, 25, 1, null);
INSERT INTO articulo (idarticulo, idsku, codigo, costo, idpedido, idestadoarticulo, idsucursal) VALUES (1005, 15, '579-24-6698', 8500, 30, 1, null);
INSERT INTO articulo (idarticulo, idsku, codigo, costo, idpedido, idestadoarticulo, idsucursal) VALUES (1006, 18, '058-07-2693', 9500, 27, 1, null);
INSERT INTO articulo (idarticulo, idsku, codigo, costo, idpedido, idestadoarticulo, idsucursal) VALUES (1007, 21, '489-58-9129', 9000, 29, 1, null);
INSERT INTO articulo (idarticulo, idsku, codigo, costo, idpedido, idestadoarticulo, idsucursal) VALUES (1008, 14, '382-68-9590', 5500, 20, 1, null);
INSERT INTO articulo (idarticulo, idsku, codigo, costo, idpedido, idestadoarticulo, idsucursal) VALUES (1009, 1, '759-43-5127', 1500, 12, 1, null);
INSERT INTO articulo (idarticulo, idsku, codigo, costo, idpedido, idestadoarticulo, idsucursal) VALUES (1010, 16, '078-93-4231', 6000, 8, 1, null);
INSERT INTO articulo (idarticulo, idsku, codigo, costo, idpedido, idestadoarticulo, idsucursal) VALUES (1011, 8, '223-67-8498', 5500, 3, 1, null);
INSERT INTO articulo (idarticulo, idsku, codigo, costo, idpedido, idestadoarticulo, idsucursal) VALUES (1012, 13, '488-75-3534', 4500, 16, 1, null);
INSERT INTO articulo (idarticulo, idsku, codigo, costo, idpedido, idestadoarticulo, idsucursal) VALUES (1013, 19, '593-97-7394', 6500, 13, 1, null);
INSERT INTO articulo (idarticulo, idsku, codigo, costo, idpedido, idestadoarticulo, idsucursal) VALUES (1014, 18, '070-71-4463', 9500, 3, 1, null);
INSERT INTO articulo (idarticulo, idsku, codigo, costo, idpedido, idestadoarticulo, idsucursal) VALUES (1015, 12, '177-65-6972', 6000, 19, 1, null);
INSERT INTO articulo (idarticulo, idsku, codigo, costo, idpedido, idestadoarticulo, idsucursal) VALUES (1019, 23, '634-65-9511', 3500, 19, 1, null);
INSERT INTO articulo (idarticulo, idsku, codigo, costo, idpedido, idestadoarticulo, idsucursal) VALUES (1020, 5, '797-55-0808', 9500, 4, 1, null);
INSERT INTO articulo (idarticulo, idsku, codigo, costo, idpedido, idestadoarticulo, idsucursal) VALUES (1021, 6, '252-25-8972', 8500, 26, 1, null);
INSERT INTO articulo (idarticulo, idsku, codigo, costo, idpedido, idestadoarticulo, idsucursal) VALUES (1022, 1, '844-40-1020', 8000, 29, 1, null);
INSERT INTO articulo (idarticulo, idsku, codigo, costo, idpedido, idestadoarticulo, idsucursal) VALUES (1023, 25, '617-26-8468', 8500, 22, 1, null);
INSERT INTO articulo (idarticulo, idsku, codigo, costo, idpedido, idestadoarticulo, idsucursal) VALUES (1024, 22, '691-09-4909', 8000, 23, 1, null);
INSERT INTO articulo (idarticulo, idsku, codigo, costo, idpedido, idestadoarticulo, idsucursal) VALUES (1025, 8, '564-83-1489', 9000, 24, 1, null);
INSERT INTO articulo (idarticulo, idsku, codigo, costo, idpedido, idestadoarticulo, idsucursal) VALUES (1026, 18, '010-22-9607', 3500, 26, 1, null);
INSERT INTO articulo (idarticulo, idsku, codigo, costo, idpedido, idestadoarticulo, idsucursal) VALUES (1028, 22, '710-84-2642', 3000, 20, 1, null);
INSERT INTO articulo (idarticulo, idsku, codigo, costo, idpedido, idestadoarticulo, idsucursal) VALUES (1029, 19, '212-32-5334', 3500, 6, 1, null);
INSERT INTO articulo (idarticulo, idsku, codigo, costo, idpedido, idestadoarticulo, idsucursal) VALUES (1030, 1, '283-08-0422', 9500, 12, 1, null);
INSERT INTO articulo (idarticulo, idsku, codigo, costo, idpedido, idestadoarticulo, idsucursal) VALUES (1031, 25, '706-89-1161', 6500, 21, 1, null);
INSERT INTO articulo (idarticulo, idsku, codigo, costo, idpedido, idestadoarticulo, idsucursal) VALUES (1032, 11, '157-72-0645', 1000, 1, 1, null);
INSERT INTO articulo (idarticulo, idsku, codigo, costo, idpedido, idestadoarticulo, idsucursal) VALUES (1033, 18, '155-38-2879', 9000, 23, 1, null);
INSERT INTO articulo (idarticulo, idsku, codigo, costo, idpedido, idestadoarticulo, idsucursal) VALUES (1034, 10, '061-85-0318', 2500, 3, 1, null);
INSERT INTO articulo (idarticulo, idsku, codigo, costo, idpedido, idestadoarticulo, idsucursal) VALUES (1035, 17, '271-82-1271', 500, 16, 1, null);
INSERT INTO articulo (idarticulo, idsku, codigo, costo, idpedido, idestadoarticulo, idsucursal) VALUES (1036, 17, '219-10-4778', 1000, 23, 1, null);
INSERT INTO articulo (idarticulo, idsku, codigo, costo, idpedido, idestadoarticulo, idsucursal) VALUES (1037, 17, '547-08-0117', 8000, 2, 1, null);
INSERT INTO articulo (idarticulo, idsku, codigo, costo, idpedido, idestadoarticulo, idsucursal) VALUES (1038, 8, '283-60-5434', 6500, 11, 1, null);
INSERT INTO articulo (idarticulo, idsku, codigo, costo, idpedido, idestadoarticulo, idsucursal) VALUES (1039, 24, '795-17-3553', 3500, 9, 1, null);
INSERT INTO articulo (idarticulo, idsku, codigo, costo, idpedido, idestadoarticulo, idsucursal) VALUES (1040, 1, '391-72-8164', 3500, 21, 1, null);
INSERT INTO articulo (idarticulo, idsku, codigo, costo, idpedido, idestadoarticulo, idsucursal) VALUES (1041, 22, '381-42-7795', 8500, 24, 1, null);
INSERT INTO articulo (idarticulo, idsku, codigo, costo, idpedido, idestadoarticulo, idsucursal) VALUES (1042, 6, '077-07-2885', 8000, 27, 1, null);
INSERT INTO articulo (idarticulo, idsku, codigo, costo, idpedido, idestadoarticulo, idsucursal) VALUES (1043, 7, '632-46-5313', 9000, 18, 1, null);
INSERT INTO articulo (idarticulo, idsku, codigo, costo, idpedido, idestadoarticulo, idsucursal) VALUES (1044, 8, '222-35-8689', 8000, 1, 1, null);
INSERT INTO articulo (idarticulo, idsku, codigo, costo, idpedido, idestadoarticulo, idsucursal) VALUES (1045, 15, '457-81-3897', 9500, 21, 1, null);
INSERT INTO articulo (idarticulo, idsku, codigo, costo, idpedido, idestadoarticulo, idsucursal) VALUES (1047, 5, '109-46-2959', 2000, 19, 1, null);
INSERT INTO articulo (idarticulo, idsku, codigo, costo, idpedido, idestadoarticulo, idsucursal) VALUES (1048, 11, '665-95-5115', 5500, 21, 1, null);
INSERT INTO articulo (idarticulo, idsku, codigo, costo, idpedido, idestadoarticulo, idsucursal) VALUES (1049, 5, '312-37-9504', 2500, 18, 1, null);
INSERT INTO articulo (idarticulo, idsku, codigo, costo, idpedido, idestadoarticulo, idsucursal) VALUES (1050, 8, '811-01-7309', 4000, 24, 1, null);
INSERT INTO articulo (idarticulo, idsku, codigo, costo, idpedido, idestadoarticulo, idsucursal) VALUES (1051, 8, '209-74-6959', 8500, 14, 1, null);
INSERT INTO articulo (idarticulo, idsku, codigo, costo, idpedido, idestadoarticulo, idsucursal) VALUES (1052, 20, '036-06-0206', 4000, 2, 1, null);
INSERT INTO articulo (idarticulo, idsku, codigo, costo, idpedido, idestadoarticulo, idsucursal) VALUES (1053, 22, '308-87-8771', 3500, 19, 1, null);
INSERT INTO articulo (idarticulo, idsku, codigo, costo, idpedido, idestadoarticulo, idsucursal) VALUES (1054, 14, '405-61-1367', 8500, 6, 1, null);
INSERT INTO articulo (idarticulo, idsku, codigo, costo, idpedido, idestadoarticulo, idsucursal) VALUES (1055, 2, '276-47-1937', 6500, 18, 1, null);
INSERT INTO articulo (idarticulo, idsku, codigo, costo, idpedido, idestadoarticulo, idsucursal) VALUES (1056, 8, '562-23-9683', 6500, 15, 1, null);
INSERT INTO articulo (idarticulo, idsku, codigo, costo, idpedido, idestadoarticulo, idsucursal) VALUES (1057, 9, '416-55-9395', 8000, 2, 1, null);
INSERT INTO articulo (idarticulo, idsku, codigo, costo, idpedido, idestadoarticulo, idsucursal) VALUES (1058, 22, '501-86-5723', 4500, 19, 1, null);
INSERT INTO articulo (idarticulo, idsku, codigo, costo, idpedido, idestadoarticulo, idsucursal) VALUES (1059, 5, '577-90-6649', 6500, 7, 1, null);
INSERT INTO articulo (idarticulo, idsku, codigo, costo, idpedido, idestadoarticulo, idsucursal) VALUES (1060, 11, '416-11-3298', 1000, 10, 1, null);
INSERT INTO articulo (idarticulo, idsku, codigo, costo, idpedido, idestadoarticulo, idsucursal) VALUES (1061, 23, '609-68-1058', 8500, 29, 1, null);
INSERT INTO articulo (idarticulo, idsku, codigo, costo, idpedido, idestadoarticulo, idsucursal) VALUES (1062, 4, '259-62-8552', 7500, 12, 1, null);
INSERT INTO articulo (idarticulo, idsku, codigo, costo, idpedido, idestadoarticulo, idsucursal) VALUES (1063, 6, '644-84-7493', 7500, 16, 1, null);
INSERT INTO articulo (idarticulo, idsku, codigo, costo, idpedido, idestadoarticulo, idsucursal) VALUES (1064, 14, '616-08-4339', 5500, 7, 1, null);
INSERT INTO articulo (idarticulo, idsku, codigo, costo, idpedido, idestadoarticulo, idsucursal) VALUES (1065, 21, '177-96-9334', 6000, 23, 1, null);
INSERT INTO articulo (idarticulo, idsku, codigo, costo, idpedido, idestadoarticulo, idsucursal) VALUES (1066, 5, '869-44-8145', 1000, 21, 1, null);
INSERT INTO articulo (idarticulo, idsku, codigo, costo, idpedido, idestadoarticulo, idsucursal) VALUES (1067, 22, '342-55-4608', 2000, 4, 1, null);
INSERT INTO articulo (idarticulo, idsku, codigo, costo, idpedido, idestadoarticulo, idsucursal) VALUES (1068, 24, '191-05-0919', 8500, 13, 1, null);
INSERT INTO articulo (idarticulo, idsku, codigo, costo, idpedido, idestadoarticulo, idsucursal) VALUES (1069, 4, '782-32-5138', 6500, 15, 1, null);
INSERT INTO articulo (idarticulo, idsku, codigo, costo, idpedido, idestadoarticulo, idsucursal) VALUES (1071, 3, '356-01-5139', 4500, 8, 1, null);
INSERT INTO articulo (idarticulo, idsku, codigo, costo, idpedido, idestadoarticulo, idsucursal) VALUES (1072, 23, '429-68-5820', 1000, 9, 1, null);
INSERT INTO articulo (idarticulo, idsku, codigo, costo, idpedido, idestadoarticulo, idsucursal) VALUES (1073, 21, '681-63-3243', 2500, 14, 1, null);
INSERT INTO articulo (idarticulo, idsku, codigo, costo, idpedido, idestadoarticulo, idsucursal) VALUES (1074, 3, '494-93-5293', 5000, 16, 1, null);
INSERT INTO articulo (idarticulo, idsku, codigo, costo, idpedido, idestadoarticulo, idsucursal) VALUES (1075, 18, '735-58-8709', 4000, 4, 1, null);
INSERT INTO articulo (idarticulo, idsku, codigo, costo, idpedido, idestadoarticulo, idsucursal) VALUES (1076, 13, '550-38-4123', 500, 9, 1, null);
INSERT INTO articulo (idarticulo, idsku, codigo, costo, idpedido, idestadoarticulo, idsucursal) VALUES (1078, 6, '807-53-1906', 7000, 20, 1, null);
INSERT INTO articulo (idarticulo, idsku, codigo, costo, idpedido, idestadoarticulo, idsucursal) VALUES (1080, 6, '694-04-8482', 5500, 19, 1, null);
INSERT INTO articulo (idarticulo, idsku, codigo, costo, idpedido, idestadoarticulo, idsucursal) VALUES (1082, 19, '438-04-2988', 4000, 24, 1, null);
INSERT INTO articulo (idarticulo, idsku, codigo, costo, idpedido, idestadoarticulo, idsucursal) VALUES (1083, 16, '476-84-8587', 500, 14, 1, null);
INSERT INTO articulo (idarticulo, idsku, codigo, costo, idpedido, idestadoarticulo, idsucursal) VALUES (1084, 7, '863-77-9431', 5000, 23, 1, null);
INSERT INTO articulo (idarticulo, idsku, codigo, costo, idpedido, idestadoarticulo, idsucursal) VALUES (1086, 16, '270-04-8184', 6000, 23, 1, null);
INSERT INTO articulo (idarticulo, idsku, codigo, costo, idpedido, idestadoarticulo, idsucursal) VALUES (1087, 18, '831-34-9369', 3500, 1, 1, null);
INSERT INTO articulo (idarticulo, idsku, codigo, costo, idpedido, idestadoarticulo, idsucursal) VALUES (996, 11, '175-02-0434', 7500, 21, 3, null);
INSERT INTO articulo (idarticulo, idsku, codigo, costo, idpedido, idestadoarticulo, idsucursal) VALUES (1070, 6, '416-42-6901', 4000, 17, 3, null);
INSERT INTO articulo (idarticulo, idsku, codigo, costo, idpedido, idestadoarticulo, idsucursal) VALUES (954, 21, '605-23-7990', 7500, 11, 3, null);
INSERT INTO articulo (idarticulo, idsku, codigo, costo, idpedido, idestadoarticulo, idsucursal) VALUES (1081, 24, '703-30-5801', 500, 16, 3, null);
INSERT INTO articulo (idarticulo, idsku, codigo, costo, idpedido, idestadoarticulo, idsucursal) VALUES (1016, 17, '634-88-7438', 3500, 4, 3, null);
INSERT INTO articulo (idarticulo, idsku, codigo, costo, idpedido, idestadoarticulo, idsucursal) VALUES (984, 9, '308-16-8941', 7500, 17, 3, null);
INSERT INTO articulo (idarticulo, idsku, codigo, costo, idpedido, idestadoarticulo, idsucursal) VALUES (989, 10, '030-08-7104', 1000, 29, 3, null);
INSERT INTO articulo (idarticulo, idsku, codigo, costo, idpedido, idestadoarticulo, idsucursal) VALUES (1085, 19, '533-87-6398', 1000, 16, 3, null);
INSERT INTO articulo (idarticulo, idsku, codigo, costo, idpedido, idestadoarticulo, idsucursal) VALUES (983, 9, '205-41-6124', 1000, 10, 3, null);
INSERT INTO articulo (idarticulo, idsku, codigo, costo, idpedido, idestadoarticulo, idsucursal) VALUES (994, 17, '662-73-3115', 3000, 26, 3, null);
INSERT INTO articulo (idarticulo, idsku, codigo, costo, idpedido, idestadoarticulo, idsucursal) VALUES (963, 24, '867-83-2849', 2500, 9, 3, null);
INSERT INTO articulo (idarticulo, idsku, codigo, costo, idpedido, idestadoarticulo, idsucursal) VALUES (1027, 20, '467-63-1268', 8500, 14, 3, null);
INSERT INTO articulo (idarticulo, idsku, codigo, costo, idpedido, idestadoarticulo, idsucursal) VALUES (1088, 15, '514-64-9705', 500, 18, 3, null);
INSERT INTO articulo (idarticulo, idsku, codigo, costo, idpedido, idestadoarticulo, idsucursal) VALUES (982, 10, '844-33-3453', 500, 15, 3, null);
INSERT INTO articulo (idarticulo, idsku, codigo, costo, idpedido, idestadoarticulo, idsucursal) VALUES (975, 11, '091-55-5573', 9500, 5, 3, null);
INSERT INTO articulo (idarticulo, idsku, codigo, costo, idpedido, idestadoarticulo, idsucursal) VALUES (971, 21, '328-43-3159', 5500, 14, 3, null);
INSERT INTO articulo (idarticulo, idsku, codigo, costo, idpedido, idestadoarticulo, idsucursal) VALUES (1018, 16, '690-65-4544', 1500, 6, 3, null);
INSERT INTO articulo (idarticulo, idsku, codigo, costo, idpedido, idestadoarticulo, idsucursal) VALUES (1002, 25, '244-37-0134', 9000, 11, 3, null);
INSERT INTO articulo (idarticulo, idsku, codigo, costo, idpedido, idestadoarticulo, idsucursal) VALUES (1079, 24, '133-02-0594', 2000, 13, 3, null);
INSERT INTO articulo (idarticulo, idsku, codigo, costo, idpedido, idestadoarticulo, idsucursal) VALUES (1089, 12, '835-70-8717', 3000, 28, 1, null);
INSERT INTO articulo (idarticulo, idsku, codigo, costo, idpedido, idestadoarticulo, idsucursal) VALUES (1090, 14, '826-13-3832', 8000, 6, 1, null);
INSERT INTO articulo (idarticulo, idsku, codigo, costo, idpedido, idestadoarticulo, idsucursal) VALUES (1091, 2, '056-04-0581', 3000, 2, 1, null);
INSERT INTO articulo (idarticulo, idsku, codigo, costo, idpedido, idestadoarticulo, idsucursal) VALUES (1092, 25, '030-28-8932', 5000, 10, 1, null);
INSERT INTO articulo (idarticulo, idsku, codigo, costo, idpedido, idestadoarticulo, idsucursal) VALUES (1094, 10, '376-62-5190', 6500, 27, 1, null);
INSERT INTO articulo (idarticulo, idsku, codigo, costo, idpedido, idestadoarticulo, idsucursal) VALUES (1095, 23, '178-30-9370', 7000, 13, 1, null);
INSERT INTO articulo (idarticulo, idsku, codigo, costo, idpedido, idestadoarticulo, idsucursal) VALUES (1096, 2, '818-64-5248', 6000, 29, 1, null);
INSERT INTO articulo (idarticulo, idsku, codigo, costo, idpedido, idestadoarticulo, idsucursal) VALUES (1097, 15, '623-39-6230', 5000, 20, 1, null);
INSERT INTO articulo (idarticulo, idsku, codigo, costo, idpedido, idestadoarticulo, idsucursal) VALUES (1098, 16, '553-70-2695', 5500, 23, 1, null);
INSERT INTO articulo (idarticulo, idsku, codigo, costo, idpedido, idestadoarticulo, idsucursal) VALUES (1099, 15, '838-39-3697', 9000, 20, 1, null);
INSERT INTO articulo (idarticulo, idsku, codigo, costo, idpedido, idestadoarticulo, idsucursal) VALUES (1100, 9, '026-28-6839', 7000, 20, 1, null);
INSERT INTO articulo (idarticulo, idsku, codigo, costo, idpedido, idestadoarticulo, idsucursal) VALUES (1101, 23, '516-87-4243', 500, 22, 1, null);
INSERT INTO articulo (idarticulo, idsku, codigo, costo, idpedido, idestadoarticulo, idsucursal) VALUES (1102, 10, '747-58-9097', 5500, 9, 1, null);
INSERT INTO articulo (idarticulo, idsku, codigo, costo, idpedido, idestadoarticulo, idsucursal) VALUES (1103, 1, '060-13-6568', 6500, 11, 1, null);
INSERT INTO articulo (idarticulo, idsku, codigo, costo, idpedido, idestadoarticulo, idsucursal) VALUES (1104, 11, '071-15-5202', 7000, 6, 1, null);
INSERT INTO articulo (idarticulo, idsku, codigo, costo, idpedido, idestadoarticulo, idsucursal) VALUES (1105, 6, '384-83-8038', 8000, 8, 1, null);
INSERT INTO articulo (idarticulo, idsku, codigo, costo, idpedido, idestadoarticulo, idsucursal) VALUES (1107, 12, '573-18-5062', 4500, 9, 1, null);
INSERT INTO articulo (idarticulo, idsku, codigo, costo, idpedido, idestadoarticulo, idsucursal) VALUES (1108, 4, '307-77-6598', 5000, 15, 1, null);
INSERT INTO articulo (idarticulo, idsku, codigo, costo, idpedido, idestadoarticulo, idsucursal) VALUES (1109, 15, '274-15-8228', 3000, 13, 1, null);
INSERT INTO articulo (idarticulo, idsku, codigo, costo, idpedido, idestadoarticulo, idsucursal) VALUES (1110, 17, '491-73-6526', 7500, 7, 1, null);
INSERT INTO articulo (idarticulo, idsku, codigo, costo, idpedido, idestadoarticulo, idsucursal) VALUES (1111, 24, '188-67-4164', 7000, 28, 1, null);
INSERT INTO articulo (idarticulo, idsku, codigo, costo, idpedido, idestadoarticulo, idsucursal) VALUES (1112, 14, '440-09-0391', 3000, 10, 1, null);
INSERT INTO articulo (idarticulo, idsku, codigo, costo, idpedido, idestadoarticulo, idsucursal) VALUES (1113, 16, '051-78-0853', 9000, 9, 1, null);
INSERT INTO articulo (idarticulo, idsku, codigo, costo, idpedido, idestadoarticulo, idsucursal) VALUES (1114, 2, '599-42-2081', 6500, 23, 1, null);
INSERT INTO articulo (idarticulo, idsku, codigo, costo, idpedido, idestadoarticulo, idsucursal) VALUES (1115, 2, '015-88-6789', 3500, 26, 1, null);
INSERT INTO articulo (idarticulo, idsku, codigo, costo, idpedido, idestadoarticulo, idsucursal) VALUES (1118, 20, '865-75-8246', 6500, 1, 1, null);
INSERT INTO articulo (idarticulo, idsku, codigo, costo, idpedido, idestadoarticulo, idsucursal) VALUES (1119, 4, '260-18-3401', 9500, 7, 1, null);
INSERT INTO articulo (idarticulo, idsku, codigo, costo, idpedido, idestadoarticulo, idsucursal) VALUES (1120, 16, '084-37-1626', 8500, 25, 1, null);
INSERT INTO articulo (idarticulo, idsku, codigo, costo, idpedido, idestadoarticulo, idsucursal) VALUES (1121, 23, '189-54-8653', 1000, 10, 1, null);
INSERT INTO articulo (idarticulo, idsku, codigo, costo, idpedido, idestadoarticulo, idsucursal) VALUES (1122, 11, '110-64-6541', 2000, 19, 1, null);
INSERT INTO articulo (idarticulo, idsku, codigo, costo, idpedido, idestadoarticulo, idsucursal) VALUES (1123, 7, '522-08-4159', 5000, 26, 1, null);
INSERT INTO articulo (idarticulo, idsku, codigo, costo, idpedido, idestadoarticulo, idsucursal) VALUES (1124, 19, '691-52-5895', 5500, 1, 1, null);
INSERT INTO articulo (idarticulo, idsku, codigo, costo, idpedido, idestadoarticulo, idsucursal) VALUES (1125, 13, '682-97-7506', 8000, 13, 1, null);
INSERT INTO articulo (idarticulo, idsku, codigo, costo, idpedido, idestadoarticulo, idsucursal) VALUES (1126, 19, '314-17-9327', 500, 22, 1, null);
INSERT INTO articulo (idarticulo, idsku, codigo, costo, idpedido, idestadoarticulo, idsucursal) VALUES (1127, 11, '369-69-3943', 1500, 1, 1, null);
INSERT INTO articulo (idarticulo, idsku, codigo, costo, idpedido, idestadoarticulo, idsucursal) VALUES (1130, 20, '150-42-6665', 3500, 7, 1, null);
INSERT INTO articulo (idarticulo, idsku, codigo, costo, idpedido, idestadoarticulo, idsucursal) VALUES (1131, 2, '203-01-5258', 2000, 18, 1, null);
INSERT INTO articulo (idarticulo, idsku, codigo, costo, idpedido, idestadoarticulo, idsucursal) VALUES (1132, 13, '204-44-8882', 2000, 8, 1, null);
INSERT INTO articulo (idarticulo, idsku, codigo, costo, idpedido, idestadoarticulo, idsucursal) VALUES (1133, 21, '228-82-6203', 8000, 14, 1, null);
INSERT INTO articulo (idarticulo, idsku, codigo, costo, idpedido, idestadoarticulo, idsucursal) VALUES (1134, 7, '755-45-7008', 8500, 27, 1, null);
INSERT INTO articulo (idarticulo, idsku, codigo, costo, idpedido, idestadoarticulo, idsucursal) VALUES (1135, 13, '319-01-1955', 6500, 24, 1, null);
INSERT INTO articulo (idarticulo, idsku, codigo, costo, idpedido, idestadoarticulo, idsucursal) VALUES (1136, 23, '685-72-9884', 9000, 28, 1, null);
INSERT INTO articulo (idarticulo, idsku, codigo, costo, idpedido, idestadoarticulo, idsucursal) VALUES (1137, 11, '500-79-8204', 4000, 10, 1, null);
INSERT INTO articulo (idarticulo, idsku, codigo, costo, idpedido, idestadoarticulo, idsucursal) VALUES (1138, 11, '147-68-9326', 8500, 17, 1, null);
INSERT INTO articulo (idarticulo, idsku, codigo, costo, idpedido, idestadoarticulo, idsucursal) VALUES (1139, 21, '548-12-5554', 3500, 30, 1, null);
INSERT INTO articulo (idarticulo, idsku, codigo, costo, idpedido, idestadoarticulo, idsucursal) VALUES (1140, 2, '184-72-5009', 7000, 23, 1, null);
INSERT INTO articulo (idarticulo, idsku, codigo, costo, idpedido, idestadoarticulo, idsucursal) VALUES (1141, 10, '265-64-2449', 8000, 8, 1, null);
INSERT INTO articulo (idarticulo, idsku, codigo, costo, idpedido, idestadoarticulo, idsucursal) VALUES (1143, 18, '809-79-2041', 1500, 14, 1, null);
INSERT INTO articulo (idarticulo, idsku, codigo, costo, idpedido, idestadoarticulo, idsucursal) VALUES (1146, 24, '851-65-3278', 2000, 29, 1, null);
INSERT INTO articulo (idarticulo, idsku, codigo, costo, idpedido, idestadoarticulo, idsucursal) VALUES (1147, 21, '464-12-9053', 5000, 5, 1, null);
INSERT INTO articulo (idarticulo, idsku, codigo, costo, idpedido, idestadoarticulo, idsucursal) VALUES (1148, 8, '849-92-9300', 8000, 3, 1, null);
INSERT INTO articulo (idarticulo, idsku, codigo, costo, idpedido, idestadoarticulo, idsucursal) VALUES (1149, 2, '525-72-9518', 8500, 29, 1, null);
INSERT INTO articulo (idarticulo, idsku, codigo, costo, idpedido, idestadoarticulo, idsucursal) VALUES (1150, 21, '615-18-1236', 8500, 13, 1, null);
INSERT INTO articulo (idarticulo, idsku, codigo, costo, idpedido, idestadoarticulo, idsucursal) VALUES (1151, 20, '668-71-5730', 4000, 6, 1, null);
INSERT INTO articulo (idarticulo, idsku, codigo, costo, idpedido, idestadoarticulo, idsucursal) VALUES (1153, 18, '431-81-1393', 4500, 1, 1, null);
INSERT INTO articulo (idarticulo, idsku, codigo, costo, idpedido, idestadoarticulo, idsucursal) VALUES (1155, 7, '556-52-7529', 3500, 29, 1, null);
INSERT INTO articulo (idarticulo, idsku, codigo, costo, idpedido, idestadoarticulo, idsucursal) VALUES (1156, 2, '667-01-1847', 500, 9, 1, null);
INSERT INTO articulo (idarticulo, idsku, codigo, costo, idpedido, idestadoarticulo, idsucursal) VALUES (1157, 25, '560-59-2991', 9500, 6, 1, null);
INSERT INTO articulo (idarticulo, idsku, codigo, costo, idpedido, idestadoarticulo, idsucursal) VALUES (1158, 16, '134-97-1532', 7500, 30, 1, null);
INSERT INTO articulo (idarticulo, idsku, codigo, costo, idpedido, idestadoarticulo, idsucursal) VALUES (1159, 3, '758-60-0843', 4000, 15, 1, null);
INSERT INTO articulo (idarticulo, idsku, codigo, costo, idpedido, idestadoarticulo, idsucursal) VALUES (1160, 24, '344-44-4758', 6000, 8, 1, null);
INSERT INTO articulo (idarticulo, idsku, codigo, costo, idpedido, idestadoarticulo, idsucursal) VALUES (1161, 5, '412-94-9669', 5000, 29, 1, null);
INSERT INTO articulo (idarticulo, idsku, codigo, costo, idpedido, idestadoarticulo, idsucursal) VALUES (1162, 19, '102-26-0473', 2500, 15, 1, null);
INSERT INTO articulo (idarticulo, idsku, codigo, costo, idpedido, idestadoarticulo, idsucursal) VALUES (1163, 11, '849-76-3745', 1000, 18, 1, null);
INSERT INTO articulo (idarticulo, idsku, codigo, costo, idpedido, idestadoarticulo, idsucursal) VALUES (1164, 11, '580-24-3352', 8500, 17, 1, null);
INSERT INTO articulo (idarticulo, idsku, codigo, costo, idpedido, idestadoarticulo, idsucursal) VALUES (1165, 6, '473-28-1630', 3500, 25, 1, null);
INSERT INTO articulo (idarticulo, idsku, codigo, costo, idpedido, idestadoarticulo, idsucursal) VALUES (1166, 5, '265-55-6667', 8000, 10, 1, null);
INSERT INTO articulo (idarticulo, idsku, codigo, costo, idpedido, idestadoarticulo, idsucursal) VALUES (1167, 3, '052-01-6025', 4500, 4, 1, null);
INSERT INTO articulo (idarticulo, idsku, codigo, costo, idpedido, idestadoarticulo, idsucursal) VALUES (1168, 6, '566-34-2841', 4000, 18, 1, null);
INSERT INTO articulo (idarticulo, idsku, codigo, costo, idpedido, idestadoarticulo, idsucursal) VALUES (1169, 9, '478-10-4797', 9000, 5, 1, null);
INSERT INTO articulo (idarticulo, idsku, codigo, costo, idpedido, idestadoarticulo, idsucursal) VALUES (1171, 3, '679-64-0019', 5500, 26, 1, null);
INSERT INTO articulo (idarticulo, idsku, codigo, costo, idpedido, idestadoarticulo, idsucursal) VALUES (1172, 15, '399-49-5925', 5000, 5, 1, null);
INSERT INTO articulo (idarticulo, idsku, codigo, costo, idpedido, idestadoarticulo, idsucursal) VALUES (1173, 11, '496-04-0762', 3000, 24, 1, null);
INSERT INTO articulo (idarticulo, idsku, codigo, costo, idpedido, idestadoarticulo, idsucursal) VALUES (1174, 12, '762-32-2312', 8000, 21, 1, null);
INSERT INTO articulo (idarticulo, idsku, codigo, costo, idpedido, idestadoarticulo, idsucursal) VALUES (1175, 12, '650-53-8847', 5000, 1, 1, null);
INSERT INTO articulo (idarticulo, idsku, codigo, costo, idpedido, idestadoarticulo, idsucursal) VALUES (1177, 10, '737-34-8112', 6500, 1, 1, null);
INSERT INTO articulo (idarticulo, idsku, codigo, costo, idpedido, idestadoarticulo, idsucursal) VALUES (1178, 19, '535-33-3696', 4500, 15, 1, null);
INSERT INTO articulo (idarticulo, idsku, codigo, costo, idpedido, idestadoarticulo, idsucursal) VALUES (1180, 23, '464-23-1140', 8000, 12, 1, null);
INSERT INTO articulo (idarticulo, idsku, codigo, costo, idpedido, idestadoarticulo, idsucursal) VALUES (1182, 9, '143-98-2736', 5000, 1, 1, null);
INSERT INTO articulo (idarticulo, idsku, codigo, costo, idpedido, idestadoarticulo, idsucursal) VALUES (1183, 2, '802-62-5379', 500, 20, 1, null);
INSERT INTO articulo (idarticulo, idsku, codigo, costo, idpedido, idestadoarticulo, idsucursal) VALUES (1184, 9, '722-73-1492', 5000, 4, 1, null);
INSERT INTO articulo (idarticulo, idsku, codigo, costo, idpedido, idestadoarticulo, idsucursal) VALUES (1185, 7, '437-12-6325', 7500, 25, 1, null);
INSERT INTO articulo (idarticulo, idsku, codigo, costo, idpedido, idestadoarticulo, idsucursal) VALUES (1187, 20, '356-56-2853', 7000, 7, 1, null);
INSERT INTO articulo (idarticulo, idsku, codigo, costo, idpedido, idestadoarticulo, idsucursal) VALUES (1189, 20, '801-62-5218', 4000, 28, 1, null);
INSERT INTO articulo (idarticulo, idsku, codigo, costo, idpedido, idestadoarticulo, idsucursal) VALUES (1190, 4, '412-83-3277', 7500, 7, 1, null);
INSERT INTO articulo (idarticulo, idsku, codigo, costo, idpedido, idestadoarticulo, idsucursal) VALUES (1191, 25, '442-98-7855', 1000, 4, 1, null);
INSERT INTO articulo (idarticulo, idsku, codigo, costo, idpedido, idestadoarticulo, idsucursal) VALUES (1192, 20, '236-13-6264', 9500, 29, 1, null);
INSERT INTO articulo (idarticulo, idsku, codigo, costo, idpedido, idestadoarticulo, idsucursal) VALUES (1194, 6, '857-31-2715', 7000, 8, 1, null);
INSERT INTO articulo (idarticulo, idsku, codigo, costo, idpedido, idestadoarticulo, idsucursal) VALUES (1195, 23, '644-81-3785', 5000, 3, 1, null);
INSERT INTO articulo (idarticulo, idsku, codigo, costo, idpedido, idestadoarticulo, idsucursal) VALUES (1196, 23, '473-56-6710', 500, 27, 1, null);
INSERT INTO articulo (idarticulo, idsku, codigo, costo, idpedido, idestadoarticulo, idsucursal) VALUES (1197, 23, '446-39-0668', 1500, 20, 1, null);
INSERT INTO articulo (idarticulo, idsku, codigo, costo, idpedido, idestadoarticulo, idsucursal) VALUES (1198, 10, '621-36-6392', 4000, 11, 1, null);
INSERT INTO articulo (idarticulo, idsku, codigo, costo, idpedido, idestadoarticulo, idsucursal) VALUES (1199, 3, '075-27-6430', 8000, 9, 1, null);
INSERT INTO articulo (idarticulo, idsku, codigo, costo, idpedido, idestadoarticulo, idsucursal) VALUES (1200, 9, '825-40-9859', 1500, 21, 1, null);
INSERT INTO articulo (idarticulo, idsku, codigo, costo, idpedido, idestadoarticulo, idsucursal) VALUES (1201, 13, '574-81-3759', 500, 28, 1, null);
INSERT INTO articulo (idarticulo, idsku, codigo, costo, idpedido, idestadoarticulo, idsucursal) VALUES (1202, 1, '467-40-2298', 2000, 13, 1, null);
INSERT INTO articulo (idarticulo, idsku, codigo, costo, idpedido, idestadoarticulo, idsucursal) VALUES (1203, 18, '656-16-5968', 6000, 8, 1, null);
INSERT INTO articulo (idarticulo, idsku, codigo, costo, idpedido, idestadoarticulo, idsucursal) VALUES (1204, 11, '404-98-3196', 8500, 1, 1, null);
INSERT INTO articulo (idarticulo, idsku, codigo, costo, idpedido, idestadoarticulo, idsucursal) VALUES (1205, 8, '341-13-1214', 9500, 1, 1, null);
INSERT INTO articulo (idarticulo, idsku, codigo, costo, idpedido, idestadoarticulo, idsucursal) VALUES (1206, 12, '342-66-8729', 4000, 21, 1, null);
INSERT INTO articulo (idarticulo, idsku, codigo, costo, idpedido, idestadoarticulo, idsucursal) VALUES (1208, 24, '434-40-6857', 8500, 1, 1, null);
INSERT INTO articulo (idarticulo, idsku, codigo, costo, idpedido, idestadoarticulo, idsucursal) VALUES (1211, 18, '167-11-7016', 2500, 21, 1, null);
INSERT INTO articulo (idarticulo, idsku, codigo, costo, idpedido, idestadoarticulo, idsucursal) VALUES (1212, 16, '141-66-4746', 2000, 6, 1, null);
INSERT INTO articulo (idarticulo, idsku, codigo, costo, idpedido, idestadoarticulo, idsucursal) VALUES (1213, 10, '394-45-6630', 7500, 17, 1, null);
INSERT INTO articulo (idarticulo, idsku, codigo, costo, idpedido, idestadoarticulo, idsucursal) VALUES (1214, 13, '292-66-6639', 7500, 1, 1, null);
INSERT INTO articulo (idarticulo, idsku, codigo, costo, idpedido, idestadoarticulo, idsucursal) VALUES (1215, 11, '009-37-8856', 8500, 19, 1, null);
INSERT INTO articulo (idarticulo, idsku, codigo, costo, idpedido, idestadoarticulo, idsucursal) VALUES (1216, 18, '698-76-5338', 1000, 6, 1, null);
INSERT INTO articulo (idarticulo, idsku, codigo, costo, idpedido, idestadoarticulo, idsucursal) VALUES (1218, 1, '500-34-0623', 9000, 27, 1, null);
INSERT INTO articulo (idarticulo, idsku, codigo, costo, idpedido, idestadoarticulo, idsucursal) VALUES (1219, 18, '715-39-4847', 7000, 11, 1, null);
INSERT INTO articulo (idarticulo, idsku, codigo, costo, idpedido, idestadoarticulo, idsucursal) VALUES (1220, 15, '072-84-6043', 2500, 14, 1, null);
INSERT INTO articulo (idarticulo, idsku, codigo, costo, idpedido, idestadoarticulo, idsucursal) VALUES (1221, 11, '238-54-4165', 3500, 1, 1, null);
INSERT INTO articulo (idarticulo, idsku, codigo, costo, idpedido, idestadoarticulo, idsucursal) VALUES (1222, 12, '127-79-5008', 8500, 12, 1, null);
INSERT INTO articulo (idarticulo, idsku, codigo, costo, idpedido, idestadoarticulo, idsucursal) VALUES (1223, 10, '322-11-5822', 1500, 7, 1, null);
INSERT INTO articulo (idarticulo, idsku, codigo, costo, idpedido, idestadoarticulo, idsucursal) VALUES (1224, 24, '347-63-5147', 5000, 22, 1, null);
INSERT INTO articulo (idarticulo, idsku, codigo, costo, idpedido, idestadoarticulo, idsucursal) VALUES (1170, 20, '735-11-6985', 4500, 7, 3, null);
INSERT INTO articulo (idarticulo, idsku, codigo, costo, idpedido, idestadoarticulo, idsucursal) VALUES (1179, 15, '456-36-5672', 500, 18, 3, null);
INSERT INTO articulo (idarticulo, idsku, codigo, costo, idpedido, idestadoarticulo, idsucursal) VALUES (1154, 25, '711-65-4766', 8000, 1, 3, null);
INSERT INTO articulo (idarticulo, idsku, codigo, costo, idpedido, idestadoarticulo, idsucursal) VALUES (1217, 9, '269-66-1236', 6000, 2, 3, null);
INSERT INTO articulo (idarticulo, idsku, codigo, costo, idpedido, idestadoarticulo, idsucursal) VALUES (1181, 11, '829-64-2232', 4000, 1, 3, null);
INSERT INTO articulo (idarticulo, idsku, codigo, costo, idpedido, idestadoarticulo, idsucursal) VALUES (1093, 13, '824-34-0563', 1000, 21, 3, null);
INSERT INTO articulo (idarticulo, idsku, codigo, costo, idpedido, idestadoarticulo, idsucursal) VALUES (1188, 2, '109-82-1906', 3500, 8, 3, null);
INSERT INTO articulo (idarticulo, idsku, codigo, costo, idpedido, idestadoarticulo, idsucursal) VALUES (1186, 10, '425-57-0185', 8500, 28, 3, null);
INSERT INTO articulo (idarticulo, idsku, codigo, costo, idpedido, idestadoarticulo, idsucursal) VALUES (1193, 16, '399-96-0390', 7500, 8, 3, null);
INSERT INTO articulo (idarticulo, idsku, codigo, costo, idpedido, idestadoarticulo, idsucursal) VALUES (1128, 25, '191-84-4720', 2000, 1, 3, null);
INSERT INTO articulo (idarticulo, idsku, codigo, costo, idpedido, idestadoarticulo, idsucursal) VALUES (1176, 6, '720-77-2373', 7500, 8, 3, null);
INSERT INTO articulo (idarticulo, idsku, codigo, costo, idpedido, idestadoarticulo, idsucursal) VALUES (1117, 25, '679-57-4476', 500, 7, 3, null);
INSERT INTO articulo (idarticulo, idsku, codigo, costo, idpedido, idestadoarticulo, idsucursal) VALUES (1207, 4, '864-30-8181', 7500, 6, 3, null);
INSERT INTO articulo (idarticulo, idsku, codigo, costo, idpedido, idestadoarticulo, idsucursal) VALUES (1210, 19, '129-49-5528', 1500, 21, 3, null);
INSERT INTO articulo (idarticulo, idsku, codigo, costo, idpedido, idestadoarticulo, idsucursal) VALUES (1209, 16, '143-04-4963', 500, 6, 3, null);
INSERT INTO articulo (idarticulo, idsku, codigo, costo, idpedido, idestadoarticulo, idsucursal) VALUES (1142, 23, '104-86-3273', 3000, 19, 3, null);
INSERT INTO articulo (idarticulo, idsku, codigo, costo, idpedido, idestadoarticulo, idsucursal) VALUES (1152, 12, '894-49-7394', 500, 28, 3, null);
INSERT INTO articulo (idarticulo, idsku, codigo, costo, idpedido, idestadoarticulo, idsucursal) VALUES (1225, 25, '088-95-0520', 2500, 5, 1, null);
INSERT INTO articulo (idarticulo, idsku, codigo, costo, idpedido, idestadoarticulo, idsucursal) VALUES (1226, 20, '450-16-3703', 7500, 18, 1, null);
INSERT INTO articulo (idarticulo, idsku, codigo, costo, idpedido, idestadoarticulo, idsucursal) VALUES (1227, 1, '156-68-1046', 1500, 17, 1, null);
INSERT INTO articulo (idarticulo, idsku, codigo, costo, idpedido, idestadoarticulo, idsucursal) VALUES (1228, 9, '711-68-4923', 5500, 30, 1, null);
INSERT INTO articulo (idarticulo, idsku, codigo, costo, idpedido, idestadoarticulo, idsucursal) VALUES (1229, 10, '163-54-6251', 4000, 27, 1, null);
INSERT INTO articulo (idarticulo, idsku, codigo, costo, idpedido, idestadoarticulo, idsucursal) VALUES (1230, 3, '796-34-3594', 7000, 21, 1, null);
INSERT INTO articulo (idarticulo, idsku, codigo, costo, idpedido, idestadoarticulo, idsucursal) VALUES (1231, 4, '548-36-4747', 4500, 12, 1, null);
INSERT INTO articulo (idarticulo, idsku, codigo, costo, idpedido, idestadoarticulo, idsucursal) VALUES (1232, 4, '757-30-6892', 3000, 30, 1, null);
INSERT INTO articulo (idarticulo, idsku, codigo, costo, idpedido, idestadoarticulo, idsucursal) VALUES (1233, 14, '592-32-9922', 5000, 20, 1, null);
INSERT INTO articulo (idarticulo, idsku, codigo, costo, idpedido, idestadoarticulo, idsucursal) VALUES (1234, 18, '240-64-6756', 500, 9, 1, null);
INSERT INTO articulo (idarticulo, idsku, codigo, costo, idpedido, idestadoarticulo, idsucursal) VALUES (1235, 8, '064-27-8154', 9500, 3, 1, null);
INSERT INTO articulo (idarticulo, idsku, codigo, costo, idpedido, idestadoarticulo, idsucursal) VALUES (1236, 21, '531-35-1857', 7000, 9, 1, null);
INSERT INTO articulo (idarticulo, idsku, codigo, costo, idpedido, idestadoarticulo, idsucursal) VALUES (1237, 23, '800-16-9993', 9500, 16, 1, null);
INSERT INTO articulo (idarticulo, idsku, codigo, costo, idpedido, idestadoarticulo, idsucursal) VALUES (1238, 18, '373-31-8206', 4500, 28, 1, null);
INSERT INTO articulo (idarticulo, idsku, codigo, costo, idpedido, idestadoarticulo, idsucursal) VALUES (1239, 8, '087-23-6838', 6500, 21, 1, null);
INSERT INTO articulo (idarticulo, idsku, codigo, costo, idpedido, idestadoarticulo, idsucursal) VALUES (1240, 9, '339-87-5343', 8000, 9, 1, null);
INSERT INTO articulo (idarticulo, idsku, codigo, costo, idpedido, idestadoarticulo, idsucursal) VALUES (1241, 17, '360-81-2909', 4500, 28, 1, null);
INSERT INTO articulo (idarticulo, idsku, codigo, costo, idpedido, idestadoarticulo, idsucursal) VALUES (1242, 3, '300-85-7627', 1500, 2, 1, null);
INSERT INTO articulo (idarticulo, idsku, codigo, costo, idpedido, idestadoarticulo, idsucursal) VALUES (1243, 4, '212-64-7495', 5000, 16, 1, null);
INSERT INTO articulo (idarticulo, idsku, codigo, costo, idpedido, idestadoarticulo, idsucursal) VALUES (1244, 2, '875-50-5146', 1000, 1, 1, null);
INSERT INTO articulo (idarticulo, idsku, codigo, costo, idpedido, idestadoarticulo, idsucursal) VALUES (1245, 5, '232-80-0789', 3500, 14, 1, null);
INSERT INTO articulo (idarticulo, idsku, codigo, costo, idpedido, idestadoarticulo, idsucursal) VALUES (1246, 20, '827-97-3362', 2500, 22, 1, null);
INSERT INTO articulo (idarticulo, idsku, codigo, costo, idpedido, idestadoarticulo, idsucursal) VALUES (1247, 19, '500-93-9811', 2500, 28, 1, null);
INSERT INTO articulo (idarticulo, idsku, codigo, costo, idpedido, idestadoarticulo, idsucursal) VALUES (1248, 21, '436-09-7535', 4500, 2, 1, null);
INSERT INTO articulo (idarticulo, idsku, codigo, costo, idpedido, idestadoarticulo, idsucursal) VALUES (1249, 11, '296-11-4354', 9500, 8, 1, null);
INSERT INTO articulo (idarticulo, idsku, codigo, costo, idpedido, idestadoarticulo, idsucursal) VALUES (1250, 9, '658-13-4975', 6500, 7, 1, null);
INSERT INTO articulo (idarticulo, idsku, codigo, costo, idpedido, idestadoarticulo, idsucursal) VALUES (1251, 6, '799-76-0317', 4000, 2, 1, null);
INSERT INTO articulo (idarticulo, idsku, codigo, costo, idpedido, idestadoarticulo, idsucursal) VALUES (1252, 7, '069-97-2513', 8000, 22, 1, null);
INSERT INTO articulo (idarticulo, idsku, codigo, costo, idpedido, idestadoarticulo, idsucursal) VALUES (1253, 23, '272-09-7557', 9000, 10, 1, null);
INSERT INTO articulo (idarticulo, idsku, codigo, costo, idpedido, idestadoarticulo, idsucursal) VALUES (1254, 25, '057-87-2090', 9500, 28, 1, null);
INSERT INTO articulo (idarticulo, idsku, codigo, costo, idpedido, idestadoarticulo, idsucursal) VALUES (1255, 22, '259-80-7446', 5000, 28, 1, null);
INSERT INTO articulo (idarticulo, idsku, codigo, costo, idpedido, idestadoarticulo, idsucursal) VALUES (1257, 13, '219-81-3473', 8500, 14, 1, null);
INSERT INTO articulo (idarticulo, idsku, codigo, costo, idpedido, idestadoarticulo, idsucursal) VALUES (1258, 4, '890-91-5517', 500, 30, 1, null);
INSERT INTO articulo (idarticulo, idsku, codigo, costo, idpedido, idestadoarticulo, idsucursal) VALUES (1259, 13, '673-57-2766', 8500, 26, 1, null);
INSERT INTO articulo (idarticulo, idsku, codigo, costo, idpedido, idestadoarticulo, idsucursal) VALUES (1261, 21, '651-08-4076', 7000, 6, 1, null);
INSERT INTO articulo (idarticulo, idsku, codigo, costo, idpedido, idestadoarticulo, idsucursal) VALUES (1262, 25, '747-01-2005', 7500, 26, 1, null);
INSERT INTO articulo (idarticulo, idsku, codigo, costo, idpedido, idestadoarticulo, idsucursal) VALUES (1263, 11, '153-30-9189', 1500, 30, 1, null);
INSERT INTO articulo (idarticulo, idsku, codigo, costo, idpedido, idestadoarticulo, idsucursal) VALUES (1264, 3, '201-78-2174', 4000, 11, 1, null);
INSERT INTO articulo (idarticulo, idsku, codigo, costo, idpedido, idestadoarticulo, idsucursal) VALUES (1265, 21, '465-35-5040', 3000, 28, 1, null);
INSERT INTO articulo (idarticulo, idsku, codigo, costo, idpedido, idestadoarticulo, idsucursal) VALUES (1266, 11, '468-85-1526', 7000, 1, 1, null);
INSERT INTO articulo (idarticulo, idsku, codigo, costo, idpedido, idestadoarticulo, idsucursal) VALUES (1267, 2, '202-02-8496', 8500, 7, 1, null);
INSERT INTO articulo (idarticulo, idsku, codigo, costo, idpedido, idestadoarticulo, idsucursal) VALUES (1268, 11, '015-84-2909', 3000, 14, 1, null);
INSERT INTO articulo (idarticulo, idsku, codigo, costo, idpedido, idestadoarticulo, idsucursal) VALUES (1269, 16, '847-83-2192', 5500, 16, 1, null);
INSERT INTO articulo (idarticulo, idsku, codigo, costo, idpedido, idestadoarticulo, idsucursal) VALUES (1270, 14, '514-46-1803', 9500, 24, 1, null);
INSERT INTO articulo (idarticulo, idsku, codigo, costo, idpedido, idestadoarticulo, idsucursal) VALUES (1271, 7, '691-24-5990', 1500, 28, 1, null);
INSERT INTO articulo (idarticulo, idsku, codigo, costo, idpedido, idestadoarticulo, idsucursal) VALUES (1272, 11, '528-62-3554', 500, 19, 1, null);
INSERT INTO articulo (idarticulo, idsku, codigo, costo, idpedido, idestadoarticulo, idsucursal) VALUES (1273, 1, '728-26-9480', 9000, 27, 1, null);
INSERT INTO articulo (idarticulo, idsku, codigo, costo, idpedido, idestadoarticulo, idsucursal) VALUES (1274, 25, '145-80-2816', 500, 22, 1, null);
INSERT INTO articulo (idarticulo, idsku, codigo, costo, idpedido, idestadoarticulo, idsucursal) VALUES (1275, 11, '357-79-1378', 2500, 8, 1, null);
INSERT INTO articulo (idarticulo, idsku, codigo, costo, idpedido, idestadoarticulo, idsucursal) VALUES (1276, 19, '823-23-1082', 9000, 27, 1, null);
INSERT INTO articulo (idarticulo, idsku, codigo, costo, idpedido, idestadoarticulo, idsucursal) VALUES (1277, 25, '615-79-6477', 6000, 28, 1, null);
INSERT INTO articulo (idarticulo, idsku, codigo, costo, idpedido, idestadoarticulo, idsucursal) VALUES (1278, 4, '438-53-4820', 1000, 21, 1, null);
INSERT INTO articulo (idarticulo, idsku, codigo, costo, idpedido, idestadoarticulo, idsucursal) VALUES (1279, 17, '353-54-2807', 500, 12, 1, null);
INSERT INTO articulo (idarticulo, idsku, codigo, costo, idpedido, idestadoarticulo, idsucursal) VALUES (1281, 23, '465-29-7508', 5000, 22, 1, null);
INSERT INTO articulo (idarticulo, idsku, codigo, costo, idpedido, idestadoarticulo, idsucursal) VALUES (1282, 9, '721-99-3523', 1000, 23, 1, null);
INSERT INTO articulo (idarticulo, idsku, codigo, costo, idpedido, idestadoarticulo, idsucursal) VALUES (1283, 1, '149-68-0202', 3500, 11, 1, null);
INSERT INTO articulo (idarticulo, idsku, codigo, costo, idpedido, idestadoarticulo, idsucursal) VALUES (1284, 14, '526-70-1739', 2000, 23, 1, null);
INSERT INTO articulo (idarticulo, idsku, codigo, costo, idpedido, idestadoarticulo, idsucursal) VALUES (1285, 24, '490-04-5990', 4000, 3, 1, null);
INSERT INTO articulo (idarticulo, idsku, codigo, costo, idpedido, idestadoarticulo, idsucursal) VALUES (1286, 17, '609-82-2696', 6000, 1, 1, null);
INSERT INTO articulo (idarticulo, idsku, codigo, costo, idpedido, idestadoarticulo, idsucursal) VALUES (1287, 23, '115-33-8291', 6000, 19, 1, null);
INSERT INTO articulo (idarticulo, idsku, codigo, costo, idpedido, idestadoarticulo, idsucursal) VALUES (1288, 17, '736-23-0891', 1500, 21, 1, null);
INSERT INTO articulo (idarticulo, idsku, codigo, costo, idpedido, idestadoarticulo, idsucursal) VALUES (1289, 8, '070-92-7259', 9000, 8, 1, null);
INSERT INTO articulo (idarticulo, idsku, codigo, costo, idpedido, idestadoarticulo, idsucursal) VALUES (1290, 5, '846-97-8084', 1000, 17, 1, null);
INSERT INTO articulo (idarticulo, idsku, codigo, costo, idpedido, idestadoarticulo, idsucursal) VALUES (1291, 10, '510-70-1360', 3500, 24, 1, null);
INSERT INTO articulo (idarticulo, idsku, codigo, costo, idpedido, idestadoarticulo, idsucursal) VALUES (1292, 18, '120-95-4754', 1500, 5, 1, null);
INSERT INTO articulo (idarticulo, idsku, codigo, costo, idpedido, idestadoarticulo, idsucursal) VALUES (1293, 21, '436-65-1465', 3000, 11, 1, null);
INSERT INTO articulo (idarticulo, idsku, codigo, costo, idpedido, idestadoarticulo, idsucursal) VALUES (1294, 21, '645-74-4031', 6500, 30, 1, null);
INSERT INTO articulo (idarticulo, idsku, codigo, costo, idpedido, idestadoarticulo, idsucursal) VALUES (1295, 19, '008-38-5330', 2000, 15, 1, null);
INSERT INTO articulo (idarticulo, idsku, codigo, costo, idpedido, idestadoarticulo, idsucursal) VALUES (1296, 10, '256-39-5379', 8500, 21, 1, null);
INSERT INTO articulo (idarticulo, idsku, codigo, costo, idpedido, idestadoarticulo, idsucursal) VALUES (1297, 14, '693-40-6013', 6500, 28, 1, null);
INSERT INTO articulo (idarticulo, idsku, codigo, costo, idpedido, idestadoarticulo, idsucursal) VALUES (1298, 25, '126-35-3293', 7500, 11, 1, null);
INSERT INTO articulo (idarticulo, idsku, codigo, costo, idpedido, idestadoarticulo, idsucursal) VALUES (1299, 22, '769-35-0330', 3500, 2, 1, null);
INSERT INTO articulo (idarticulo, idsku, codigo, costo, idpedido, idestadoarticulo, idsucursal) VALUES (1301, 9, '431-74-0639', 3500, 9, 1, null);
INSERT INTO articulo (idarticulo, idsku, codigo, costo, idpedido, idestadoarticulo, idsucursal) VALUES (1303, 18, '587-76-2086', 7000, 26, 1, null);
INSERT INTO articulo (idarticulo, idsku, codigo, costo, idpedido, idestadoarticulo, idsucursal) VALUES (1304, 2, '504-55-3167', 500, 8, 1, null);
INSERT INTO articulo (idarticulo, idsku, codigo, costo, idpedido, idestadoarticulo, idsucursal) VALUES (1305, 17, '851-19-1806', 4500, 15, 1, null);
INSERT INTO articulo (idarticulo, idsku, codigo, costo, idpedido, idestadoarticulo, idsucursal) VALUES (1306, 20, '846-84-3529', 7500, 2, 1, null);
INSERT INTO articulo (idarticulo, idsku, codigo, costo, idpedido, idestadoarticulo, idsucursal) VALUES (1307, 20, '242-80-6908', 4000, 25, 1, null);
INSERT INTO articulo (idarticulo, idsku, codigo, costo, idpedido, idestadoarticulo, idsucursal) VALUES (1308, 18, '516-57-5611', 7500, 30, 1, null);
INSERT INTO articulo (idarticulo, idsku, codigo, costo, idpedido, idestadoarticulo, idsucursal) VALUES (1309, 22, '064-66-2584', 1000, 5, 1, null);
INSERT INTO articulo (idarticulo, idsku, codigo, costo, idpedido, idestadoarticulo, idsucursal) VALUES (1311, 17, '200-75-6058', 7000, 18, 1, null);
INSERT INTO articulo (idarticulo, idsku, codigo, costo, idpedido, idestadoarticulo, idsucursal) VALUES (1312, 5, '201-48-9422', 6000, 1, 1, null);
INSERT INTO articulo (idarticulo, idsku, codigo, costo, idpedido, idestadoarticulo, idsucursal) VALUES (1313, 8, '120-30-2131', 7000, 12, 1, null);
INSERT INTO articulo (idarticulo, idsku, codigo, costo, idpedido, idestadoarticulo, idsucursal) VALUES (1314, 5, '045-02-7743', 500, 24, 1, null);
INSERT INTO articulo (idarticulo, idsku, codigo, costo, idpedido, idestadoarticulo, idsucursal) VALUES (1316, 5, '588-08-7820', 3000, 22, 1, null);
INSERT INTO articulo (idarticulo, idsku, codigo, costo, idpedido, idestadoarticulo, idsucursal) VALUES (1317, 19, '679-55-8268', 6000, 22, 1, null);
INSERT INTO articulo (idarticulo, idsku, codigo, costo, idpedido, idestadoarticulo, idsucursal) VALUES (1318, 4, '326-73-9023', 9000, 18, 1, null);
INSERT INTO articulo (idarticulo, idsku, codigo, costo, idpedido, idestadoarticulo, idsucursal) VALUES (1320, 20, '063-16-0038', 6500, 23, 1, null);
INSERT INTO articulo (idarticulo, idsku, codigo, costo, idpedido, idestadoarticulo, idsucursal) VALUES (1321, 4, '489-85-0429', 6000, 10, 1, null);
INSERT INTO articulo (idarticulo, idsku, codigo, costo, idpedido, idestadoarticulo, idsucursal) VALUES (1322, 18, '602-11-4257', 2500, 12, 1, null);
INSERT INTO articulo (idarticulo, idsku, codigo, costo, idpedido, idestadoarticulo, idsucursal) VALUES (1323, 23, '317-87-7175', 9500, 9, 1, null);
INSERT INTO articulo (idarticulo, idsku, codigo, costo, idpedido, idestadoarticulo, idsucursal) VALUES (1324, 13, '429-96-6612', 6000, 12, 1, null);
INSERT INTO articulo (idarticulo, idsku, codigo, costo, idpedido, idestadoarticulo, idsucursal) VALUES (1325, 6, '759-26-1912', 500, 9, 1, null);
INSERT INTO articulo (idarticulo, idsku, codigo, costo, idpedido, idestadoarticulo, idsucursal) VALUES (1327, 4, '132-77-2160', 9500, 9, 1, null);
INSERT INTO articulo (idarticulo, idsku, codigo, costo, idpedido, idestadoarticulo, idsucursal) VALUES (1328, 4, '813-27-7409', 1000, 19, 1, null);
INSERT INTO articulo (idarticulo, idsku, codigo, costo, idpedido, idestadoarticulo, idsucursal) VALUES (1329, 17, '551-23-6346', 4000, 22, 1, null);
INSERT INTO articulo (idarticulo, idsku, codigo, costo, idpedido, idestadoarticulo, idsucursal) VALUES (1330, 9, '212-24-0753', 2500, 1, 1, null);
INSERT INTO articulo (idarticulo, idsku, codigo, costo, idpedido, idestadoarticulo, idsucursal) VALUES (1332, 6, '548-68-1410', 2500, 15, 1, null);
INSERT INTO articulo (idarticulo, idsku, codigo, costo, idpedido, idestadoarticulo, idsucursal) VALUES (1333, 4, '054-68-4865', 500, 2, 1, null);
INSERT INTO articulo (idarticulo, idsku, codigo, costo, idpedido, idestadoarticulo, idsucursal) VALUES (1334, 19, '170-93-2612', 1500, 1, 1, null);
INSERT INTO articulo (idarticulo, idsku, codigo, costo, idpedido, idestadoarticulo, idsucursal) VALUES (1335, 17, '364-14-1135', 1500, 10, 1, null);
INSERT INTO articulo (idarticulo, idsku, codigo, costo, idpedido, idestadoarticulo, idsucursal) VALUES (1336, 23, '234-85-5351', 4000, 26, 1, null);
INSERT INTO articulo (idarticulo, idsku, codigo, costo, idpedido, idestadoarticulo, idsucursal) VALUES (1337, 10, '614-54-9510', 6500, 28, 1, null);
INSERT INTO articulo (idarticulo, idsku, codigo, costo, idpedido, idestadoarticulo, idsucursal) VALUES (1339, 24, '587-47-1855', 6000, 3, 1, null);
INSERT INTO articulo (idarticulo, idsku, codigo, costo, idpedido, idestadoarticulo, idsucursal) VALUES (1340, 1, '354-62-5340', 2500, 20, 1, null);
INSERT INTO articulo (idarticulo, idsku, codigo, costo, idpedido, idestadoarticulo, idsucursal) VALUES (1341, 3, '505-93-3819', 7000, 29, 1, null);
INSERT INTO articulo (idarticulo, idsku, codigo, costo, idpedido, idestadoarticulo, idsucursal) VALUES (1342, 21, '541-69-8459', 8500, 2, 1, null);
INSERT INTO articulo (idarticulo, idsku, codigo, costo, idpedido, idestadoarticulo, idsucursal) VALUES (1343, 1, '682-25-3875', 6000, 13, 1, null);
INSERT INTO articulo (idarticulo, idsku, codigo, costo, idpedido, idestadoarticulo, idsucursal) VALUES (1345, 5, '776-59-9602', 4000, 22, 1, null);
INSERT INTO articulo (idarticulo, idsku, codigo, costo, idpedido, idestadoarticulo, idsucursal) VALUES (1346, 19, '616-80-8735', 7500, 17, 1, null);
INSERT INTO articulo (idarticulo, idsku, codigo, costo, idpedido, idestadoarticulo, idsucursal) VALUES (1347, 19, '835-35-0200', 6000, 28, 1, null);
INSERT INTO articulo (idarticulo, idsku, codigo, costo, idpedido, idestadoarticulo, idsucursal) VALUES (1348, 8, '801-94-2617', 3000, 14, 1, null);
INSERT INTO articulo (idarticulo, idsku, codigo, costo, idpedido, idestadoarticulo, idsucursal) VALUES (1349, 25, '440-82-1091', 500, 11, 1, null);
INSERT INTO articulo (idarticulo, idsku, codigo, costo, idpedido, idestadoarticulo, idsucursal) VALUES (1350, 7, '432-77-8191', 8000, 9, 1, null);
INSERT INTO articulo (idarticulo, idsku, codigo, costo, idpedido, idestadoarticulo, idsucursal) VALUES (1351, 22, '463-09-6899', 9500, 19, 1, null);
INSERT INTO articulo (idarticulo, idsku, codigo, costo, idpedido, idestadoarticulo, idsucursal) VALUES (1352, 16, '035-94-7839', 1500, 6, 1, null);
INSERT INTO articulo (idarticulo, idsku, codigo, costo, idpedido, idestadoarticulo, idsucursal) VALUES (1353, 17, '400-95-4369', 1500, 7, 1, null);
INSERT INTO articulo (idarticulo, idsku, codigo, costo, idpedido, idestadoarticulo, idsucursal) VALUES (1354, 10, '406-04-4488', 7500, 5, 1, null);
INSERT INTO articulo (idarticulo, idsku, codigo, costo, idpedido, idestadoarticulo, idsucursal) VALUES (1355, 14, '126-06-8633', 2500, 29, 1, null);
INSERT INTO articulo (idarticulo, idsku, codigo, costo, idpedido, idestadoarticulo, idsucursal) VALUES (1356, 14, '469-82-7212', 2500, 7, 1, null);
INSERT INTO articulo (idarticulo, idsku, codigo, costo, idpedido, idestadoarticulo, idsucursal) VALUES (1357, 7, '219-80-1916', 1500, 30, 1, null);
INSERT INTO articulo (idarticulo, idsku, codigo, costo, idpedido, idestadoarticulo, idsucursal) VALUES (1358, 8, '424-44-4448', 2500, 24, 1, null);
INSERT INTO articulo (idarticulo, idsku, codigo, costo, idpedido, idestadoarticulo, idsucursal) VALUES (1338, 15, '738-01-9372', 4000, 24, 3, null);
INSERT INTO articulo (idarticulo, idsku, codigo, costo, idpedido, idestadoarticulo, idsucursal) VALUES (1302, 10, '167-21-8215', 1000, 5, 3, null);
INSERT INTO articulo (idarticulo, idsku, codigo, costo, idpedido, idestadoarticulo, idsucursal) VALUES (1344, 11, '241-75-3879', 4000, 28, 3, null);
INSERT INTO articulo (idarticulo, idsku, codigo, costo, idpedido, idestadoarticulo, idsucursal) VALUES (1319, 10, '495-47-4210', 4000, 3, 3, null);
INSERT INTO articulo (idarticulo, idsku, codigo, costo, idpedido, idestadoarticulo, idsucursal) VALUES (1331, 4, '178-49-5721', 3500, 23, 3, null);
INSERT INTO articulo (idarticulo, idsku, codigo, costo, idpedido, idestadoarticulo, idsucursal) VALUES (1310, 22, '393-80-3663', 2000, 6, 3, null);
INSERT INTO articulo (idarticulo, idsku, codigo, costo, idpedido, idestadoarticulo, idsucursal) VALUES (1360, 2, '511-69-4882', 6500, 4, 3, null);
INSERT INTO articulo (idarticulo, idsku, codigo, costo, idpedido, idestadoarticulo, idsucursal) VALUES (1260, 10, '827-05-5689', 2000, 26, 3, null);
INSERT INTO articulo (idarticulo, idsku, codigo, costo, idpedido, idestadoarticulo, idsucursal) VALUES (1300, 12, '608-10-3402', 2500, 6, 3, null);
INSERT INTO articulo (idarticulo, idsku, codigo, costo, idpedido, idestadoarticulo, idsucursal) VALUES (1280, 18, '162-91-2749', 6000, 20, 3, null);
INSERT INTO articulo (idarticulo, idsku, codigo, costo, idpedido, idestadoarticulo, idsucursal) VALUES (1361, 19, '719-31-3460', 9000, 13, 1, null);
INSERT INTO articulo (idarticulo, idsku, codigo, costo, idpedido, idestadoarticulo, idsucursal) VALUES (1362, 25, '439-84-9221', 1500, 26, 1, null);
INSERT INTO articulo (idarticulo, idsku, codigo, costo, idpedido, idestadoarticulo, idsucursal) VALUES (1364, 12, '004-28-8278', 1500, 13, 1, null);
INSERT INTO articulo (idarticulo, idsku, codigo, costo, idpedido, idestadoarticulo, idsucursal) VALUES (1365, 19, '485-11-2013', 8500, 5, 1, null);
INSERT INTO articulo (idarticulo, idsku, codigo, costo, idpedido, idestadoarticulo, idsucursal) VALUES (1366, 16, '395-98-2509', 9000, 28, 1, null);
INSERT INTO articulo (idarticulo, idsku, codigo, costo, idpedido, idestadoarticulo, idsucursal) VALUES (1367, 2, '747-97-7524', 6000, 18, 1, null);
INSERT INTO articulo (idarticulo, idsku, codigo, costo, idpedido, idestadoarticulo, idsucursal) VALUES (1368, 7, '042-27-0080', 9000, 23, 1, null);
INSERT INTO articulo (idarticulo, idsku, codigo, costo, idpedido, idestadoarticulo, idsucursal) VALUES (1369, 18, '219-43-7423', 8500, 17, 1, null);
INSERT INTO articulo (idarticulo, idsku, codigo, costo, idpedido, idestadoarticulo, idsucursal) VALUES (1370, 25, '322-10-8329', 500, 17, 1, null);
INSERT INTO articulo (idarticulo, idsku, codigo, costo, idpedido, idestadoarticulo, idsucursal) VALUES (1371, 13, '350-95-7103', 1000, 8, 1, null);
INSERT INTO articulo (idarticulo, idsku, codigo, costo, idpedido, idestadoarticulo, idsucursal) VALUES (1372, 21, '044-14-4128', 4500, 2, 1, null);
INSERT INTO articulo (idarticulo, idsku, codigo, costo, idpedido, idestadoarticulo, idsucursal) VALUES (1373, 2, '522-25-4758', 7000, 18, 1, null);
INSERT INTO articulo (idarticulo, idsku, codigo, costo, idpedido, idestadoarticulo, idsucursal) VALUES (1374, 10, '124-08-7167', 2500, 5, 1, null);
INSERT INTO articulo (idarticulo, idsku, codigo, costo, idpedido, idestadoarticulo, idsucursal) VALUES (1377, 12, '074-87-8246', 3000, 14, 1, null);
INSERT INTO articulo (idarticulo, idsku, codigo, costo, idpedido, idestadoarticulo, idsucursal) VALUES (1378, 20, '553-09-2326', 500, 21, 1, null);
INSERT INTO articulo (idarticulo, idsku, codigo, costo, idpedido, idestadoarticulo, idsucursal) VALUES (1379, 13, '455-87-9007', 2500, 17, 1, null);
INSERT INTO articulo (idarticulo, idsku, codigo, costo, idpedido, idestadoarticulo, idsucursal) VALUES (1380, 13, '837-04-5749', 9500, 17, 1, null);
INSERT INTO articulo (idarticulo, idsku, codigo, costo, idpedido, idestadoarticulo, idsucursal) VALUES (1381, 3, '683-45-2505', 5500, 28, 1, null);
INSERT INTO articulo (idarticulo, idsku, codigo, costo, idpedido, idestadoarticulo, idsucursal) VALUES (1382, 2, '579-90-4568', 500, 12, 1, null);
INSERT INTO articulo (idarticulo, idsku, codigo, costo, idpedido, idestadoarticulo, idsucursal) VALUES (1383, 17, '323-33-1007', 3500, 19, 1, null);
INSERT INTO articulo (idarticulo, idsku, codigo, costo, idpedido, idestadoarticulo, idsucursal) VALUES (1384, 10, '704-51-9568', 5000, 9, 1, null);
INSERT INTO articulo (idarticulo, idsku, codigo, costo, idpedido, idestadoarticulo, idsucursal) VALUES (1385, 7, '496-26-9612', 6500, 16, 1, null);
INSERT INTO articulo (idarticulo, idsku, codigo, costo, idpedido, idestadoarticulo, idsucursal) VALUES (1386, 3, '614-47-8800', 3500, 26, 1, null);
INSERT INTO articulo (idarticulo, idsku, codigo, costo, idpedido, idestadoarticulo, idsucursal) VALUES (1387, 18, '155-89-7480', 4000, 19, 1, null);
INSERT INTO articulo (idarticulo, idsku, codigo, costo, idpedido, idestadoarticulo, idsucursal) VALUES (1388, 19, '566-09-6183', 6500, 17, 1, null);
INSERT INTO articulo (idarticulo, idsku, codigo, costo, idpedido, idestadoarticulo, idsucursal) VALUES (1389, 20, '212-73-5579', 9000, 27, 1, null);
INSERT INTO articulo (idarticulo, idsku, codigo, costo, idpedido, idestadoarticulo, idsucursal) VALUES (1390, 10, '010-39-8372', 6000, 4, 1, null);
INSERT INTO articulo (idarticulo, idsku, codigo, costo, idpedido, idestadoarticulo, idsucursal) VALUES (1391, 11, '699-85-7287', 5000, 19, 1, null);
INSERT INTO articulo (idarticulo, idsku, codigo, costo, idpedido, idestadoarticulo, idsucursal) VALUES (1392, 6, '041-31-1267', 7500, 18, 1, null);
INSERT INTO articulo (idarticulo, idsku, codigo, costo, idpedido, idestadoarticulo, idsucursal) VALUES (1393, 4, '285-16-3167', 7000, 20, 1, null);
INSERT INTO articulo (idarticulo, idsku, codigo, costo, idpedido, idestadoarticulo, idsucursal) VALUES (1394, 9, '547-07-3797', 4500, 10, 1, null);
INSERT INTO articulo (idarticulo, idsku, codigo, costo, idpedido, idestadoarticulo, idsucursal) VALUES (1395, 16, '265-95-9279', 5000, 12, 1, null);
INSERT INTO articulo (idarticulo, idsku, codigo, costo, idpedido, idestadoarticulo, idsucursal) VALUES (1396, 11, '309-67-7535', 6500, 8, 1, null);
INSERT INTO articulo (idarticulo, idsku, codigo, costo, idpedido, idestadoarticulo, idsucursal) VALUES (1397, 24, '340-43-8843', 8000, 10, 1, null);
INSERT INTO articulo (idarticulo, idsku, codigo, costo, idpedido, idestadoarticulo, idsucursal) VALUES (1399, 6, '117-61-1643', 4000, 27, 1, null);
INSERT INTO articulo (idarticulo, idsku, codigo, costo, idpedido, idestadoarticulo, idsucursal) VALUES (1400, 10, '305-48-9469', 8500, 2, 1, null);
INSERT INTO articulo (idarticulo, idsku, codigo, costo, idpedido, idestadoarticulo, idsucursal) VALUES (1401, 8, '315-95-7815', 4500, 23, 1, null);
INSERT INTO articulo (idarticulo, idsku, codigo, costo, idpedido, idestadoarticulo, idsucursal) VALUES (1402, 7, '152-80-8380', 9500, 5, 1, null);
INSERT INTO articulo (idarticulo, idsku, codigo, costo, idpedido, idestadoarticulo, idsucursal) VALUES (1403, 3, '135-92-4907', 1000, 27, 1, null);
INSERT INTO articulo (idarticulo, idsku, codigo, costo, idpedido, idestadoarticulo, idsucursal) VALUES (1405, 13, '270-45-5135', 2000, 1, 1, null);
INSERT INTO articulo (idarticulo, idsku, codigo, costo, idpedido, idestadoarticulo, idsucursal) VALUES (1407, 4, '308-66-9025', 2500, 13, 1, null);
INSERT INTO articulo (idarticulo, idsku, codigo, costo, idpedido, idestadoarticulo, idsucursal) VALUES (1408, 23, '771-13-4363', 5000, 28, 1, null);
INSERT INTO articulo (idarticulo, idsku, codigo, costo, idpedido, idestadoarticulo, idsucursal) VALUES (1409, 16, '898-59-6724', 7000, 24, 1, null);
INSERT INTO articulo (idarticulo, idsku, codigo, costo, idpedido, idestadoarticulo, idsucursal) VALUES (1411, 9, '641-98-8787', 2500, 18, 1, null);
INSERT INTO articulo (idarticulo, idsku, codigo, costo, idpedido, idestadoarticulo, idsucursal) VALUES (1412, 4, '859-20-8116', 8000, 20, 1, null);
INSERT INTO articulo (idarticulo, idsku, codigo, costo, idpedido, idestadoarticulo, idsucursal) VALUES (1413, 14, '792-11-9503', 2500, 6, 1, null);
INSERT INTO articulo (idarticulo, idsku, codigo, costo, idpedido, idestadoarticulo, idsucursal) VALUES (1414, 7, '023-62-9448', 8500, 21, 1, null);
INSERT INTO articulo (idarticulo, idsku, codigo, costo, idpedido, idestadoarticulo, idsucursal) VALUES (1416, 21, '436-70-9954', 4500, 1, 1, null);
INSERT INTO articulo (idarticulo, idsku, codigo, costo, idpedido, idestadoarticulo, idsucursal) VALUES (1417, 20, '362-02-2292', 5000, 27, 1, null);
INSERT INTO articulo (idarticulo, idsku, codigo, costo, idpedido, idestadoarticulo, idsucursal) VALUES (1418, 4, '892-61-4199', 5500, 7, 1, null);
INSERT INTO articulo (idarticulo, idsku, codigo, costo, idpedido, idestadoarticulo, idsucursal) VALUES (1419, 12, '870-32-4347', 2000, 1, 1, null);
INSERT INTO articulo (idarticulo, idsku, codigo, costo, idpedido, idestadoarticulo, idsucursal) VALUES (1420, 23, '197-98-6296', 7500, 4, 1, null);
INSERT INTO articulo (idarticulo, idsku, codigo, costo, idpedido, idestadoarticulo, idsucursal) VALUES (1421, 5, '787-92-1562', 5000, 9, 1, null);
INSERT INTO articulo (idarticulo, idsku, codigo, costo, idpedido, idestadoarticulo, idsucursal) VALUES (1422, 2, '680-07-6811', 1500, 11, 1, null);
INSERT INTO articulo (idarticulo, idsku, codigo, costo, idpedido, idestadoarticulo, idsucursal) VALUES (1424, 25, '758-34-7608', 1500, 3, 1, null);
INSERT INTO articulo (idarticulo, idsku, codigo, costo, idpedido, idestadoarticulo, idsucursal) VALUES (1425, 25, '583-76-1498', 3000, 19, 1, null);
INSERT INTO articulo (idarticulo, idsku, codigo, costo, idpedido, idestadoarticulo, idsucursal) VALUES (1426, 20, '476-42-9665', 2500, 8, 1, null);
INSERT INTO articulo (idarticulo, idsku, codigo, costo, idpedido, idestadoarticulo, idsucursal) VALUES (1428, 22, '092-85-4468', 500, 27, 1, null);
INSERT INTO articulo (idarticulo, idsku, codigo, costo, idpedido, idestadoarticulo, idsucursal) VALUES (1429, 21, '169-10-5234', 4500, 24, 1, null);
INSERT INTO articulo (idarticulo, idsku, codigo, costo, idpedido, idestadoarticulo, idsucursal) VALUES (1430, 24, '443-82-9191', 9000, 7, 1, null);
INSERT INTO articulo (idarticulo, idsku, codigo, costo, idpedido, idestadoarticulo, idsucursal) VALUES (1432, 19, '762-55-2139', 6000, 5, 1, null);
INSERT INTO articulo (idarticulo, idsku, codigo, costo, idpedido, idestadoarticulo, idsucursal) VALUES (1433, 24, '824-71-3876', 5500, 28, 1, null);
INSERT INTO articulo (idarticulo, idsku, codigo, costo, idpedido, idestadoarticulo, idsucursal) VALUES (1435, 24, '775-35-3592', 7500, 14, 1, null);
INSERT INTO articulo (idarticulo, idsku, codigo, costo, idpedido, idestadoarticulo, idsucursal) VALUES (1436, 25, '046-93-1094', 3000, 29, 1, null);
INSERT INTO articulo (idarticulo, idsku, codigo, costo, idpedido, idestadoarticulo, idsucursal) VALUES (1437, 5, '414-30-1003', 7500, 9, 1, null);
INSERT INTO articulo (idarticulo, idsku, codigo, costo, idpedido, idestadoarticulo, idsucursal) VALUES (1438, 24, '746-18-8723', 3000, 18, 1, null);
INSERT INTO articulo (idarticulo, idsku, codigo, costo, idpedido, idestadoarticulo, idsucursal) VALUES (1439, 9, '208-72-5463', 8000, 22, 1, null);
INSERT INTO articulo (idarticulo, idsku, codigo, costo, idpedido, idestadoarticulo, idsucursal) VALUES (1440, 17, '193-08-8775', 4000, 3, 1, null);
INSERT INTO articulo (idarticulo, idsku, codigo, costo, idpedido, idestadoarticulo, idsucursal) VALUES (1442, 23, '247-18-4723', 8000, 4, 1, null);
INSERT INTO articulo (idarticulo, idsku, codigo, costo, idpedido, idestadoarticulo, idsucursal) VALUES (1443, 7, '416-44-5201', 4500, 4, 1, null);
INSERT INTO articulo (idarticulo, idsku, codigo, costo, idpedido, idestadoarticulo, idsucursal) VALUES (1444, 18, '394-91-1159', 6000, 27, 1, null);
INSERT INTO articulo (idarticulo, idsku, codigo, costo, idpedido, idestadoarticulo, idsucursal) VALUES (1445, 18, '885-42-8778', 2500, 9, 1, null);
INSERT INTO articulo (idarticulo, idsku, codigo, costo, idpedido, idestadoarticulo, idsucursal) VALUES (1447, 10, '142-31-7783', 2500, 18, 1, null);
INSERT INTO articulo (idarticulo, idsku, codigo, costo, idpedido, idestadoarticulo, idsucursal) VALUES (1448, 22, '309-31-0986', 4500, 19, 1, null);
INSERT INTO articulo (idarticulo, idsku, codigo, costo, idpedido, idestadoarticulo, idsucursal) VALUES (1449, 12, '369-61-6928', 5000, 8, 1, null);
INSERT INTO articulo (idarticulo, idsku, codigo, costo, idpedido, idestadoarticulo, idsucursal) VALUES (1450, 5, '853-57-8434', 6500, 8, 1, null);
INSERT INTO articulo (idarticulo, idsku, codigo, costo, idpedido, idestadoarticulo, idsucursal) VALUES (1451, 13, '288-86-4359', 6500, 30, 1, null);
INSERT INTO articulo (idarticulo, idsku, codigo, costo, idpedido, idestadoarticulo, idsucursal) VALUES (1452, 6, '020-78-6903', 500, 19, 1, null);
INSERT INTO articulo (idarticulo, idsku, codigo, costo, idpedido, idestadoarticulo, idsucursal) VALUES (1453, 18, '551-83-7107', 500, 4, 1, null);
INSERT INTO articulo (idarticulo, idsku, codigo, costo, idpedido, idestadoarticulo, idsucursal) VALUES (1454, 14, '682-36-8246', 7000, 1, 1, null);
INSERT INTO articulo (idarticulo, idsku, codigo, costo, idpedido, idestadoarticulo, idsucursal) VALUES (1455, 16, '738-62-0522', 5500, 8, 1, null);
INSERT INTO articulo (idarticulo, idsku, codigo, costo, idpedido, idestadoarticulo, idsucursal) VALUES (1456, 15, '402-52-3196', 5000, 21, 1, null);
INSERT INTO articulo (idarticulo, idsku, codigo, costo, idpedido, idestadoarticulo, idsucursal) VALUES (1457, 19, '375-85-8038', 8000, 27, 1, null);
INSERT INTO articulo (idarticulo, idsku, codigo, costo, idpedido, idestadoarticulo, idsucursal) VALUES (1458, 12, '795-52-0849', 4000, 14, 1, null);
INSERT INTO articulo (idarticulo, idsku, codigo, costo, idpedido, idestadoarticulo, idsucursal) VALUES (1459, 1, '795-73-4824', 9000, 23, 1, null);
INSERT INTO articulo (idarticulo, idsku, codigo, costo, idpedido, idestadoarticulo, idsucursal) VALUES (1461, 3, '336-47-2308', 2500, 22, 1, null);
INSERT INTO articulo (idarticulo, idsku, codigo, costo, idpedido, idestadoarticulo, idsucursal) VALUES (1462, 13, '691-04-7074', 2000, 21, 1, null);
INSERT INTO articulo (idarticulo, idsku, codigo, costo, idpedido, idestadoarticulo, idsucursal) VALUES (1463, 25, '419-09-4956', 4000, 28, 1, null);
INSERT INTO articulo (idarticulo, idsku, codigo, costo, idpedido, idestadoarticulo, idsucursal) VALUES (1464, 13, '357-16-8235', 2000, 3, 1, null);
INSERT INTO articulo (idarticulo, idsku, codigo, costo, idpedido, idestadoarticulo, idsucursal) VALUES (1465, 6, '063-33-6712', 4500, 27, 1, null);
INSERT INTO articulo (idarticulo, idsku, codigo, costo, idpedido, idestadoarticulo, idsucursal) VALUES (1466, 19, '577-20-5081', 7500, 7, 1, null);
INSERT INTO articulo (idarticulo, idsku, codigo, costo, idpedido, idestadoarticulo, idsucursal) VALUES (1467, 3, '485-52-7064', 2500, 8, 1, null);
INSERT INTO articulo (idarticulo, idsku, codigo, costo, idpedido, idestadoarticulo, idsucursal) VALUES (1468, 2, '530-89-2043', 9000, 26, 1, null);
INSERT INTO articulo (idarticulo, idsku, codigo, costo, idpedido, idestadoarticulo, idsucursal) VALUES (1469, 17, '097-35-6969', 7000, 2, 1, null);
INSERT INTO articulo (idarticulo, idsku, codigo, costo, idpedido, idestadoarticulo, idsucursal) VALUES (1470, 6, '682-10-8730', 7500, 14, 1, null);
INSERT INTO articulo (idarticulo, idsku, codigo, costo, idpedido, idestadoarticulo, idsucursal) VALUES (1471, 25, '191-41-0143', 3500, 22, 1, null);
INSERT INTO articulo (idarticulo, idsku, codigo, costo, idpedido, idestadoarticulo, idsucursal) VALUES (1472, 2, '690-37-1532', 6000, 12, 1, null);
INSERT INTO articulo (idarticulo, idsku, codigo, costo, idpedido, idestadoarticulo, idsucursal) VALUES (1473, 2, '625-08-1847', 4500, 30, 1, null);
INSERT INTO articulo (idarticulo, idsku, codigo, costo, idpedido, idestadoarticulo, idsucursal) VALUES (1476, 6, '438-49-9735', 9000, 21, 1, null);
INSERT INTO articulo (idarticulo, idsku, codigo, costo, idpedido, idestadoarticulo, idsucursal) VALUES (1477, 19, '228-19-1815', 7500, 23, 1, null);
INSERT INTO articulo (idarticulo, idsku, codigo, costo, idpedido, idestadoarticulo, idsucursal) VALUES (1478, 24, '876-23-4434', 5000, 26, 1, null);
INSERT INTO articulo (idarticulo, idsku, codigo, costo, idpedido, idestadoarticulo, idsucursal) VALUES (1479, 20, '717-04-9497', 4500, 16, 1, null);
INSERT INTO articulo (idarticulo, idsku, codigo, costo, idpedido, idestadoarticulo, idsucursal) VALUES (1480, 3, '021-94-9520', 5000, 9, 1, null);
INSERT INTO articulo (idarticulo, idsku, codigo, costo, idpedido, idestadoarticulo, idsucursal) VALUES (1481, 15, '072-02-6798', 8500, 30, 1, null);
INSERT INTO articulo (idarticulo, idsku, codigo, costo, idpedido, idestadoarticulo, idsucursal) VALUES (1482, 18, '278-49-7093', 6000, 24, 1, null);
INSERT INTO articulo (idarticulo, idsku, codigo, costo, idpedido, idestadoarticulo, idsucursal) VALUES (1483, 8, '378-54-8162', 7000, 29, 1, null);
INSERT INTO articulo (idarticulo, idsku, codigo, costo, idpedido, idestadoarticulo, idsucursal) VALUES (1484, 18, '018-28-8541', 4500, 28, 1, null);
INSERT INTO articulo (idarticulo, idsku, codigo, costo, idpedido, idestadoarticulo, idsucursal) VALUES (1485, 21, '154-73-4538', 1000, 19, 1, null);
INSERT INTO articulo (idarticulo, idsku, codigo, costo, idpedido, idestadoarticulo, idsucursal) VALUES (1486, 22, '728-88-1361', 9000, 10, 1, null);
INSERT INTO articulo (idarticulo, idsku, codigo, costo, idpedido, idestadoarticulo, idsucursal) VALUES (1487, 18, '025-93-8502', 500, 29, 1, null);
INSERT INTO articulo (idarticulo, idsku, codigo, costo, idpedido, idestadoarticulo, idsucursal) VALUES (1489, 19, '224-76-7991', 4000, 24, 1, null);
INSERT INTO articulo (idarticulo, idsku, codigo, costo, idpedido, idestadoarticulo, idsucursal) VALUES (1490, 10, '808-82-1207', 5500, 4, 1, null);
INSERT INTO articulo (idarticulo, idsku, codigo, costo, idpedido, idestadoarticulo, idsucursal) VALUES (1491, 24, '415-06-0430', 5000, 27, 1, null);
INSERT INTO articulo (idarticulo, idsku, codigo, costo, idpedido, idestadoarticulo, idsucursal) VALUES (1492, 16, '382-03-9189', 1000, 12, 1, null);
INSERT INTO articulo (idarticulo, idsku, codigo, costo, idpedido, idestadoarticulo, idsucursal) VALUES (1493, 24, '692-32-4474', 6500, 16, 1, null);
INSERT INTO articulo (idarticulo, idsku, codigo, costo, idpedido, idestadoarticulo, idsucursal) VALUES (1494, 21, '089-43-4626', 9500, 22, 1, null);
INSERT INTO articulo (idarticulo, idsku, codigo, costo, idpedido, idestadoarticulo, idsucursal) VALUES (1495, 25, '694-43-2441', 4500, 12, 1, null);
INSERT INTO articulo (idarticulo, idsku, codigo, costo, idpedido, idestadoarticulo, idsucursal) VALUES (1446, 19, '416-94-9707', 9500, 15, 3, null);
INSERT INTO articulo (idarticulo, idsku, codigo, costo, idpedido, idestadoarticulo, idsucursal) VALUES (1363, 15, '059-17-8780', 1000, 24, 3, null);
INSERT INTO articulo (idarticulo, idsku, codigo, costo, idpedido, idestadoarticulo, idsucursal) VALUES (1423, 8, '332-05-8840', 3000, 22, 3, null);
INSERT INTO articulo (idarticulo, idsku, codigo, costo, idpedido, idestadoarticulo, idsucursal) VALUES (1398, 14, '546-47-3072', 6500, 11, 3, null);
INSERT INTO articulo (idarticulo, idsku, codigo, costo, idpedido, idestadoarticulo, idsucursal) VALUES (1406, 17, '410-79-5362', 6500, 1, 3, null);
INSERT INTO articulo (idarticulo, idsku, codigo, costo, idpedido, idestadoarticulo, idsucursal) VALUES (1460, 11, '530-64-4064', 7000, 15, 3, null);
INSERT INTO articulo (idarticulo, idsku, codigo, costo, idpedido, idestadoarticulo, idsucursal) VALUES (1376, 8, '349-14-7127', 8000, 1, 3, null);
INSERT INTO articulo (idarticulo, idsku, codigo, costo, idpedido, idestadoarticulo, idsucursal) VALUES (1404, 18, '166-54-6967', 1500, 7, 3, null);
INSERT INTO articulo (idarticulo, idsku, codigo, costo, idpedido, idestadoarticulo, idsucursal) VALUES (1475, 16, '105-62-3132', 1500, 18, 3, null);
INSERT INTO articulo (idarticulo, idsku, codigo, costo, idpedido, idestadoarticulo, idsucursal) VALUES (1431, 5, '639-49-4976', 8500, 16, 3, null);
INSERT INTO articulo (idarticulo, idsku, codigo, costo, idpedido, idestadoarticulo, idsucursal) VALUES (1474, 2, '698-88-3321', 8500, 8, 3, null);
INSERT INTO articulo (idarticulo, idsku, codigo, costo, idpedido, idestadoarticulo, idsucursal) VALUES (1410, 11, '077-88-1538', 4000, 24, 3, null);
INSERT INTO articulo (idarticulo, idsku, codigo, costo, idpedido, idestadoarticulo, idsucursal) VALUES (1441, 8, '601-96-4268', 6000, 4, 3, null);
INSERT INTO articulo (idarticulo, idsku, codigo, costo, idpedido, idestadoarticulo, idsucursal) VALUES (1427, 19, '019-70-7891', 8500, 1, 3, null);
INSERT INTO articulo (idarticulo, idsku, codigo, costo, idpedido, idestadoarticulo, idsucursal) VALUES (1375, 17, '846-22-7065', 2000, 12, 3, null);
INSERT INTO articulo (idarticulo, idsku, codigo, costo, idpedido, idestadoarticulo, idsucursal) VALUES (1415, 1, '483-07-0054', 4500, 5, 3, null);
INSERT INTO articulo (idarticulo, idsku, codigo, costo, idpedido, idestadoarticulo, idsucursal) VALUES (1497, 25, '265-26-7269', 9500, 10, 1, null);
INSERT INTO articulo (idarticulo, idsku, codigo, costo, idpedido, idestadoarticulo, idsucursal) VALUES (1498, 23, '733-21-3906', 7500, 25, 1, null);
INSERT INTO articulo (idarticulo, idsku, codigo, costo, idpedido, idestadoarticulo, idsucursal) VALUES (1499, 22, '591-35-5596', 8500, 11, 1, null);
INSERT INTO articulo (idarticulo, idsku, codigo, costo, idpedido, idestadoarticulo, idsucursal) VALUES (1501, 7, '507-99-0172', 3500, 7, 1, null);
INSERT INTO articulo (idarticulo, idsku, codigo, costo, idpedido, idestadoarticulo, idsucursal) VALUES (1502, 15, '885-95-2506', 3000, 13, 1, null);
INSERT INTO articulo (idarticulo, idsku, codigo, costo, idpedido, idestadoarticulo, idsucursal) VALUES (1503, 5, '618-27-2893', 2000, 9, 1, null);
INSERT INTO articulo (idarticulo, idsku, codigo, costo, idpedido, idestadoarticulo, idsucursal) VALUES (1504, 25, '725-83-4148', 5000, 6, 1, null);
INSERT INTO articulo (idarticulo, idsku, codigo, costo, idpedido, idestadoarticulo, idsucursal) VALUES (1505, 14, '509-44-9061', 4500, 25, 1, null);
INSERT INTO articulo (idarticulo, idsku, codigo, costo, idpedido, idestadoarticulo, idsucursal) VALUES (1506, 23, '686-86-2764', 1500, 10, 1, null);
INSERT INTO articulo (idarticulo, idsku, codigo, costo, idpedido, idestadoarticulo, idsucursal) VALUES (1507, 15, '008-63-0003', 9500, 5, 1, null);
INSERT INTO articulo (idarticulo, idsku, codigo, costo, idpedido, idestadoarticulo, idsucursal) VALUES (1509, 16, '899-80-7187', 500, 19, 1, null);
INSERT INTO articulo (idarticulo, idsku, codigo, costo, idpedido, idestadoarticulo, idsucursal) VALUES (1510, 3, '280-76-7025', 9500, 15, 1, null);
INSERT INTO articulo (idarticulo, idsku, codigo, costo, idpedido, idestadoarticulo, idsucursal) VALUES (1511, 2, '645-31-2883', 7000, 1, 1, null);
INSERT INTO articulo (idarticulo, idsku, codigo, costo, idpedido, idestadoarticulo, idsucursal) VALUES (1512, 15, '439-68-2442', 1500, 22, 1, null);
INSERT INTO articulo (idarticulo, idsku, codigo, costo, idpedido, idestadoarticulo, idsucursal) VALUES (1513, 10, '700-60-4718', 2000, 6, 1, null);
INSERT INTO articulo (idarticulo, idsku, codigo, costo, idpedido, idestadoarticulo, idsucursal) VALUES (1514, 14, '824-70-7066', 1500, 17, 1, null);
INSERT INTO articulo (idarticulo, idsku, codigo, costo, idpedido, idestadoarticulo, idsucursal) VALUES (1515, 2, '033-05-1533', 7500, 9, 1, null);
INSERT INTO articulo (idarticulo, idsku, codigo, costo, idpedido, idestadoarticulo, idsucursal) VALUES (1516, 1, '278-90-4974', 5000, 13, 1, null);
INSERT INTO articulo (idarticulo, idsku, codigo, costo, idpedido, idestadoarticulo, idsucursal) VALUES (1518, 15, '083-28-8357', 6000, 5, 1, null);
INSERT INTO articulo (idarticulo, idsku, codigo, costo, idpedido, idestadoarticulo, idsucursal) VALUES (1519, 5, '839-05-4581', 7000, 6, 1, null);
INSERT INTO articulo (idarticulo, idsku, codigo, costo, idpedido, idestadoarticulo, idsucursal) VALUES (1520, 11, '814-27-7982', 6500, 28, 1, null);
INSERT INTO articulo (idarticulo, idsku, codigo, costo, idpedido, idestadoarticulo, idsucursal) VALUES (1521, 19, '342-40-6755', 5500, 1, 1, null);
INSERT INTO articulo (idarticulo, idsku, codigo, costo, idpedido, idestadoarticulo, idsucursal) VALUES (1522, 20, '624-93-2935', 4500, 6, 1, null);
INSERT INTO articulo (idarticulo, idsku, codigo, costo, idpedido, idestadoarticulo, idsucursal) VALUES (1523, 21, '265-78-2913', 3500, 27, 1, null);
INSERT INTO articulo (idarticulo, idsku, codigo, costo, idpedido, idestadoarticulo, idsucursal) VALUES (1524, 2, '546-85-9156', 8000, 18, 1, null);
INSERT INTO articulo (idarticulo, idsku, codigo, costo, idpedido, idestadoarticulo, idsucursal) VALUES (1525, 16, '322-11-4479', 8500, 28, 1, null);
INSERT INTO articulo (idarticulo, idsku, codigo, costo, idpedido, idestadoarticulo, idsucursal) VALUES (1526, 24, '868-23-0064', 2000, 15, 1, null);
INSERT INTO articulo (idarticulo, idsku, codigo, costo, idpedido, idestadoarticulo, idsucursal) VALUES (1527, 20, '382-61-3322', 500, 1, 1, null);
INSERT INTO articulo (idarticulo, idsku, codigo, costo, idpedido, idestadoarticulo, idsucursal) VALUES (1528, 6, '510-07-8445', 5000, 20, 1, null);
INSERT INTO articulo (idarticulo, idsku, codigo, costo, idpedido, idestadoarticulo, idsucursal) VALUES (1529, 14, '086-10-9695', 6000, 27, 1, null);
INSERT INTO articulo (idarticulo, idsku, codigo, costo, idpedido, idestadoarticulo, idsucursal) VALUES (1530, 21, '700-07-8988', 2000, 14, 1, null);
INSERT INTO articulo (idarticulo, idsku, codigo, costo, idpedido, idestadoarticulo, idsucursal) VALUES (1531, 20, '004-65-1724', 4500, 6, 1, null);
INSERT INTO articulo (idarticulo, idsku, codigo, costo, idpedido, idestadoarticulo, idsucursal) VALUES (1532, 6, '173-02-9697', 5000, 24, 1, null);
INSERT INTO articulo (idarticulo, idsku, codigo, costo, idpedido, idestadoarticulo, idsucursal) VALUES (1533, 15, '612-03-7977', 8500, 8, 1, null);
INSERT INTO articulo (idarticulo, idsku, codigo, costo, idpedido, idestadoarticulo, idsucursal) VALUES (1534, 6, '807-64-8094', 4000, 6, 1, null);
INSERT INTO articulo (idarticulo, idsku, codigo, costo, idpedido, idestadoarticulo, idsucursal) VALUES (1535, 14, '612-70-2314', 9500, 30, 1, null);
INSERT INTO articulo (idarticulo, idsku, codigo, costo, idpedido, idestadoarticulo, idsucursal) VALUES (1536, 24, '687-57-4613', 6000, 22, 1, null);
INSERT INTO articulo (idarticulo, idsku, codigo, costo, idpedido, idestadoarticulo, idsucursal) VALUES (1537, 13, '807-54-6196', 4500, 29, 1, null);
INSERT INTO articulo (idarticulo, idsku, codigo, costo, idpedido, idestadoarticulo, idsucursal) VALUES (1538, 5, '171-71-0787', 1500, 28, 1, null);
INSERT INTO articulo (idarticulo, idsku, codigo, costo, idpedido, idestadoarticulo, idsucursal) VALUES (1540, 8, '673-44-5800', 9500, 20, 1, null);
INSERT INTO articulo (idarticulo, idsku, codigo, costo, idpedido, idestadoarticulo, idsucursal) VALUES (1541, 8, '484-47-4326', 9000, 21, 1, null);
INSERT INTO articulo (idarticulo, idsku, codigo, costo, idpedido, idestadoarticulo, idsucursal) VALUES (1542, 6, '380-41-4773', 7000, 18, 1, null);
INSERT INTO articulo (idarticulo, idsku, codigo, costo, idpedido, idestadoarticulo, idsucursal) VALUES (1543, 1, '301-99-2805', 7500, 15, 1, null);
INSERT INTO articulo (idarticulo, idsku, codigo, costo, idpedido, idestadoarticulo, idsucursal) VALUES (1544, 16, '360-30-0327', 9000, 11, 1, null);
INSERT INTO articulo (idarticulo, idsku, codigo, costo, idpedido, idestadoarticulo, idsucursal) VALUES (1545, 19, '225-13-0581', 8500, 8, 1, null);
INSERT INTO articulo (idarticulo, idsku, codigo, costo, idpedido, idestadoarticulo, idsucursal) VALUES (1546, 6, '362-82-1239', 4500, 28, 1, null);
INSERT INTO articulo (idarticulo, idsku, codigo, costo, idpedido, idestadoarticulo, idsucursal) VALUES (1547, 15, '421-90-7196', 3500, 12, 1, null);
INSERT INTO articulo (idarticulo, idsku, codigo, costo, idpedido, idestadoarticulo, idsucursal) VALUES (1548, 11, '155-52-2450', 500, 9, 1, null);
INSERT INTO articulo (idarticulo, idsku, codigo, costo, idpedido, idestadoarticulo, idsucursal) VALUES (1550, 7, '823-75-9823', 7000, 20, 1, null);
INSERT INTO articulo (idarticulo, idsku, codigo, costo, idpedido, idestadoarticulo, idsucursal) VALUES (1552, 20, '381-32-0432', 1500, 5, 1, null);
INSERT INTO articulo (idarticulo, idsku, codigo, costo, idpedido, idestadoarticulo, idsucursal) VALUES (1553, 11, '059-61-2225', 3500, 24, 1, null);
INSERT INTO articulo (idarticulo, idsku, codigo, costo, idpedido, idestadoarticulo, idsucursal) VALUES (1554, 8, '428-19-4006', 2500, 12, 1, null);
INSERT INTO articulo (idarticulo, idsku, codigo, costo, idpedido, idestadoarticulo, idsucursal) VALUES (1555, 2, '320-83-4285', 2500, 23, 1, null);
INSERT INTO articulo (idarticulo, idsku, codigo, costo, idpedido, idestadoarticulo, idsucursal) VALUES (1556, 8, '449-69-7103', 9000, 17, 1, null);
INSERT INTO articulo (idarticulo, idsku, codigo, costo, idpedido, idestadoarticulo, idsucursal) VALUES (1557, 13, '816-88-8698', 5000, 10, 1, null);
INSERT INTO articulo (idarticulo, idsku, codigo, costo, idpedido, idestadoarticulo, idsucursal) VALUES (1558, 19, '550-62-3514', 7000, 16, 1, null);
INSERT INTO articulo (idarticulo, idsku, codigo, costo, idpedido, idestadoarticulo, idsucursal) VALUES (1559, 1, '165-94-7822', 8500, 8, 1, null);
INSERT INTO articulo (idarticulo, idsku, codigo, costo, idpedido, idestadoarticulo, idsucursal) VALUES (1560, 11, '871-83-7393', 3000, 11, 1, null);
INSERT INTO articulo (idarticulo, idsku, codigo, costo, idpedido, idestadoarticulo, idsucursal) VALUES (1562, 21, '877-18-1837', 8000, 30, 1, null);
INSERT INTO articulo (idarticulo, idsku, codigo, costo, idpedido, idestadoarticulo, idsucursal) VALUES (1563, 3, '747-99-0454', 5500, 8, 1, null);
INSERT INTO articulo (idarticulo, idsku, codigo, costo, idpedido, idestadoarticulo, idsucursal) VALUES (1564, 1, '392-47-9452', 7500, 5, 1, null);
INSERT INTO articulo (idarticulo, idsku, codigo, costo, idpedido, idestadoarticulo, idsucursal) VALUES (1565, 15, '071-50-2513', 500, 26, 1, null);
INSERT INTO articulo (idarticulo, idsku, codigo, costo, idpedido, idestadoarticulo, idsucursal) VALUES (1566, 2, '556-13-6076', 500, 6, 1, null);
INSERT INTO articulo (idarticulo, idsku, codigo, costo, idpedido, idestadoarticulo, idsucursal) VALUES (1567, 16, '268-84-9212', 7500, 2, 1, null);
INSERT INTO articulo (idarticulo, idsku, codigo, costo, idpedido, idestadoarticulo, idsucursal) VALUES (1568, 21, '505-44-0129', 7500, 27, 1, null);
INSERT INTO articulo (idarticulo, idsku, codigo, costo, idpedido, idestadoarticulo, idsucursal) VALUES (1569, 9, '814-85-2521', 7500, 19, 1, null);
INSERT INTO articulo (idarticulo, idsku, codigo, costo, idpedido, idestadoarticulo, idsucursal) VALUES (1570, 25, '776-67-7277', 5000, 3, 1, null);
INSERT INTO articulo (idarticulo, idsku, codigo, costo, idpedido, idestadoarticulo, idsucursal) VALUES (1571, 7, '354-56-5176', 1000, 28, 1, null);
INSERT INTO articulo (idarticulo, idsku, codigo, costo, idpedido, idestadoarticulo, idsucursal) VALUES (1572, 6, '122-70-4244', 4000, 17, 1, null);
INSERT INTO articulo (idarticulo, idsku, codigo, costo, idpedido, idestadoarticulo, idsucursal) VALUES (1573, 13, '856-53-8702', 500, 12, 1, null);
INSERT INTO articulo (idarticulo, idsku, codigo, costo, idpedido, idestadoarticulo, idsucursal) VALUES (1574, 24, '221-34-9063', 6000, 22, 1, null);
INSERT INTO articulo (idarticulo, idsku, codigo, costo, idpedido, idestadoarticulo, idsucursal) VALUES (1575, 4, '716-16-5954', 8500, 9, 1, null);
INSERT INTO articulo (idarticulo, idsku, codigo, costo, idpedido, idestadoarticulo, idsucursal) VALUES (1576, 1, '597-19-2447', 2500, 28, 1, null);
INSERT INTO articulo (idarticulo, idsku, codigo, costo, idpedido, idestadoarticulo, idsucursal) VALUES (1577, 6, '689-13-2965', 2500, 15, 1, null);
INSERT INTO articulo (idarticulo, idsku, codigo, costo, idpedido, idestadoarticulo, idsucursal) VALUES (1578, 4, '757-17-4637', 1500, 3, 1, null);
INSERT INTO articulo (idarticulo, idsku, codigo, costo, idpedido, idestadoarticulo, idsucursal) VALUES (1579, 7, '627-36-8869', 7500, 23, 1, null);
INSERT INTO articulo (idarticulo, idsku, codigo, costo, idpedido, idestadoarticulo, idsucursal) VALUES (1580, 4, '737-87-2412', 7000, 10, 1, null);
INSERT INTO articulo (idarticulo, idsku, codigo, costo, idpedido, idestadoarticulo, idsucursal) VALUES (1582, 14, '530-72-8798', 6000, 26, 1, null);
INSERT INTO articulo (idarticulo, idsku, codigo, costo, idpedido, idestadoarticulo, idsucursal) VALUES (1584, 22, '019-36-8961', 2000, 7, 1, null);
INSERT INTO articulo (idarticulo, idsku, codigo, costo, idpedido, idestadoarticulo, idsucursal) VALUES (1586, 9, '597-25-3717', 1500, 10, 1, null);
INSERT INTO articulo (idarticulo, idsku, codigo, costo, idpedido, idestadoarticulo, idsucursal) VALUES (1588, 20, '703-59-5849', 1000, 8, 1, null);
INSERT INTO articulo (idarticulo, idsku, codigo, costo, idpedido, idestadoarticulo, idsucursal) VALUES (1589, 12, '337-86-7071', 9000, 26, 1, null);
INSERT INTO articulo (idarticulo, idsku, codigo, costo, idpedido, idestadoarticulo, idsucursal) VALUES (1590, 20, '024-09-9311', 3500, 26, 1, null);
INSERT INTO articulo (idarticulo, idsku, codigo, costo, idpedido, idestadoarticulo, idsucursal) VALUES (1591, 15, '200-96-0614', 6500, 26, 1, null);
INSERT INTO articulo (idarticulo, idsku, codigo, costo, idpedido, idestadoarticulo, idsucursal) VALUES (1592, 9, '180-21-8975', 2000, 8, 1, null);
INSERT INTO articulo (idarticulo, idsku, codigo, costo, idpedido, idestadoarticulo, idsucursal) VALUES (1593, 5, '707-11-1095', 7500, 19, 1, null);
INSERT INTO articulo (idarticulo, idsku, codigo, costo, idpedido, idestadoarticulo, idsucursal) VALUES (1595, 17, '724-62-4942', 7500, 19, 1, null);
INSERT INTO articulo (idarticulo, idsku, codigo, costo, idpedido, idestadoarticulo, idsucursal) VALUES (1596, 16, '062-94-5686', 2500, 10, 1, null);
INSERT INTO articulo (idarticulo, idsku, codigo, costo, idpedido, idestadoarticulo, idsucursal) VALUES (1597, 3, '169-08-2305', 3000, 20, 1, null);
INSERT INTO articulo (idarticulo, idsku, codigo, costo, idpedido, idestadoarticulo, idsucursal) VALUES (1598, 1, '585-04-4991', 500, 12, 1, null);
INSERT INTO articulo (idarticulo, idsku, codigo, costo, idpedido, idestadoarticulo, idsucursal) VALUES (1599, 23, '853-60-4977', 8000, 22, 1, null);
INSERT INTO articulo (idarticulo, idsku, codigo, costo, idpedido, idestadoarticulo, idsucursal) VALUES (1600, 6, '516-65-9840', 8500, 3, 1, null);
INSERT INTO articulo (idarticulo, idsku, codigo, costo, idpedido, idestadoarticulo, idsucursal) VALUES (1601, 20, '762-58-7069', 5000, 21, 1, null);
INSERT INTO articulo (idarticulo, idsku, codigo, costo, idpedido, idestadoarticulo, idsucursal) VALUES (1603, 23, '216-87-9948', 6500, 30, 1, null);
INSERT INTO articulo (idarticulo, idsku, codigo, costo, idpedido, idestadoarticulo, idsucursal) VALUES (1604, 13, '828-01-2421', 7500, 16, 1, null);
INSERT INTO articulo (idarticulo, idsku, codigo, costo, idpedido, idestadoarticulo, idsucursal) VALUES (1606, 13, '543-36-1314', 8500, 18, 1, null);
INSERT INTO articulo (idarticulo, idsku, codigo, costo, idpedido, idestadoarticulo, idsucursal) VALUES (1608, 22, '897-48-6770', 6000, 4, 1, null);
INSERT INTO articulo (idarticulo, idsku, codigo, costo, idpedido, idestadoarticulo, idsucursal) VALUES (1609, 25, '283-97-3450', 8500, 12, 1, null);
INSERT INTO articulo (idarticulo, idsku, codigo, costo, idpedido, idestadoarticulo, idsucursal) VALUES (1610, 9, '101-63-9711', 2000, 26, 1, null);
INSERT INTO articulo (idarticulo, idsku, codigo, costo, idpedido, idestadoarticulo, idsucursal) VALUES (1611, 2, '486-86-7141', 4500, 15, 1, null);
INSERT INTO articulo (idarticulo, idsku, codigo, costo, idpedido, idestadoarticulo, idsucursal) VALUES (1613, 21, '289-31-7185', 1500, 29, 1, null);
INSERT INTO articulo (idarticulo, idsku, codigo, costo, idpedido, idestadoarticulo, idsucursal) VALUES (1615, 10, '327-12-1427', 9500, 27, 1, null);
INSERT INTO articulo (idarticulo, idsku, codigo, costo, idpedido, idestadoarticulo, idsucursal) VALUES (1616, 25, '669-15-3977', 9000, 8, 1, null);
INSERT INTO articulo (idarticulo, idsku, codigo, costo, idpedido, idestadoarticulo, idsucursal) VALUES (1617, 19, '810-11-4303', 6000, 9, 1, null);
INSERT INTO articulo (idarticulo, idsku, codigo, costo, idpedido, idestadoarticulo, idsucursal) VALUES (1618, 3, '468-76-8761', 3000, 21, 1, null);
INSERT INTO articulo (idarticulo, idsku, codigo, costo, idpedido, idestadoarticulo, idsucursal) VALUES (1619, 19, '016-16-6486', 3000, 18, 1, null);
INSERT INTO articulo (idarticulo, idsku, codigo, costo, idpedido, idestadoarticulo, idsucursal) VALUES (1621, 12, '455-71-1671', 1000, 29, 1, null);
INSERT INTO articulo (idarticulo, idsku, codigo, costo, idpedido, idestadoarticulo, idsucursal) VALUES (1622, 25, '570-62-0950', 8500, 8, 1, null);
INSERT INTO articulo (idarticulo, idsku, codigo, costo, idpedido, idestadoarticulo, idsucursal) VALUES (1624, 18, '117-97-4034', 8000, 2, 1, null);
INSERT INTO articulo (idarticulo, idsku, codigo, costo, idpedido, idestadoarticulo, idsucursal) VALUES (1625, 18, '457-37-7967', 4000, 13, 1, null);
INSERT INTO articulo (idarticulo, idsku, codigo, costo, idpedido, idestadoarticulo, idsucursal) VALUES (1626, 13, '350-36-5830', 7500, 13, 1, null);
INSERT INTO articulo (idarticulo, idsku, codigo, costo, idpedido, idestadoarticulo, idsucursal) VALUES (1627, 7, '476-85-6135', 8500, 24, 1, null);
INSERT INTO articulo (idarticulo, idsku, codigo, costo, idpedido, idestadoarticulo, idsucursal) VALUES (1628, 6, '695-02-3211', 3000, 13, 1, null);
INSERT INTO articulo (idarticulo, idsku, codigo, costo, idpedido, idestadoarticulo, idsucursal) VALUES (1629, 15, '682-12-3283', 3000, 14, 1, null);
INSERT INTO articulo (idarticulo, idsku, codigo, costo, idpedido, idestadoarticulo, idsucursal) VALUES (1631, 14, '664-42-0464', 2000, 30, 1, null);
INSERT INTO articulo (idarticulo, idsku, codigo, costo, idpedido, idestadoarticulo, idsucursal) VALUES (1632, 19, '787-16-3916', 2000, 21, 1, null);
INSERT INTO articulo (idarticulo, idsku, codigo, costo, idpedido, idestadoarticulo, idsucursal) VALUES (1551, 18, '104-11-3082', 1000, 19, 3, null);
INSERT INTO articulo (idarticulo, idsku, codigo, costo, idpedido, idestadoarticulo, idsucursal) VALUES (1581, 16, '240-56-0749', 4500, 28, 3, null);
INSERT INTO articulo (idarticulo, idsku, codigo, costo, idpedido, idestadoarticulo, idsucursal) VALUES (1549, 24, '319-66-1814', 7500, 15, 3, null);
INSERT INTO articulo (idarticulo, idsku, codigo, costo, idpedido, idestadoarticulo, idsucursal) VALUES (1587, 16, '800-34-9476', 9500, 20, 3, null);
INSERT INTO articulo (idarticulo, idsku, codigo, costo, idpedido, idestadoarticulo, idsucursal) VALUES (1602, 8, '837-34-1971', 6000, 16, 3, null);
INSERT INTO articulo (idarticulo, idsku, codigo, costo, idpedido, idestadoarticulo, idsucursal) VALUES (1623, 9, '038-48-5998', 4000, 7, 3, null);
INSERT INTO articulo (idarticulo, idsku, codigo, costo, idpedido, idestadoarticulo, idsucursal) VALUES (1508, 19, '003-91-6124', 2000, 29, 3, null);
INSERT INTO articulo (idarticulo, idsku, codigo, costo, idpedido, idestadoarticulo, idsucursal) VALUES (1585, 16, '136-22-9267', 3000, 6, 3, null);
INSERT INTO articulo (idarticulo, idsku, codigo, costo, idpedido, idestadoarticulo, idsucursal) VALUES (1607, 3, '346-56-8098', 9000, 20, 3, null);
INSERT INTO articulo (idarticulo, idsku, codigo, costo, idpedido, idestadoarticulo, idsucursal) VALUES (1614, 4, '006-79-3112', 1500, 21, 3, null);
INSERT INTO articulo (idarticulo, idsku, codigo, costo, idpedido, idestadoarticulo, idsucursal) VALUES (1620, 11, '511-95-3114', 7500, 18, 3, null);
INSERT INTO articulo (idarticulo, idsku, codigo, costo, idpedido, idestadoarticulo, idsucursal) VALUES (1612, 17, '483-34-8354', 8000, 22, 3, null);
INSERT INTO articulo (idarticulo, idsku, codigo, costo, idpedido, idestadoarticulo, idsucursal) VALUES (1561, 2, '752-41-3028', 7000, 16, 3, null);
INSERT INTO articulo (idarticulo, idsku, codigo, costo, idpedido, idestadoarticulo, idsucursal) VALUES (1605, 19, '075-68-9027', 9000, 14, 3, null);
INSERT INTO articulo (idarticulo, idsku, codigo, costo, idpedido, idestadoarticulo, idsucursal) VALUES (1594, 18, '095-09-3429', 3000, 4, 3, null);
INSERT INTO articulo (idarticulo, idsku, codigo, costo, idpedido, idestadoarticulo, idsucursal) VALUES (1539, 3, '359-89-7912', 3000, 30, 3, null);
INSERT INTO articulo (idarticulo, idsku, codigo, costo, idpedido, idestadoarticulo, idsucursal) VALUES (1630, 8, '766-01-6757', 3000, 26, 3, null);
INSERT INTO articulo (idarticulo, idsku, codigo, costo, idpedido, idestadoarticulo, idsucursal) VALUES (1633, 19, '488-27-1674', 8500, 10, 1, null);
INSERT INTO articulo (idarticulo, idsku, codigo, costo, idpedido, idestadoarticulo, idsucursal) VALUES (1634, 24, '449-61-6105', 7000, 29, 1, null);
INSERT INTO articulo (idarticulo, idsku, codigo, costo, idpedido, idestadoarticulo, idsucursal) VALUES (1635, 15, '074-63-6114', 7500, 15, 1, null);
INSERT INTO articulo (idarticulo, idsku, codigo, costo, idpedido, idestadoarticulo, idsucursal) VALUES (1636, 23, '397-97-1734', 3500, 5, 1, null);
INSERT INTO articulo (idarticulo, idsku, codigo, costo, idpedido, idestadoarticulo, idsucursal) VALUES (1639, 19, '441-46-1966', 2500, 14, 1, null);
INSERT INTO articulo (idarticulo, idsku, codigo, costo, idpedido, idestadoarticulo, idsucursal) VALUES (1640, 4, '347-69-3385', 8500, 2, 1, null);
INSERT INTO articulo (idarticulo, idsku, codigo, costo, idpedido, idestadoarticulo, idsucursal) VALUES (1641, 12, '118-27-2556', 5000, 3, 1, null);
INSERT INTO articulo (idarticulo, idsku, codigo, costo, idpedido, idestadoarticulo, idsucursal) VALUES (1643, 7, '156-79-7389', 1000, 28, 1, null);
INSERT INTO articulo (idarticulo, idsku, codigo, costo, idpedido, idestadoarticulo, idsucursal) VALUES (1644, 7, '612-08-6284', 7000, 10, 1, null);
INSERT INTO articulo (idarticulo, idsku, codigo, costo, idpedido, idestadoarticulo, idsucursal) VALUES (1645, 12, '214-42-9616', 5000, 10, 1, null);
INSERT INTO articulo (idarticulo, idsku, codigo, costo, idpedido, idestadoarticulo, idsucursal) VALUES (1646, 13, '136-97-8759', 2500, 17, 1, null);
INSERT INTO articulo (idarticulo, idsku, codigo, costo, idpedido, idestadoarticulo, idsucursal) VALUES (1648, 12, '199-73-9134', 9500, 29, 1, null);
INSERT INTO articulo (idarticulo, idsku, codigo, costo, idpedido, idestadoarticulo, idsucursal) VALUES (1649, 20, '227-35-3822', 9500, 9, 1, null);
INSERT INTO articulo (idarticulo, idsku, codigo, costo, idpedido, idestadoarticulo, idsucursal) VALUES (1651, 13, '837-94-8889', 1500, 27, 1, null);
INSERT INTO articulo (idarticulo, idsku, codigo, costo, idpedido, idestadoarticulo, idsucursal) VALUES (1652, 8, '383-36-3598', 2000, 30, 1, null);
INSERT INTO articulo (idarticulo, idsku, codigo, costo, idpedido, idestadoarticulo, idsucursal) VALUES (1653, 9, '307-38-6415', 4000, 8, 1, null);
INSERT INTO articulo (idarticulo, idsku, codigo, costo, idpedido, idestadoarticulo, idsucursal) VALUES (1654, 12, '084-61-6163', 6000, 14, 1, null);
INSERT INTO articulo (idarticulo, idsku, codigo, costo, idpedido, idestadoarticulo, idsucursal) VALUES (1655, 23, '554-03-8163', 8500, 17, 1, null);
INSERT INTO articulo (idarticulo, idsku, codigo, costo, idpedido, idestadoarticulo, idsucursal) VALUES (1656, 23, '591-19-2374', 2500, 27, 1, null);
INSERT INTO articulo (idarticulo, idsku, codigo, costo, idpedido, idestadoarticulo, idsucursal) VALUES (1657, 24, '097-13-5613', 500, 6, 1, null);
INSERT INTO articulo (idarticulo, idsku, codigo, costo, idpedido, idestadoarticulo, idsucursal) VALUES (1658, 7, '339-42-9390', 4500, 21, 1, null);
INSERT INTO articulo (idarticulo, idsku, codigo, costo, idpedido, idestadoarticulo, idsucursal) VALUES (1659, 24, '607-22-5505', 5000, 23, 1, null);
INSERT INTO articulo (idarticulo, idsku, codigo, costo, idpedido, idestadoarticulo, idsucursal) VALUES (1660, 22, '479-86-0588', 500, 12, 1, null);
INSERT INTO articulo (idarticulo, idsku, codigo, costo, idpedido, idestadoarticulo, idsucursal) VALUES (1661, 23, '172-25-4127', 9000, 8, 1, null);
INSERT INTO articulo (idarticulo, idsku, codigo, costo, idpedido, idestadoarticulo, idsucursal) VALUES (1663, 5, '552-36-1256', 2500, 16, 1, null);
INSERT INTO articulo (idarticulo, idsku, codigo, costo, idpedido, idestadoarticulo, idsucursal) VALUES (1664, 3, '188-87-2392', 6500, 26, 1, null);
INSERT INTO articulo (idarticulo, idsku, codigo, costo, idpedido, idestadoarticulo, idsucursal) VALUES (1665, 6, '450-09-8004', 7500, 24, 1, null);
INSERT INTO articulo (idarticulo, idsku, codigo, costo, idpedido, idestadoarticulo, idsucursal) VALUES (1666, 20, '685-62-3513', 7500, 17, 1, null);
INSERT INTO articulo (idarticulo, idsku, codigo, costo, idpedido, idestadoarticulo, idsucursal) VALUES (1668, 17, '757-61-9612', 7500, 16, 1, null);
INSERT INTO articulo (idarticulo, idsku, codigo, costo, idpedido, idestadoarticulo, idsucursal) VALUES (1669, 7, '108-13-8564', 1000, 6, 1, null);
INSERT INTO articulo (idarticulo, idsku, codigo, costo, idpedido, idestadoarticulo, idsucursal) VALUES (1670, 4, '256-72-2457', 8000, 19, 1, null);
INSERT INTO articulo (idarticulo, idsku, codigo, costo, idpedido, idestadoarticulo, idsucursal) VALUES (1672, 5, '562-43-5213', 500, 12, 1, null);
INSERT INTO articulo (idarticulo, idsku, codigo, costo, idpedido, idestadoarticulo, idsucursal) VALUES (1673, 7, '531-81-9470', 4500, 22, 1, null);
INSERT INTO articulo (idarticulo, idsku, codigo, costo, idpedido, idestadoarticulo, idsucursal) VALUES (1674, 8, '536-35-3462', 6500, 11, 1, null);
INSERT INTO articulo (idarticulo, idsku, codigo, costo, idpedido, idestadoarticulo, idsucursal) VALUES (1675, 25, '222-67-0069', 2000, 24, 1, null);
INSERT INTO articulo (idarticulo, idsku, codigo, costo, idpedido, idestadoarticulo, idsucursal) VALUES (1676, 9, '607-52-8539', 1500, 18, 1, null);
INSERT INTO articulo (idarticulo, idsku, codigo, costo, idpedido, idestadoarticulo, idsucursal) VALUES (1678, 16, '339-26-2862', 2000, 15, 1, null);
INSERT INTO articulo (idarticulo, idsku, codigo, costo, idpedido, idestadoarticulo, idsucursal) VALUES (1680, 10, '490-21-5352', 8000, 18, 1, null);
INSERT INTO articulo (idarticulo, idsku, codigo, costo, idpedido, idestadoarticulo, idsucursal) VALUES (1681, 12, '618-77-5773', 7000, 20, 1, null);
INSERT INTO articulo (idarticulo, idsku, codigo, costo, idpedido, idestadoarticulo, idsucursal) VALUES (1682, 24, '098-73-3931', 2000, 11, 1, null);
INSERT INTO articulo (idarticulo, idsku, codigo, costo, idpedido, idestadoarticulo, idsucursal) VALUES (1683, 8, '307-69-0824', 500, 21, 1, null);
INSERT INTO articulo (idarticulo, idsku, codigo, costo, idpedido, idestadoarticulo, idsucursal) VALUES (1684, 13, '872-87-0443', 1000, 16, 1, null);
INSERT INTO articulo (idarticulo, idsku, codigo, costo, idpedido, idestadoarticulo, idsucursal) VALUES (1686, 9, '863-51-8629', 5000, 21, 1, null);
INSERT INTO articulo (idarticulo, idsku, codigo, costo, idpedido, idestadoarticulo, idsucursal) VALUES (1687, 13, '153-40-5038', 4000, 8, 1, null);
INSERT INTO articulo (idarticulo, idsku, codigo, costo, idpedido, idestadoarticulo, idsucursal) VALUES (1688, 14, '458-40-0977', 3000, 26, 1, null);
INSERT INTO articulo (idarticulo, idsku, codigo, costo, idpedido, idestadoarticulo, idsucursal) VALUES (1689, 25, '438-75-5229', 7000, 14, 1, null);
INSERT INTO articulo (idarticulo, idsku, codigo, costo, idpedido, idestadoarticulo, idsucursal) VALUES (1690, 10, '595-25-9507', 1000, 22, 1, null);
INSERT INTO articulo (idarticulo, idsku, codigo, costo, idpedido, idestadoarticulo, idsucursal) VALUES (1691, 16, '421-76-1674', 1500, 6, 1, null);
INSERT INTO articulo (idarticulo, idsku, codigo, costo, idpedido, idestadoarticulo, idsucursal) VALUES (1692, 1, '882-20-1204', 2000, 26, 1, null);
INSERT INTO articulo (idarticulo, idsku, codigo, costo, idpedido, idestadoarticulo, idsucursal) VALUES (1693, 6, '129-40-0712', 500, 19, 1, null);
INSERT INTO articulo (idarticulo, idsku, codigo, costo, idpedido, idestadoarticulo, idsucursal) VALUES (1695, 11, '084-51-0944', 1000, 4, 1, null);
INSERT INTO articulo (idarticulo, idsku, codigo, costo, idpedido, idestadoarticulo, idsucursal) VALUES (1696, 12, '873-40-0116', 3500, 5, 1, null);
INSERT INTO articulo (idarticulo, idsku, codigo, costo, idpedido, idestadoarticulo, idsucursal) VALUES (1697, 8, '752-87-5552', 8000, 13, 1, null);
INSERT INTO articulo (idarticulo, idsku, codigo, costo, idpedido, idestadoarticulo, idsucursal) VALUES (1698, 23, '194-28-2681', 8000, 16, 1, null);
INSERT INTO articulo (idarticulo, idsku, codigo, costo, idpedido, idestadoarticulo, idsucursal) VALUES (1699, 6, '179-43-4579', 1000, 16, 1, null);
INSERT INTO articulo (idarticulo, idsku, codigo, costo, idpedido, idestadoarticulo, idsucursal) VALUES (1700, 15, '234-98-7051', 2500, 1, 1, null);
INSERT INTO articulo (idarticulo, idsku, codigo, costo, idpedido, idestadoarticulo, idsucursal) VALUES (1701, 12, '697-68-0593', 4500, 2, 1, null);
INSERT INTO articulo (idarticulo, idsku, codigo, costo, idpedido, idestadoarticulo, idsucursal) VALUES (1702, 20, '770-63-1218', 7500, 20, 1, null);
INSERT INTO articulo (idarticulo, idsku, codigo, costo, idpedido, idestadoarticulo, idsucursal) VALUES (1703, 11, '697-07-4355', 500, 4, 1, null);
INSERT INTO articulo (idarticulo, idsku, codigo, costo, idpedido, idestadoarticulo, idsucursal) VALUES (1704, 7, '170-44-2870', 5000, 25, 1, null);
INSERT INTO articulo (idarticulo, idsku, codigo, costo, idpedido, idestadoarticulo, idsucursal) VALUES (1705, 9, '746-74-3701', 1000, 13, 1, null);
INSERT INTO articulo (idarticulo, idsku, codigo, costo, idpedido, idestadoarticulo, idsucursal) VALUES (1706, 4, '654-76-1588', 5000, 15, 1, null);
INSERT INTO articulo (idarticulo, idsku, codigo, costo, idpedido, idestadoarticulo, idsucursal) VALUES (1707, 24, '334-04-7280', 8000, 9, 1, null);
INSERT INTO articulo (idarticulo, idsku, codigo, costo, idpedido, idestadoarticulo, idsucursal) VALUES (1708, 4, '147-84-3676', 5000, 6, 1, null);
INSERT INTO articulo (idarticulo, idsku, codigo, costo, idpedido, idestadoarticulo, idsucursal) VALUES (1709, 18, '132-84-1531', 8000, 16, 1, null);
INSERT INTO articulo (idarticulo, idsku, codigo, costo, idpedido, idestadoarticulo, idsucursal) VALUES (1710, 13, '522-26-7346', 4000, 5, 1, null);
INSERT INTO articulo (idarticulo, idsku, codigo, costo, idpedido, idestadoarticulo, idsucursal) VALUES (1711, 13, '462-84-6773', 9500, 1, 1, null);
INSERT INTO articulo (idarticulo, idsku, codigo, costo, idpedido, idestadoarticulo, idsucursal) VALUES (1712, 16, '061-68-4120', 9500, 5, 1, null);
INSERT INTO articulo (idarticulo, idsku, codigo, costo, idpedido, idestadoarticulo, idsucursal) VALUES (1713, 13, '566-05-2140', 5000, 13, 1, null);
INSERT INTO articulo (idarticulo, idsku, codigo, costo, idpedido, idestadoarticulo, idsucursal) VALUES (1714, 15, '215-80-5565', 2500, 15, 1, null);
INSERT INTO articulo (idarticulo, idsku, codigo, costo, idpedido, idestadoarticulo, idsucursal) VALUES (1715, 19, '817-28-2558', 8500, 2, 1, null);
INSERT INTO articulo (idarticulo, idsku, codigo, costo, idpedido, idestadoarticulo, idsucursal) VALUES (1717, 19, '024-97-2096', 3500, 23, 1, null);
INSERT INTO articulo (idarticulo, idsku, codigo, costo, idpedido, idestadoarticulo, idsucursal) VALUES (1718, 7, '741-16-5042', 9500, 2, 1, null);
INSERT INTO articulo (idarticulo, idsku, codigo, costo, idpedido, idestadoarticulo, idsucursal) VALUES (1719, 2, '579-43-0681', 7500, 10, 1, null);
INSERT INTO articulo (idarticulo, idsku, codigo, costo, idpedido, idestadoarticulo, idsucursal) VALUES (1720, 3, '246-32-7072', 9000, 28, 1, null);
INSERT INTO articulo (idarticulo, idsku, codigo, costo, idpedido, idestadoarticulo, idsucursal) VALUES (1721, 2, '263-64-8509', 4000, 9, 1, null);
INSERT INTO articulo (idarticulo, idsku, codigo, costo, idpedido, idestadoarticulo, idsucursal) VALUES (1722, 17, '860-97-7774', 7500, 20, 1, null);
INSERT INTO articulo (idarticulo, idsku, codigo, costo, idpedido, idestadoarticulo, idsucursal) VALUES (1723, 23, '752-93-3898', 2000, 27, 1, null);
INSERT INTO articulo (idarticulo, idsku, codigo, costo, idpedido, idestadoarticulo, idsucursal) VALUES (1724, 5, '415-25-7183', 1000, 13, 1, null);
INSERT INTO articulo (idarticulo, idsku, codigo, costo, idpedido, idestadoarticulo, idsucursal) VALUES (1725, 10, '721-71-1989', 2500, 15, 1, null);
INSERT INTO articulo (idarticulo, idsku, codigo, costo, idpedido, idestadoarticulo, idsucursal) VALUES (1726, 10, '394-63-2682', 7500, 4, 1, null);
INSERT INTO articulo (idarticulo, idsku, codigo, costo, idpedido, idestadoarticulo, idsucursal) VALUES (1728, 20, '751-75-0772', 7500, 25, 1, null);
INSERT INTO articulo (idarticulo, idsku, codigo, costo, idpedido, idestadoarticulo, idsucursal) VALUES (1729, 22, '791-71-3179', 8500, 18, 1, null);
INSERT INTO articulo (idarticulo, idsku, codigo, costo, idpedido, idestadoarticulo, idsucursal) VALUES (1730, 24, '672-64-0549', 9000, 27, 1, null);
INSERT INTO articulo (idarticulo, idsku, codigo, costo, idpedido, idestadoarticulo, idsucursal) VALUES (1731, 11, '332-58-7005', 7500, 18, 1, null);
INSERT INTO articulo (idarticulo, idsku, codigo, costo, idpedido, idestadoarticulo, idsucursal) VALUES (1733, 24, '034-35-3856', 2500, 17, 1, null);
INSERT INTO articulo (idarticulo, idsku, codigo, costo, idpedido, idestadoarticulo, idsucursal) VALUES (1735, 11, '868-57-5291', 7000, 13, 1, null);
INSERT INTO articulo (idarticulo, idsku, codigo, costo, idpedido, idestadoarticulo, idsucursal) VALUES (1736, 14, '525-92-0125', 6000, 19, 1, null);
INSERT INTO articulo (idarticulo, idsku, codigo, costo, idpedido, idestadoarticulo, idsucursal) VALUES (1737, 23, '515-49-8542', 500, 21, 1, null);
INSERT INTO articulo (idarticulo, idsku, codigo, costo, idpedido, idestadoarticulo, idsucursal) VALUES (1739, 14, '282-32-1886', 5000, 30, 1, null);
INSERT INTO articulo (idarticulo, idsku, codigo, costo, idpedido, idestadoarticulo, idsucursal) VALUES (1740, 8, '800-01-0036', 500, 23, 1, null);
INSERT INTO articulo (idarticulo, idsku, codigo, costo, idpedido, idestadoarticulo, idsucursal) VALUES (1741, 1, '348-26-3106', 9500, 10, 1, null);
INSERT INTO articulo (idarticulo, idsku, codigo, costo, idpedido, idestadoarticulo, idsucursal) VALUES (1742, 13, '168-37-6699', 1000, 24, 1, null);
INSERT INTO articulo (idarticulo, idsku, codigo, costo, idpedido, idestadoarticulo, idsucursal) VALUES (1743, 3, '578-18-7715', 9500, 21, 1, null);
INSERT INTO articulo (idarticulo, idsku, codigo, costo, idpedido, idestadoarticulo, idsucursal) VALUES (1744, 21, '336-57-5630', 8500, 16, 1, null);
INSERT INTO articulo (idarticulo, idsku, codigo, costo, idpedido, idestadoarticulo, idsucursal) VALUES (1745, 5, '164-92-7481', 4500, 26, 1, null);
INSERT INTO articulo (idarticulo, idsku, codigo, costo, idpedido, idestadoarticulo, idsucursal) VALUES (1746, 8, '846-20-0292', 1000, 9, 1, null);
INSERT INTO articulo (idarticulo, idsku, codigo, costo, idpedido, idestadoarticulo, idsucursal) VALUES (1747, 6, '362-64-3087', 9500, 11, 1, null);
INSERT INTO articulo (idarticulo, idsku, codigo, costo, idpedido, idestadoarticulo, idsucursal) VALUES (1748, 25, '880-42-9832', 3000, 15, 1, null);
INSERT INTO articulo (idarticulo, idsku, codigo, costo, idpedido, idestadoarticulo, idsucursal) VALUES (1750, 3, '753-29-8913', 8000, 21, 1, null);
INSERT INTO articulo (idarticulo, idsku, codigo, costo, idpedido, idestadoarticulo, idsucursal) VALUES (1752, 22, '148-22-2834', 4000, 25, 1, null);
INSERT INTO articulo (idarticulo, idsku, codigo, costo, idpedido, idestadoarticulo, idsucursal) VALUES (1753, 18, '459-31-1960', 4000, 7, 1, null);
INSERT INTO articulo (idarticulo, idsku, codigo, costo, idpedido, idestadoarticulo, idsucursal) VALUES (1754, 20, '762-99-3104', 8500, 12, 1, null);
INSERT INTO articulo (idarticulo, idsku, codigo, costo, idpedido, idestadoarticulo, idsucursal) VALUES (1755, 10, '151-13-7761', 6500, 7, 1, null);
INSERT INTO articulo (idarticulo, idsku, codigo, costo, idpedido, idestadoarticulo, idsucursal) VALUES (1756, 9, '011-85-6177', 2000, 25, 1, null);
INSERT INTO articulo (idarticulo, idsku, codigo, costo, idpedido, idestadoarticulo, idsucursal) VALUES (1757, 13, '682-82-0064', 1000, 1, 1, null);
INSERT INTO articulo (idarticulo, idsku, codigo, costo, idpedido, idestadoarticulo, idsucursal) VALUES (1758, 5, '357-44-3371', 1000, 21, 1, null);
INSERT INTO articulo (idarticulo, idsku, codigo, costo, idpedido, idestadoarticulo, idsucursal) VALUES (1760, 22, '179-17-0562', 9000, 13, 1, null);
INSERT INTO articulo (idarticulo, idsku, codigo, costo, idpedido, idestadoarticulo, idsucursal) VALUES (1761, 21, '805-91-7913', 3500, 22, 1, null);
INSERT INTO articulo (idarticulo, idsku, codigo, costo, idpedido, idestadoarticulo, idsucursal) VALUES (1762, 9, '241-57-9904', 8500, 4, 1, null);
INSERT INTO articulo (idarticulo, idsku, codigo, costo, idpedido, idestadoarticulo, idsucursal) VALUES (1763, 2, '669-37-7579', 4500, 2, 1, null);
INSERT INTO articulo (idarticulo, idsku, codigo, costo, idpedido, idestadoarticulo, idsucursal) VALUES (1765, 3, '262-54-2332', 3500, 2, 1, null);
INSERT INTO articulo (idarticulo, idsku, codigo, costo, idpedido, idestadoarticulo, idsucursal) VALUES (1766, 14, '353-28-0423', 7000, 29, 1, null);
INSERT INTO articulo (idarticulo, idsku, codigo, costo, idpedido, idestadoarticulo, idsucursal) VALUES (1767, 20, '531-25-9208', 6500, 9, 1, null);
INSERT INTO articulo (idarticulo, idsku, codigo, costo, idpedido, idestadoarticulo, idsucursal) VALUES (1768, 10, '308-31-8300', 500, 16, 1, null);
INSERT INTO articulo (idarticulo, idsku, codigo, costo, idpedido, idestadoarticulo, idsucursal) VALUES (1679, 12, '032-73-1853', 1000, 4, 3, null);
INSERT INTO articulo (idarticulo, idsku, codigo, costo, idpedido, idestadoarticulo, idsucursal) VALUES (1727, 8, '535-60-8398', 1000, 26, 3, null);
INSERT INTO articulo (idarticulo, idsku, codigo, costo, idpedido, idestadoarticulo, idsucursal) VALUES (1734, 19, '415-15-6712', 4000, 14, 3, null);
INSERT INTO articulo (idarticulo, idsku, codigo, costo, idpedido, idestadoarticulo, idsucursal) VALUES (1637, 11, '326-56-4877', 7500, 30, 3, null);
INSERT INTO articulo (idarticulo, idsku, codigo, costo, idpedido, idestadoarticulo, idsucursal) VALUES (1749, 3, '863-97-7985', 3500, 5, 3, null);
INSERT INTO articulo (idarticulo, idsku, codigo, costo, idpedido, idestadoarticulo, idsucursal) VALUES (1738, 24, '309-80-9023', 6500, 18, 3, null);
INSERT INTO articulo (idarticulo, idsku, codigo, costo, idpedido, idestadoarticulo, idsucursal) VALUES (1650, 4, '701-43-6284', 3500, 11, 3, null);
INSERT INTO articulo (idarticulo, idsku, codigo, costo, idpedido, idestadoarticulo, idsucursal) VALUES (1662, 17, '101-86-6956', 1000, 17, 3, null);
INSERT INTO articulo (idarticulo, idsku, codigo, costo, idpedido, idestadoarticulo, idsucursal) VALUES (1764, 23, '532-55-7137', 4500, 15, 3, null);
INSERT INTO articulo (idarticulo, idsku, codigo, costo, idpedido, idestadoarticulo, idsucursal) VALUES (1716, 1, '002-95-4800', 9000, 4, 3, null);
INSERT INTO articulo (idarticulo, idsku, codigo, costo, idpedido, idestadoarticulo, idsucursal) VALUES (1642, 22, '030-88-5124', 9500, 29, 3, null);
INSERT INTO articulo (idarticulo, idsku, codigo, costo, idpedido, idestadoarticulo, idsucursal) VALUES (1671, 7, '807-08-5525', 4500, 8, 3, null);
INSERT INTO articulo (idarticulo, idsku, codigo, costo, idpedido, idestadoarticulo, idsucursal) VALUES (1732, 13, '008-09-3156', 2000, 30, 3, null);
INSERT INTO articulo (idarticulo, idsku, codigo, costo, idpedido, idestadoarticulo, idsucursal) VALUES (1647, 6, '381-41-5847', 6500, 1, 3, null);
INSERT INTO articulo (idarticulo, idsku, codigo, costo, idpedido, idestadoarticulo, idsucursal) VALUES (1638, 11, '568-03-5900', 2000, 9, 3, null);
INSERT INTO articulo (idarticulo, idsku, codigo, costo, idpedido, idestadoarticulo, idsucursal) VALUES (1751, 24, '479-61-2344', 4000, 18, 3, null);
INSERT INTO articulo (idarticulo, idsku, codigo, costo, idpedido, idestadoarticulo, idsucursal) VALUES (1685, 20, '118-48-1395', 1500, 21, 3, null);
INSERT INTO articulo (idarticulo, idsku, codigo, costo, idpedido, idestadoarticulo, idsucursal) VALUES (1759, 24, '018-04-9893', 6500, 30, 3, null);
INSERT INTO articulo (idarticulo, idsku, codigo, costo, idpedido, idestadoarticulo, idsucursal) VALUES (1769, 18, '580-75-4233', 4500, 3, 1, null);
INSERT INTO articulo (idarticulo, idsku, codigo, costo, idpedido, idestadoarticulo, idsucursal) VALUES (1770, 24, '687-87-6825', 9500, 25, 1, null);
INSERT INTO articulo (idarticulo, idsku, codigo, costo, idpedido, idestadoarticulo, idsucursal) VALUES (1771, 14, '019-29-7995', 8500, 1, 1, null);
INSERT INTO articulo (idarticulo, idsku, codigo, costo, idpedido, idestadoarticulo, idsucursal) VALUES (1772, 18, '221-96-2955', 5000, 26, 1, null);
INSERT INTO articulo (idarticulo, idsku, codigo, costo, idpedido, idestadoarticulo, idsucursal) VALUES (1773, 16, '667-01-9158', 5000, 3, 1, null);
INSERT INTO articulo (idarticulo, idsku, codigo, costo, idpedido, idestadoarticulo, idsucursal) VALUES (1775, 14, '374-83-2565', 5500, 24, 1, null);
INSERT INTO articulo (idarticulo, idsku, codigo, costo, idpedido, idestadoarticulo, idsucursal) VALUES (1776, 21, '889-85-2408', 4500, 29, 1, null);
INSERT INTO articulo (idarticulo, idsku, codigo, costo, idpedido, idestadoarticulo, idsucursal) VALUES (1778, 11, '281-45-8067', 9000, 27, 1, null);
INSERT INTO articulo (idarticulo, idsku, codigo, costo, idpedido, idestadoarticulo, idsucursal) VALUES (1779, 15, '372-10-7926', 9500, 5, 1, null);
INSERT INTO articulo (idarticulo, idsku, codigo, costo, idpedido, idestadoarticulo, idsucursal) VALUES (1780, 16, '750-97-8404', 8500, 21, 1, null);
INSERT INTO articulo (idarticulo, idsku, codigo, costo, idpedido, idestadoarticulo, idsucursal) VALUES (1781, 25, '571-52-8307', 8500, 10, 1, null);
INSERT INTO articulo (idarticulo, idsku, codigo, costo, idpedido, idestadoarticulo, idsucursal) VALUES (1782, 17, '812-89-6464', 4500, 24, 1, null);
INSERT INTO articulo (idarticulo, idsku, codigo, costo, idpedido, idestadoarticulo, idsucursal) VALUES (1783, 25, '552-71-1823', 7500, 6, 1, null);
INSERT INTO articulo (idarticulo, idsku, codigo, costo, idpedido, idestadoarticulo, idsucursal) VALUES (1784, 7, '828-40-4059', 3500, 22, 1, null);
INSERT INTO articulo (idarticulo, idsku, codigo, costo, idpedido, idestadoarticulo, idsucursal) VALUES (1786, 16, '106-14-3068', 7500, 12, 1, null);
INSERT INTO articulo (idarticulo, idsku, codigo, costo, idpedido, idestadoarticulo, idsucursal) VALUES (1788, 24, '246-65-4024', 2000, 17, 1, null);
INSERT INTO articulo (idarticulo, idsku, codigo, costo, idpedido, idestadoarticulo, idsucursal) VALUES (1790, 11, '634-12-1247', 2500, 6, 1, null);
INSERT INTO articulo (idarticulo, idsku, codigo, costo, idpedido, idestadoarticulo, idsucursal) VALUES (1791, 5, '757-99-0578', 8500, 2, 1, null);
INSERT INTO articulo (idarticulo, idsku, codigo, costo, idpedido, idestadoarticulo, idsucursal) VALUES (1792, 19, '434-96-8180', 8500, 21, 1, null);
INSERT INTO articulo (idarticulo, idsku, codigo, costo, idpedido, idestadoarticulo, idsucursal) VALUES (1793, 4, '576-88-8654', 1000, 23, 1, null);
INSERT INTO articulo (idarticulo, idsku, codigo, costo, idpedido, idestadoarticulo, idsucursal) VALUES (1795, 11, '429-30-0049', 1500, 25, 1, null);
INSERT INTO articulo (idarticulo, idsku, codigo, costo, idpedido, idestadoarticulo, idsucursal) VALUES (1796, 22, '695-63-1006', 7000, 13, 1, null);
INSERT INTO articulo (idarticulo, idsku, codigo, costo, idpedido, idestadoarticulo, idsucursal) VALUES (1797, 16, '380-01-2238', 6000, 13, 1, null);
INSERT INTO articulo (idarticulo, idsku, codigo, costo, idpedido, idestadoarticulo, idsucursal) VALUES (1798, 9, '761-73-8486', 9000, 4, 1, null);
INSERT INTO articulo (idarticulo, idsku, codigo, costo, idpedido, idestadoarticulo, idsucursal) VALUES (1799, 22, '788-87-3588', 1000, 21, 1, null);
INSERT INTO articulo (idarticulo, idsku, codigo, costo, idpedido, idestadoarticulo, idsucursal) VALUES (1800, 23, '207-99-2035', 500, 8, 1, null);
INSERT INTO articulo (idarticulo, idsku, codigo, costo, idpedido, idestadoarticulo, idsucursal) VALUES (1802, 3, '684-19-6625', 7500, 15, 1, null);
INSERT INTO articulo (idarticulo, idsku, codigo, costo, idpedido, idestadoarticulo, idsucursal) VALUES (1803, 11, '031-36-6566', 3000, 14, 1, null);
INSERT INTO articulo (idarticulo, idsku, codigo, costo, idpedido, idestadoarticulo, idsucursal) VALUES (1805, 20, '883-79-8929', 2000, 15, 1, null);
INSERT INTO articulo (idarticulo, idsku, codigo, costo, idpedido, idestadoarticulo, idsucursal) VALUES (1806, 22, '826-24-7634', 9000, 30, 1, null);
INSERT INTO articulo (idarticulo, idsku, codigo, costo, idpedido, idestadoarticulo, idsucursal) VALUES (1807, 16, '277-26-4749', 3500, 4, 1, null);
INSERT INTO articulo (idarticulo, idsku, codigo, costo, idpedido, idestadoarticulo, idsucursal) VALUES (1808, 10, '192-57-2251', 1000, 30, 1, null);
INSERT INTO articulo (idarticulo, idsku, codigo, costo, idpedido, idestadoarticulo, idsucursal) VALUES (1809, 9, '098-94-1384', 6500, 23, 1, null);
INSERT INTO articulo (idarticulo, idsku, codigo, costo, idpedido, idestadoarticulo, idsucursal) VALUES (1810, 9, '202-67-1372', 2500, 18, 1, null);
INSERT INTO articulo (idarticulo, idsku, codigo, costo, idpedido, idestadoarticulo, idsucursal) VALUES (1811, 11, '600-35-9784', 6500, 29, 1, null);
INSERT INTO articulo (idarticulo, idsku, codigo, costo, idpedido, idestadoarticulo, idsucursal) VALUES (1812, 8, '274-93-9577', 3000, 22, 1, null);
INSERT INTO articulo (idarticulo, idsku, codigo, costo, idpedido, idestadoarticulo, idsucursal) VALUES (1813, 13, '524-22-9848', 3500, 27, 1, null);
INSERT INTO articulo (idarticulo, idsku, codigo, costo, idpedido, idestadoarticulo, idsucursal) VALUES (1815, 22, '702-99-6324', 1000, 22, 1, null);
INSERT INTO articulo (idarticulo, idsku, codigo, costo, idpedido, idestadoarticulo, idsucursal) VALUES (1816, 23, '284-38-5975', 8000, 19, 1, null);
INSERT INTO articulo (idarticulo, idsku, codigo, costo, idpedido, idestadoarticulo, idsucursal) VALUES (1818, 19, '052-88-8317', 5000, 1, 1, null);
INSERT INTO articulo (idarticulo, idsku, codigo, costo, idpedido, idestadoarticulo, idsucursal) VALUES (1819, 3, '541-14-0643', 500, 4, 1, null);
INSERT INTO articulo (idarticulo, idsku, codigo, costo, idpedido, idestadoarticulo, idsucursal) VALUES (1820, 20, '831-09-9902', 1500, 21, 1, null);
INSERT INTO articulo (idarticulo, idsku, codigo, costo, idpedido, idestadoarticulo, idsucursal) VALUES (1822, 11, '422-29-6424', 8500, 23, 1, null);
INSERT INTO articulo (idarticulo, idsku, codigo, costo, idpedido, idestadoarticulo, idsucursal) VALUES (1823, 17, '677-69-5660', 7500, 29, 1, null);
INSERT INTO articulo (idarticulo, idsku, codigo, costo, idpedido, idestadoarticulo, idsucursal) VALUES (1825, 17, '385-42-1902', 500, 27, 1, null);
INSERT INTO articulo (idarticulo, idsku, codigo, costo, idpedido, idestadoarticulo, idsucursal) VALUES (1826, 3, '422-77-6656', 8000, 4, 1, null);
INSERT INTO articulo (idarticulo, idsku, codigo, costo, idpedido, idestadoarticulo, idsucursal) VALUES (1827, 12, '814-05-1330', 8500, 2, 1, null);
INSERT INTO articulo (idarticulo, idsku, codigo, costo, idpedido, idestadoarticulo, idsucursal) VALUES (1828, 18, '197-62-4348', 2500, 12, 1, null);
INSERT INTO articulo (idarticulo, idsku, codigo, costo, idpedido, idestadoarticulo, idsucursal) VALUES (1830, 1, '113-46-0557', 1500, 23, 1, null);
INSERT INTO articulo (idarticulo, idsku, codigo, costo, idpedido, idestadoarticulo, idsucursal) VALUES (1831, 14, '703-38-3150', 8500, 6, 1, null);
INSERT INTO articulo (idarticulo, idsku, codigo, costo, idpedido, idestadoarticulo, idsucursal) VALUES (1832, 14, '735-70-9130', 8000, 7, 1, null);
INSERT INTO articulo (idarticulo, idsku, codigo, costo, idpedido, idestadoarticulo, idsucursal) VALUES (1833, 9, '253-49-5403', 9500, 2, 1, null);
INSERT INTO articulo (idarticulo, idsku, codigo, costo, idpedido, idestadoarticulo, idsucursal) VALUES (1835, 18, '095-80-0442', 9500, 10, 1, null);
INSERT INTO articulo (idarticulo, idsku, codigo, costo, idpedido, idestadoarticulo, idsucursal) VALUES (1836, 4, '662-30-1857', 500, 26, 1, null);
INSERT INTO articulo (idarticulo, idsku, codigo, costo, idpedido, idestadoarticulo, idsucursal) VALUES (1837, 6, '193-92-5712', 4500, 25, 1, null);
INSERT INTO articulo (idarticulo, idsku, codigo, costo, idpedido, idestadoarticulo, idsucursal) VALUES (1838, 22, '151-63-0474', 3500, 30, 1, null);
INSERT INTO articulo (idarticulo, idsku, codigo, costo, idpedido, idestadoarticulo, idsucursal) VALUES (1839, 18, '788-33-3195', 6500, 4, 1, null);
INSERT INTO articulo (idarticulo, idsku, codigo, costo, idpedido, idestadoarticulo, idsucursal) VALUES (1840, 3, '032-18-8364', 5500, 19, 1, null);
INSERT INTO articulo (idarticulo, idsku, codigo, costo, idpedido, idestadoarticulo, idsucursal) VALUES (1841, 21, '683-33-3378', 2500, 30, 1, null);
INSERT INTO articulo (idarticulo, idsku, codigo, costo, idpedido, idestadoarticulo, idsucursal) VALUES (1843, 10, '272-95-4108', 9500, 27, 1, null);
INSERT INTO articulo (idarticulo, idsku, codigo, costo, idpedido, idestadoarticulo, idsucursal) VALUES (1845, 9, '318-04-1047', 8000, 13, 1, null);
INSERT INTO articulo (idarticulo, idsku, codigo, costo, idpedido, idestadoarticulo, idsucursal) VALUES (1846, 22, '140-54-7164', 8000, 23, 1, null);
INSERT INTO articulo (idarticulo, idsku, codigo, costo, idpedido, idestadoarticulo, idsucursal) VALUES (1847, 4, '427-56-0217', 5500, 12, 1, null);
INSERT INTO articulo (idarticulo, idsku, codigo, costo, idpedido, idestadoarticulo, idsucursal) VALUES (1848, 20, '255-96-9590', 6500, 15, 1, null);
INSERT INTO articulo (idarticulo, idsku, codigo, costo, idpedido, idestadoarticulo, idsucursal) VALUES (1849, 13, '620-16-6340', 2000, 6, 1, null);
INSERT INTO articulo (idarticulo, idsku, codigo, costo, idpedido, idestadoarticulo, idsucursal) VALUES (1850, 6, '875-24-4746', 3000, 15, 1, null);
INSERT INTO articulo (idarticulo, idsku, codigo, costo, idpedido, idestadoarticulo, idsucursal) VALUES (1851, 5, '088-11-7362', 8000, 28, 1, null);
INSERT INTO articulo (idarticulo, idsku, codigo, costo, idpedido, idestadoarticulo, idsucursal) VALUES (1852, 4, '108-57-2569', 6000, 18, 1, null);
INSERT INTO articulo (idarticulo, idsku, codigo, costo, idpedido, idestadoarticulo, idsucursal) VALUES (1854, 11, '490-51-3772', 6000, 5, 1, null);
INSERT INTO articulo (idarticulo, idsku, codigo, costo, idpedido, idestadoarticulo, idsucursal) VALUES (1855, 18, '054-82-7058', 5500, 24, 1, null);
INSERT INTO articulo (idarticulo, idsku, codigo, costo, idpedido, idestadoarticulo, idsucursal) VALUES (1856, 4, '388-46-9974', 5000, 6, 1, null);
INSERT INTO articulo (idarticulo, idsku, codigo, costo, idpedido, idestadoarticulo, idsucursal) VALUES (1857, 2, '650-23-6385', 5500, 26, 1, null);
INSERT INTO articulo (idarticulo, idsku, codigo, costo, idpedido, idestadoarticulo, idsucursal) VALUES (1859, 23, '803-82-8521', 4500, 7, 1, null);
INSERT INTO articulo (idarticulo, idsku, codigo, costo, idpedido, idestadoarticulo, idsucursal) VALUES (1860, 15, '863-84-4652', 8500, 24, 1, null);
INSERT INTO articulo (idarticulo, idsku, codigo, costo, idpedido, idestadoarticulo, idsucursal) VALUES (1861, 3, '010-27-9634', 9500, 10, 1, null);
INSERT INTO articulo (idarticulo, idsku, codigo, costo, idpedido, idestadoarticulo, idsucursal) VALUES (1862, 24, '049-31-8648', 1000, 23, 1, null);
INSERT INTO articulo (idarticulo, idsku, codigo, costo, idpedido, idestadoarticulo, idsucursal) VALUES (1863, 22, '609-55-5661', 4000, 27, 1, null);
INSERT INTO articulo (idarticulo, idsku, codigo, costo, idpedido, idestadoarticulo, idsucursal) VALUES (1864, 17, '494-59-8805', 3000, 9, 1, null);
INSERT INTO articulo (idarticulo, idsku, codigo, costo, idpedido, idestadoarticulo, idsucursal) VALUES (1865, 12, '580-81-4925', 3500, 22, 1, null);
INSERT INTO articulo (idarticulo, idsku, codigo, costo, idpedido, idestadoarticulo, idsucursal) VALUES (1866, 5, '620-21-5990', 500, 29, 1, null);
INSERT INTO articulo (idarticulo, idsku, codigo, costo, idpedido, idestadoarticulo, idsucursal) VALUES (1867, 8, '354-47-4785', 3000, 4, 1, null);
INSERT INTO articulo (idarticulo, idsku, codigo, costo, idpedido, idestadoarticulo, idsucursal) VALUES (1869, 14, '171-86-1382', 7500, 13, 1, null);
INSERT INTO articulo (idarticulo, idsku, codigo, costo, idpedido, idestadoarticulo, idsucursal) VALUES (1870, 16, '442-24-5415', 5500, 4, 1, null);
INSERT INTO articulo (idarticulo, idsku, codigo, costo, idpedido, idestadoarticulo, idsucursal) VALUES (1871, 16, '168-72-7822', 4000, 11, 1, null);
INSERT INTO articulo (idarticulo, idsku, codigo, costo, idpedido, idestadoarticulo, idsucursal) VALUES (1873, 24, '551-30-7017', 4500, 21, 1, null);
INSERT INTO articulo (idarticulo, idsku, codigo, costo, idpedido, idestadoarticulo, idsucursal) VALUES (1874, 24, '202-01-4889', 7500, 27, 1, null);
INSERT INTO articulo (idarticulo, idsku, codigo, costo, idpedido, idestadoarticulo, idsucursal) VALUES (1875, 12, '630-60-5608', 5500, 21, 1, null);
INSERT INTO articulo (idarticulo, idsku, codigo, costo, idpedido, idestadoarticulo, idsucursal) VALUES (1876, 4, '219-38-4760', 5500, 5, 1, null);
INSERT INTO articulo (idarticulo, idsku, codigo, costo, idpedido, idestadoarticulo, idsucursal) VALUES (1877, 11, '123-86-2045', 3500, 10, 1, null);
INSERT INTO articulo (idarticulo, idsku, codigo, costo, idpedido, idestadoarticulo, idsucursal) VALUES (1878, 11, '093-27-5836', 5500, 1, 1, null);
INSERT INTO articulo (idarticulo, idsku, codigo, costo, idpedido, idestadoarticulo, idsucursal) VALUES (1879, 1, '504-97-2206', 8500, 1, 1, null);
INSERT INTO articulo (idarticulo, idsku, codigo, costo, idpedido, idestadoarticulo, idsucursal) VALUES (1880, 5, '004-99-6262', 5500, 29, 1, null);
INSERT INTO articulo (idarticulo, idsku, codigo, costo, idpedido, idestadoarticulo, idsucursal) VALUES (1882, 2, '076-63-9074', 5000, 16, 1, null);
INSERT INTO articulo (idarticulo, idsku, codigo, costo, idpedido, idestadoarticulo, idsucursal) VALUES (1883, 22, '437-31-7955', 8000, 20, 1, null);
INSERT INTO articulo (idarticulo, idsku, codigo, costo, idpedido, idestadoarticulo, idsucursal) VALUES (1884, 3, '255-04-7105', 2000, 11, 1, null);
INSERT INTO articulo (idarticulo, idsku, codigo, costo, idpedido, idestadoarticulo, idsucursal) VALUES (1885, 22, '184-19-7362', 9500, 28, 1, null);
INSERT INTO articulo (idarticulo, idsku, codigo, costo, idpedido, idestadoarticulo, idsucursal) VALUES (1887, 14, '897-50-5338', 9500, 27, 1, null);
INSERT INTO articulo (idarticulo, idsku, codigo, costo, idpedido, idestadoarticulo, idsucursal) VALUES (1888, 11, '537-18-3568', 5000, 28, 1, null);
INSERT INTO articulo (idarticulo, idsku, codigo, costo, idpedido, idestadoarticulo, idsucursal) VALUES (1889, 19, '427-54-4414', 9000, 21, 1, null);
INSERT INTO articulo (idarticulo, idsku, codigo, costo, idpedido, idestadoarticulo, idsucursal) VALUES (1890, 1, '322-03-4336', 6500, 25, 1, null);
INSERT INTO articulo (idarticulo, idsku, codigo, costo, idpedido, idestadoarticulo, idsucursal) VALUES (1891, 4, '283-35-2636', 6000, 27, 1, null);
INSERT INTO articulo (idarticulo, idsku, codigo, costo, idpedido, idestadoarticulo, idsucursal) VALUES (1892, 3, '184-24-8124', 500, 19, 1, null);
INSERT INTO articulo (idarticulo, idsku, codigo, costo, idpedido, idestadoarticulo, idsucursal) VALUES (1894, 25, '809-58-3883', 3500, 9, 1, null);
INSERT INTO articulo (idarticulo, idsku, codigo, costo, idpedido, idestadoarticulo, idsucursal) VALUES (1895, 21, '829-14-1438', 2000, 9, 1, null);
INSERT INTO articulo (idarticulo, idsku, codigo, costo, idpedido, idestadoarticulo, idsucursal) VALUES (1896, 5, '277-68-4466', 500, 25, 1, null);
INSERT INTO articulo (idarticulo, idsku, codigo, costo, idpedido, idestadoarticulo, idsucursal) VALUES (1897, 10, '023-66-3216', 5500, 27, 1, null);
INSERT INTO articulo (idarticulo, idsku, codigo, costo, idpedido, idestadoarticulo, idsucursal) VALUES (1898, 4, '627-78-7399', 4500, 16, 1, null);
INSERT INTO articulo (idarticulo, idsku, codigo, costo, idpedido, idestadoarticulo, idsucursal) VALUES (1899, 18, '176-36-8673', 5000, 14, 1, null);
INSERT INTO articulo (idarticulo, idsku, codigo, costo, idpedido, idestadoarticulo, idsucursal) VALUES (1900, 6, '585-56-7213', 4000, 10, 1, null);
INSERT INTO articulo (idarticulo, idsku, codigo, costo, idpedido, idestadoarticulo, idsucursal) VALUES (1901, 5, '341-17-1375', 5000, 19, 1, null);
INSERT INTO articulo (idarticulo, idsku, codigo, costo, idpedido, idestadoarticulo, idsucursal) VALUES (1902, 20, '632-61-3621', 3500, 18, 1, null);
INSERT INTO articulo (idarticulo, idsku, codigo, costo, idpedido, idestadoarticulo, idsucursal) VALUES (1903, 21, '412-54-1450', 2500, 21, 1, null);
INSERT INTO articulo (idarticulo, idsku, codigo, costo, idpedido, idestadoarticulo, idsucursal) VALUES (1821, 19, '796-53-9399', 500, 15, 3, null);
INSERT INTO articulo (idarticulo, idsku, codigo, costo, idpedido, idestadoarticulo, idsucursal) VALUES (1893, 9, '056-86-2422', 7000, 10, 3, null);
INSERT INTO articulo (idarticulo, idsku, codigo, costo, idpedido, idestadoarticulo, idsucursal) VALUES (1774, 21, '479-74-6072', 1500, 21, 3, null);
INSERT INTO articulo (idarticulo, idsku, codigo, costo, idpedido, idestadoarticulo, idsucursal) VALUES (1881, 9, '608-39-5598', 8500, 18, 3, null);
INSERT INTO articulo (idarticulo, idsku, codigo, costo, idpedido, idestadoarticulo, idsucursal) VALUES (1804, 5, '094-44-4178', 9500, 17, 3, null);
INSERT INTO articulo (idarticulo, idsku, codigo, costo, idpedido, idestadoarticulo, idsucursal) VALUES (1824, 21, '607-93-4999', 6500, 17, 3, null);
INSERT INTO articulo (idarticulo, idsku, codigo, costo, idpedido, idestadoarticulo, idsucursal) VALUES (1842, 7, '852-61-3969', 7500, 3, 3, null);
INSERT INTO articulo (idarticulo, idsku, codigo, costo, idpedido, idestadoarticulo, idsucursal) VALUES (1794, 17, '167-97-7310', 500, 5, 3, null);
INSERT INTO articulo (idarticulo, idsku, codigo, costo, idpedido, idestadoarticulo, idsucursal) VALUES (1904, 18, '272-59-4787', 8000, 5, 3, null);
INSERT INTO articulo (idarticulo, idsku, codigo, costo, idpedido, idestadoarticulo, idsucursal) VALUES (1886, 6, '262-24-0754', 5000, 27, 3, null);
INSERT INTO articulo (idarticulo, idsku, codigo, costo, idpedido, idestadoarticulo, idsucursal) VALUES (1785, 19, '326-90-9541', 3500, 12, 3, null);
INSERT INTO articulo (idarticulo, idsku, codigo, costo, idpedido, idestadoarticulo, idsucursal) VALUES (1844, 14, '187-22-4277', 2000, 8, 3, null);
INSERT INTO articulo (idarticulo, idsku, codigo, costo, idpedido, idestadoarticulo, idsucursal) VALUES (1834, 3, '669-32-2336', 6500, 25, 3, null);
INSERT INTO articulo (idarticulo, idsku, codigo, costo, idpedido, idestadoarticulo, idsucursal) VALUES (1787, 4, '707-09-6102', 5000, 18, 3, null);
INSERT INTO articulo (idarticulo, idsku, codigo, costo, idpedido, idestadoarticulo, idsucursal) VALUES (1868, 8, '315-89-4678', 9500, 25, 3, null);
INSERT INTO articulo (idarticulo, idsku, codigo, costo, idpedido, idestadoarticulo, idsucursal) VALUES (1789, 9, '894-22-7701', 9500, 25, 3, null);
INSERT INTO articulo (idarticulo, idsku, codigo, costo, idpedido, idestadoarticulo, idsucursal) VALUES (1814, 19, '284-65-4384', 5500, 5, 3, null);
INSERT INTO articulo (idarticulo, idsku, codigo, costo, idpedido, idestadoarticulo, idsucursal) VALUES (1872, 13, '006-77-8262', 4500, 6, 3, null);
INSERT INTO articulo (idarticulo, idsku, codigo, costo, idpedido, idestadoarticulo, idsucursal) VALUES (1853, 12, '758-53-3578', 4500, 29, 3, null);
INSERT INTO articulo (idarticulo, idsku, codigo, costo, idpedido, idestadoarticulo, idsucursal) VALUES (1905, 14, '220-67-8335', 8500, 21, 1, null);
INSERT INTO articulo (idarticulo, idsku, codigo, costo, idpedido, idestadoarticulo, idsucursal) VALUES (1906, 21, '842-44-1179', 9000, 20, 1, null);
INSERT INTO articulo (idarticulo, idsku, codigo, costo, idpedido, idestadoarticulo, idsucursal) VALUES (1907, 23, '486-54-7389', 3500, 14, 1, null);
INSERT INTO articulo (idarticulo, idsku, codigo, costo, idpedido, idestadoarticulo, idsucursal) VALUES (1908, 22, '461-18-6185', 8000, 7, 1, null);
INSERT INTO articulo (idarticulo, idsku, codigo, costo, idpedido, idestadoarticulo, idsucursal) VALUES (1909, 18, '330-87-9172', 7000, 9, 1, null);
INSERT INTO articulo (idarticulo, idsku, codigo, costo, idpedido, idestadoarticulo, idsucursal) VALUES (1910, 2, '367-30-9095', 7000, 4, 1, null);
INSERT INTO articulo (idarticulo, idsku, codigo, costo, idpedido, idestadoarticulo, idsucursal) VALUES (1911, 7, '309-63-7860', 5000, 6, 1, null);
INSERT INTO articulo (idarticulo, idsku, codigo, costo, idpedido, idestadoarticulo, idsucursal) VALUES (1912, 24, '888-71-9153', 1000, 21, 1, null);
INSERT INTO articulo (idarticulo, idsku, codigo, costo, idpedido, idestadoarticulo, idsucursal) VALUES (1914, 6, '160-37-5893', 500, 12, 1, null);
INSERT INTO articulo (idarticulo, idsku, codigo, costo, idpedido, idestadoarticulo, idsucursal) VALUES (1915, 22, '208-16-9592', 500, 14, 1, null);
INSERT INTO articulo (idarticulo, idsku, codigo, costo, idpedido, idestadoarticulo, idsucursal) VALUES (1917, 20, '332-72-1325', 4000, 7, 1, null);
INSERT INTO articulo (idarticulo, idsku, codigo, costo, idpedido, idestadoarticulo, idsucursal) VALUES (1918, 20, '070-67-0992', 4500, 7, 1, null);
INSERT INTO articulo (idarticulo, idsku, codigo, costo, idpedido, idestadoarticulo, idsucursal) VALUES (1919, 19, '759-88-9824', 9500, 18, 1, null);
INSERT INTO articulo (idarticulo, idsku, codigo, costo, idpedido, idestadoarticulo, idsucursal) VALUES (1920, 16, '340-17-4883', 3000, 13, 1, null);
INSERT INTO articulo (idarticulo, idsku, codigo, costo, idpedido, idestadoarticulo, idsucursal) VALUES (1921, 24, '546-81-7764', 8000, 2, 1, null);
INSERT INTO articulo (idarticulo, idsku, codigo, costo, idpedido, idestadoarticulo, idsucursal) VALUES (1922, 2, '262-40-7916', 1500, 22, 1, null);
INSERT INTO articulo (idarticulo, idsku, codigo, costo, idpedido, idestadoarticulo, idsucursal) VALUES (1923, 14, '173-56-3843', 7500, 26, 1, null);
INSERT INTO articulo (idarticulo, idsku, codigo, costo, idpedido, idestadoarticulo, idsucursal) VALUES (1924, 23, '127-97-5071', 7000, 8, 1, null);
INSERT INTO articulo (idarticulo, idsku, codigo, costo, idpedido, idestadoarticulo, idsucursal) VALUES (1925, 24, '161-39-2281', 1500, 10, 1, null);
INSERT INTO articulo (idarticulo, idsku, codigo, costo, idpedido, idestadoarticulo, idsucursal) VALUES (1926, 10, '086-93-4948', 7000, 14, 1, null);
INSERT INTO articulo (idarticulo, idsku, codigo, costo, idpedido, idestadoarticulo, idsucursal) VALUES (1927, 18, '280-56-6273', 5000, 3, 1, null);
INSERT INTO articulo (idarticulo, idsku, codigo, costo, idpedido, idestadoarticulo, idsucursal) VALUES (1928, 10, '745-50-3225', 7500, 26, 1, null);
INSERT INTO articulo (idarticulo, idsku, codigo, costo, idpedido, idestadoarticulo, idsucursal) VALUES (1931, 12, '329-22-9800', 7500, 7, 1, null);
INSERT INTO articulo (idarticulo, idsku, codigo, costo, idpedido, idestadoarticulo, idsucursal) VALUES (1932, 17, '199-03-4922', 4000, 20, 1, null);
INSERT INTO articulo (idarticulo, idsku, codigo, costo, idpedido, idestadoarticulo, idsucursal) VALUES (1933, 20, '451-98-5359', 2000, 10, 1, null);
INSERT INTO articulo (idarticulo, idsku, codigo, costo, idpedido, idestadoarticulo, idsucursal) VALUES (1934, 21, '337-53-1566', 7500, 5, 1, null);
INSERT INTO articulo (idarticulo, idsku, codigo, costo, idpedido, idestadoarticulo, idsucursal) VALUES (1935, 8, '345-13-8061', 1500, 16, 1, null);
INSERT INTO articulo (idarticulo, idsku, codigo, costo, idpedido, idestadoarticulo, idsucursal) VALUES (1936, 7, '315-99-7645', 5500, 29, 1, null);
INSERT INTO articulo (idarticulo, idsku, codigo, costo, idpedido, idestadoarticulo, idsucursal) VALUES (1937, 25, '170-47-3863', 1000, 24, 1, null);
INSERT INTO articulo (idarticulo, idsku, codigo, costo, idpedido, idestadoarticulo, idsucursal) VALUES (1938, 16, '378-24-4692', 8500, 28, 1, null);
INSERT INTO articulo (idarticulo, idsku, codigo, costo, idpedido, idestadoarticulo, idsucursal) VALUES (1939, 12, '034-39-5966', 9500, 13, 1, null);
INSERT INTO articulo (idarticulo, idsku, codigo, costo, idpedido, idestadoarticulo, idsucursal) VALUES (1940, 21, '032-96-4257', 5000, 16, 1, null);
INSERT INTO articulo (idarticulo, idsku, codigo, costo, idpedido, idestadoarticulo, idsucursal) VALUES (1943, 24, '811-91-8353', 5500, 5, 1, null);
INSERT INTO articulo (idarticulo, idsku, codigo, costo, idpedido, idestadoarticulo, idsucursal) VALUES (1944, 16, '680-56-8838', 5000, 13, 1, null);
INSERT INTO articulo (idarticulo, idsku, codigo, costo, idpedido, idestadoarticulo, idsucursal) VALUES (1945, 17, '590-40-0402', 7000, 21, 1, null);
INSERT INTO articulo (idarticulo, idsku, codigo, costo, idpedido, idestadoarticulo, idsucursal) VALUES (1946, 16, '840-70-5929', 500, 25, 1, null);
INSERT INTO articulo (idarticulo, idsku, codigo, costo, idpedido, idestadoarticulo, idsucursal) VALUES (1947, 15, '698-06-2402', 9500, 4, 1, null);
INSERT INTO articulo (idarticulo, idsku, codigo, costo, idpedido, idestadoarticulo, idsucursal) VALUES (1948, 12, '696-97-5420', 5500, 16, 1, null);
INSERT INTO articulo (idarticulo, idsku, codigo, costo, idpedido, idestadoarticulo, idsucursal) VALUES (1950, 22, '488-60-7644', 7000, 25, 1, null);
INSERT INTO articulo (idarticulo, idsku, codigo, costo, idpedido, idestadoarticulo, idsucursal) VALUES (1951, 15, '078-01-9007', 4500, 6, 1, null);
INSERT INTO articulo (idarticulo, idsku, codigo, costo, idpedido, idestadoarticulo, idsucursal) VALUES (1953, 10, '290-93-1586', 3500, 25, 1, null);
INSERT INTO articulo (idarticulo, idsku, codigo, costo, idpedido, idestadoarticulo, idsucursal) VALUES (1955, 12, '110-48-8164', 2000, 25, 1, null);
INSERT INTO articulo (idarticulo, idsku, codigo, costo, idpedido, idestadoarticulo, idsucursal) VALUES (1956, 19, '068-94-0296', 3000, 23, 1, null);
INSERT INTO articulo (idarticulo, idsku, codigo, costo, idpedido, idestadoarticulo, idsucursal) VALUES (1957, 16, '772-61-4562', 1500, 21, 1, null);
INSERT INTO articulo (idarticulo, idsku, codigo, costo, idpedido, idestadoarticulo, idsucursal) VALUES (1958, 4, '851-45-6796', 7000, 20, 1, null);
INSERT INTO articulo (idarticulo, idsku, codigo, costo, idpedido, idestadoarticulo, idsucursal) VALUES (1960, 6, '287-84-2567', 5000, 21, 1, null);
INSERT INTO articulo (idarticulo, idsku, codigo, costo, idpedido, idestadoarticulo, idsucursal) VALUES (1961, 13, '760-21-3383', 6500, 2, 1, null);
INSERT INTO articulo (idarticulo, idsku, codigo, costo, idpedido, idestadoarticulo, idsucursal) VALUES (1962, 1, '603-57-8348', 8500, 4, 1, null);
INSERT INTO articulo (idarticulo, idsku, codigo, costo, idpedido, idestadoarticulo, idsucursal) VALUES (1963, 10, '527-27-1133', 5500, 16, 1, null);
INSERT INTO articulo (idarticulo, idsku, codigo, costo, idpedido, idestadoarticulo, idsucursal) VALUES (1964, 21, '726-76-3648', 5000, 14, 1, null);
INSERT INTO articulo (idarticulo, idsku, codigo, costo, idpedido, idestadoarticulo, idsucursal) VALUES (1966, 10, '283-68-5387', 5000, 25, 1, null);
INSERT INTO articulo (idarticulo, idsku, codigo, costo, idpedido, idestadoarticulo, idsucursal) VALUES (1967, 24, '614-02-8429', 9000, 24, 1, null);
INSERT INTO articulo (idarticulo, idsku, codigo, costo, idpedido, idestadoarticulo, idsucursal) VALUES (1968, 20, '787-47-0772', 1000, 20, 1, null);
INSERT INTO articulo (idarticulo, idsku, codigo, costo, idpedido, idestadoarticulo, idsucursal) VALUES (1969, 11, '829-02-6897', 4000, 18, 1, null);
INSERT INTO articulo (idarticulo, idsku, codigo, costo, idpedido, idestadoarticulo, idsucursal) VALUES (1970, 18, '548-92-7522', 500, 22, 1, null);
INSERT INTO articulo (idarticulo, idsku, codigo, costo, idpedido, idestadoarticulo, idsucursal) VALUES (1971, 11, '119-62-8131', 2500, 5, 1, null);
INSERT INTO articulo (idarticulo, idsku, codigo, costo, idpedido, idestadoarticulo, idsucursal) VALUES (1973, 6, '136-60-9569', 7500, 2, 1, null);
INSERT INTO articulo (idarticulo, idsku, codigo, costo, idpedido, idestadoarticulo, idsucursal) VALUES (1974, 14, '600-78-2682', 5000, 22, 1, null);
INSERT INTO articulo (idarticulo, idsku, codigo, costo, idpedido, idestadoarticulo, idsucursal) VALUES (1975, 14, '434-05-5564', 6500, 25, 1, null);
INSERT INTO articulo (idarticulo, idsku, codigo, costo, idpedido, idestadoarticulo, idsucursal) VALUES (1976, 11, '743-78-9345', 8000, 20, 1, null);
INSERT INTO articulo (idarticulo, idsku, codigo, costo, idpedido, idestadoarticulo, idsucursal) VALUES (1977, 4, '614-08-4392', 9500, 29, 1, null);
INSERT INTO articulo (idarticulo, idsku, codigo, costo, idpedido, idestadoarticulo, idsucursal) VALUES (1978, 21, '224-98-4235', 5000, 4, 1, null);
INSERT INTO articulo (idarticulo, idsku, codigo, costo, idpedido, idestadoarticulo, idsucursal) VALUES (1979, 18, '017-07-4175', 5500, 5, 1, null);
INSERT INTO articulo (idarticulo, idsku, codigo, costo, idpedido, idestadoarticulo, idsucursal) VALUES (1980, 13, '877-66-2257', 9000, 2, 1, null);
INSERT INTO articulo (idarticulo, idsku, codigo, costo, idpedido, idestadoarticulo, idsucursal) VALUES (1981, 18, '600-01-0397', 500, 10, 1, null);
INSERT INTO articulo (idarticulo, idsku, codigo, costo, idpedido, idestadoarticulo, idsucursal) VALUES (1982, 23, '723-09-9658', 6500, 23, 1, null);
INSERT INTO articulo (idarticulo, idsku, codigo, costo, idpedido, idestadoarticulo, idsucursal) VALUES (1983, 2, '389-35-7033', 9000, 7, 1, null);
INSERT INTO articulo (idarticulo, idsku, codigo, costo, idpedido, idestadoarticulo, idsucursal) VALUES (1984, 1, '711-12-9403', 6500, 17, 1, null);
INSERT INTO articulo (idarticulo, idsku, codigo, costo, idpedido, idestadoarticulo, idsucursal) VALUES (1985, 8, '740-87-2269', 5500, 6, 1, null);
INSERT INTO articulo (idarticulo, idsku, codigo, costo, idpedido, idestadoarticulo, idsucursal) VALUES (1987, 24, '638-26-0147', 2500, 8, 1, null);
INSERT INTO articulo (idarticulo, idsku, codigo, costo, idpedido, idestadoarticulo, idsucursal) VALUES (1988, 13, '725-27-5324', 7000, 11, 1, null);
INSERT INTO articulo (idarticulo, idsku, codigo, costo, idpedido, idestadoarticulo, idsucursal) VALUES (1989, 8, '151-35-6134', 1500, 30, 1, null);
INSERT INTO articulo (idarticulo, idsku, codigo, costo, idpedido, idestadoarticulo, idsucursal) VALUES (1990, 21, '224-46-8483', 6500, 8, 1, null);
INSERT INTO articulo (idarticulo, idsku, codigo, costo, idpedido, idestadoarticulo, idsucursal) VALUES (1991, 15, '782-16-3459', 5000, 8, 1, null);
INSERT INTO articulo (idarticulo, idsku, codigo, costo, idpedido, idestadoarticulo, idsucursal) VALUES (1992, 7, '732-30-0310', 9000, 25, 1, null);
INSERT INTO articulo (idarticulo, idsku, codigo, costo, idpedido, idestadoarticulo, idsucursal) VALUES (1993, 2, '557-20-9728', 8000, 23, 1, null);
INSERT INTO articulo (idarticulo, idsku, codigo, costo, idpedido, idestadoarticulo, idsucursal) VALUES (1994, 25, '279-66-6944', 6000, 19, 1, null);
INSERT INTO articulo (idarticulo, idsku, codigo, costo, idpedido, idestadoarticulo, idsucursal) VALUES (1995, 25, '828-96-5938', 6000, 20, 1, null);
INSERT INTO articulo (idarticulo, idsku, codigo, costo, idpedido, idestadoarticulo, idsucursal) VALUES (1996, 12, '514-01-1068', 9000, 27, 1, null);
INSERT INTO articulo (idarticulo, idsku, codigo, costo, idpedido, idestadoarticulo, idsucursal) VALUES (1997, 5, '574-21-9213', 3500, 17, 1, null);
INSERT INTO articulo (idarticulo, idsku, codigo, costo, idpedido, idestadoarticulo, idsucursal) VALUES (1998, 15, '215-75-8354', 8000, 25, 1, null);
INSERT INTO articulo (idarticulo, idsku, codigo, costo, idpedido, idestadoarticulo, idsucursal) VALUES (1999, 24, '645-27-6411', 1000, 11, 1, null);
INSERT INTO articulo (idarticulo, idsku, codigo, costo, idpedido, idestadoarticulo, idsucursal) VALUES (67, 1, '698-84-0319', 3500, 27, 1, 2);
INSERT INTO articulo (idarticulo, idsku, codigo, costo, idpedido, idestadoarticulo, idsucursal) VALUES (76, 1, '276-96-6823', 2500, 19, 1, 2);
INSERT INTO articulo (idarticulo, idsku, codigo, costo, idpedido, idestadoarticulo, idsucursal) VALUES (79, 1, '149-85-6556', 5000, 20, 1, 2);
INSERT INTO articulo (idarticulo, idsku, codigo, costo, idpedido, idestadoarticulo, idsucursal) VALUES (88, 1, '336-65-2421', 8000, 7, 1, 2);
INSERT INTO articulo (idarticulo, idsku, codigo, costo, idpedido, idestadoarticulo, idsucursal) VALUES (93, 1, '038-50-0545', 4000, 21, 1, 2);
INSERT INTO articulo (idarticulo, idsku, codigo, costo, idpedido, idestadoarticulo, idsucursal) VALUES (124, 1, '582-45-6975', 9500, 22, 1, 2);
INSERT INTO articulo (idarticulo, idsku, codigo, costo, idpedido, idestadoarticulo, idsucursal) VALUES (143, 2, '219-35-8449', 5500, 29, 1, 2);
INSERT INTO articulo (idarticulo, idsku, codigo, costo, idpedido, idestadoarticulo, idsucursal) VALUES (166, 2, '226-12-9783', 9500, 29, 1, 2);
INSERT INTO articulo (idarticulo, idsku, codigo, costo, idpedido, idestadoarticulo, idsucursal) VALUES (265, 2, '862-74-3371', 6000, 29, 1, 2);
INSERT INTO articulo (idarticulo, idsku, codigo, costo, idpedido, idestadoarticulo, idsucursal) VALUES (274, 2, '520-97-2528', 7000, 29, 1, 2);
INSERT INTO articulo (idarticulo, idsku, codigo, costo, idpedido, idestadoarticulo, idsucursal) VALUES (276, 2, '587-92-6977', 6000, 18, 1, 2);
INSERT INTO articulo (idarticulo, idsku, codigo, costo, idpedido, idestadoarticulo, idsucursal) VALUES (305, 2, '039-58-3786', 3500, 27, 1, 1);
INSERT INTO articulo (idarticulo, idsku, codigo, costo, idpedido, idestadoarticulo, idsucursal) VALUES (394, 2, '189-54-9885', 3000, 3, 1, 1);
INSERT INTO articulo (idarticulo, idsku, codigo, costo, idpedido, idestadoarticulo, idsucursal) VALUES (401, 2, '547-28-9187', 1000, 15, 1, 1);
INSERT INTO articulo (idarticulo, idsku, codigo, costo, idpedido, idestadoarticulo, idsucursal) VALUES (408, 2, '894-34-3842', 500, 30, 1, 1);
INSERT INTO articulo (idarticulo, idsku, codigo, costo, idpedido, idestadoarticulo, idsucursal) VALUES (34, 3, '236-82-9448', 2000, 23, 1, 3);
INSERT INTO articulo (idarticulo, idsku, codigo, costo, idpedido, idestadoarticulo, idsucursal) VALUES (78, 3, '721-16-8189', 500, 4, 1, 3);
INSERT INTO articulo (idarticulo, idsku, codigo, costo, idpedido, idestadoarticulo, idsucursal) VALUES (96, 3, '779-60-6468', 1500, 10, 1, 3);
INSERT INTO articulo (idarticulo, idsku, codigo, costo, idpedido, idestadoarticulo, idsucursal) VALUES (105, 3, '264-43-0009', 5000, 28, 1, 3);
INSERT INTO articulo (idarticulo, idsku, codigo, costo, idpedido, idestadoarticulo, idsucursal) VALUES (116, 3, '386-38-0385', 1000, 29, 1, 3);
INSERT INTO articulo (idarticulo, idsku, codigo, costo, idpedido, idestadoarticulo, idsucursal) VALUES (150, 3, '719-57-4455', 9500, 11, 1, 3);
INSERT INTO articulo (idarticulo, idsku, codigo, costo, idpedido, idestadoarticulo, idsucursal) VALUES (7, 4, '406-35-5145', 500, 20, 1, 2);
INSERT INTO articulo (idarticulo, idsku, codigo, costo, idpedido, idestadoarticulo, idsucursal) VALUES (8, 4, '316-58-6315', 8000, 6, 1, 2);
INSERT INTO articulo (idarticulo, idsku, codigo, costo, idpedido, idestadoarticulo, idsucursal) VALUES (18, 4, '779-70-5488', 9000, 1, 1, 2);
INSERT INTO articulo (idarticulo, idsku, codigo, costo, idpedido, idestadoarticulo, idsucursal) VALUES (84, 4, '730-47-2260', 5000, 20, 1, 2);
INSERT INTO articulo (idarticulo, idsku, codigo, costo, idpedido, idestadoarticulo, idsucursal) VALUES (100, 4, '242-21-7503', 5500, 23, 1, 2);
INSERT INTO articulo (idarticulo, idsku, codigo, costo, idpedido, idestadoarticulo, idsucursal) VALUES (2, 5, '122-13-8115', 7000, 9, 1, 2);
INSERT INTO articulo (idarticulo, idsku, codigo, costo, idpedido, idestadoarticulo, idsucursal) VALUES (16, 5, '281-50-0517', 7000, 4, 1, 2);
INSERT INTO articulo (idarticulo, idsku, codigo, costo, idpedido, idestadoarticulo, idsucursal) VALUES (52, 5, '521-69-2668', 5000, 27, 1, 2);
INSERT INTO articulo (idarticulo, idsku, codigo, costo, idpedido, idestadoarticulo, idsucursal) VALUES (55, 5, '712-89-1444', 7500, 21, 1, 2);
INSERT INTO articulo (idarticulo, idsku, codigo, costo, idpedido, idestadoarticulo, idsucursal) VALUES (144, 5, '702-18-4733', 4500, 13, 1, 2);
INSERT INTO articulo (idarticulo, idsku, codigo, costo, idpedido, idestadoarticulo, idsucursal) VALUES (1952, 7, '854-55-1558', 1000, 28, 3, null);
INSERT INTO articulo (idarticulo, idsku, codigo, costo, idpedido, idestadoarticulo, idsucursal) VALUES (1949, 24, '088-35-5739', 8000, 17, 3, null);
INSERT INTO articulo (idarticulo, idsku, codigo, costo, idpedido, idestadoarticulo, idsucursal) VALUES (1942, 6, '437-83-6339', 6000, 29, 3, null);
INSERT INTO articulo (idarticulo, idsku, codigo, costo, idpedido, idestadoarticulo, idsucursal) VALUES (340, 2, '764-57-8724', 4000, 7, 3, 1);
INSERT INTO articulo (idarticulo, idsku, codigo, costo, idpedido, idestadoarticulo, idsucursal) VALUES (1929, 8, '685-73-8046', 2500, 11, 3, null);
INSERT INTO articulo (idarticulo, idsku, codigo, costo, idpedido, idestadoarticulo, idsucursal) VALUES (1941, 7, '785-38-9867', 4000, 19, 3, null);
INSERT INTO articulo (idarticulo, idsku, codigo, costo, idpedido, idestadoarticulo, idsucursal) VALUES (1954, 24, '202-86-1252', 5500, 15, 3, null);
INSERT INTO articulo (idarticulo, idsku, codigo, costo, idpedido, idestadoarticulo, idsucursal) VALUES (1965, 12, '349-58-8786', 3500, 25, 3, null);
INSERT INTO articulo (idarticulo, idsku, codigo, costo, idpedido, idestadoarticulo, idsucursal) VALUES (350, 2, '727-15-0925', 3000, 20, 3, 1);
INSERT INTO articulo (idarticulo, idsku, codigo, costo, idpedido, idestadoarticulo, idsucursal) VALUES (1959, 9, '788-37-2793', 8000, 18, 3, null);
INSERT INTO articulo (idarticulo, idsku, codigo, costo, idpedido, idestadoarticulo, idsucursal) VALUES (106, 4, '764-34-4432', 9000, 19, 3, 2);
INSERT INTO articulo (idarticulo, idsku, codigo, costo, idpedido, idestadoarticulo, idsucursal) VALUES (1916, 9, '766-64-0160', 1000, 26, 3, null);
INSERT INTO articulo (idarticulo, idsku, codigo, costo, idpedido, idestadoarticulo, idsucursal) VALUES (1913, 14, '856-44-6763', 7000, 20, 3, null);
INSERT INTO articulo (idarticulo, idsku, codigo, costo, idpedido, idestadoarticulo, idsucursal) VALUES (2000, 10, '268-67-6520', 7500, 23, 3, null);
INSERT INTO articulo (idarticulo, idsku, codigo, costo, idpedido, idestadoarticulo, idsucursal) VALUES (1986, 19, '590-73-3248', 7000, 7, 3, null);
INSERT INTO articulo (idarticulo, idsku, codigo, costo, idpedido, idestadoarticulo, idsucursal) VALUES (14, 6, '700-10-4433', 8500, 11, 1, 1);
INSERT INTO articulo (idarticulo, idsku, codigo, costo, idpedido, idestadoarticulo, idsucursal) VALUES (66, 6, '819-13-0570', 9500, 17, 1, 1);
INSERT INTO articulo (idarticulo, idsku, codigo, costo, idpedido, idestadoarticulo, idsucursal) VALUES (101, 6, '613-73-0487', 7500, 5, 1, 1);
INSERT INTO articulo (idarticulo, idsku, codigo, costo, idpedido, idestadoarticulo, idsucursal) VALUES (115, 6, '260-09-6196', 1000, 27, 1, 1);
INSERT INTO articulo (idarticulo, idsku, codigo, costo, idpedido, idestadoarticulo, idsucursal) VALUES (193, 6, '645-61-0593', 1500, 8, 1, 1);
INSERT INTO articulo (idarticulo, idsku, codigo, costo, idpedido, idestadoarticulo, idsucursal) VALUES (21, 7, '098-66-9582', 1500, 23, 1, 1);
INSERT INTO articulo (idarticulo, idsku, codigo, costo, idpedido, idestadoarticulo, idsucursal) VALUES (24, 7, '480-77-1682', 6000, 21, 1, 1);
INSERT INTO articulo (idarticulo, idsku, codigo, costo, idpedido, idestadoarticulo, idsucursal) VALUES (56, 7, '204-01-9454', 500, 2, 1, 1);
INSERT INTO articulo (idarticulo, idsku, codigo, costo, idpedido, idestadoarticulo, idsucursal) VALUES (126, 7, '226-74-7191', 2500, 8, 1, 1);
INSERT INTO articulo (idarticulo, idsku, codigo, costo, idpedido, idestadoarticulo, idsucursal) VALUES (172, 7, '261-33-7420', 5500, 1, 1, 2);
INSERT INTO articulo (idarticulo, idsku, codigo, costo, idpedido, idestadoarticulo, idsucursal) VALUES (231, 7, '680-63-2381', 5500, 23, 1, 2);
INSERT INTO articulo (idarticulo, idsku, codigo, costo, idpedido, idestadoarticulo, idsucursal) VALUES (245, 7, '254-40-3799', 500, 1, 1, 2);
INSERT INTO articulo (idarticulo, idsku, codigo, costo, idpedido, idestadoarticulo, idsucursal) VALUES (278, 7, '552-09-5557', 500, 28, 1, 2);
INSERT INTO articulo (idarticulo, idsku, codigo, costo, idpedido, idestadoarticulo, idsucursal) VALUES (296, 7, '287-44-5843', 8500, 28, 1, 2);
INSERT INTO articulo (idarticulo, idsku, codigo, costo, idpedido, idestadoarticulo, idsucursal) VALUES (1, 8, '394-15-7155', 8500, 23, 1, 2);
INSERT INTO articulo (idarticulo, idsku, codigo, costo, idpedido, idestadoarticulo, idsucursal) VALUES (61, 8, '755-22-9032', 1000, 24, 1, 2);
INSERT INTO articulo (idarticulo, idsku, codigo, costo, idpedido, idestadoarticulo, idsucursal) VALUES (71, 8, '382-85-6015', 7500, 11, 1, 2);
INSERT INTO articulo (idarticulo, idsku, codigo, costo, idpedido, idestadoarticulo, idsucursal) VALUES (72, 8, '485-67-7621', 4500, 4, 1, 2);
INSERT INTO articulo (idarticulo, idsku, codigo, costo, idpedido, idestadoarticulo, idsucursal) VALUES (111, 8, '585-59-5490', 500, 17, 1, 2);
INSERT INTO articulo (idarticulo, idsku, codigo, costo, idpedido, idestadoarticulo, idsucursal) VALUES (113, 8, '268-14-5692', 6000, 23, 1, 2);
INSERT INTO articulo (idarticulo, idsku, codigo, costo, idpedido, idestadoarticulo, idsucursal) VALUES (4, 9, '398-56-3626', 5500, 24, 1, 2);
INSERT INTO articulo (idarticulo, idsku, codigo, costo, idpedido, idestadoarticulo, idsucursal) VALUES (12, 9, '705-56-4219', 7000, 26, 1, 2);
INSERT INTO articulo (idarticulo, idsku, codigo, costo, idpedido, idestadoarticulo, idsucursal) VALUES (77, 9, '251-33-7426', 2500, 29, 1, 2);
INSERT INTO articulo (idarticulo, idsku, codigo, costo, idpedido, idestadoarticulo, idsucursal) VALUES (82, 9, '323-31-6340', 8000, 27, 1, 2);
INSERT INTO articulo (idarticulo, idsku, codigo, costo, idpedido, idestadoarticulo, idsucursal) VALUES (95, 9, '870-18-8770', 9500, 24, 1, 2);
INSERT INTO articulo (idarticulo, idsku, codigo, costo, idpedido, idestadoarticulo, idsucursal) VALUES (118, 9, '793-56-8320', 500, 5, 1, 2);
INSERT INTO articulo (idarticulo, idsku, codigo, costo, idpedido, idestadoarticulo, idsucursal) VALUES (30, 10, '321-87-9047', 4500, 8, 1, 2);
INSERT INTO articulo (idarticulo, idsku, codigo, costo, idpedido, idestadoarticulo, idsucursal) VALUES (44, 10, '071-33-5801', 7000, 24, 1, 2);
INSERT INTO articulo (idarticulo, idsku, codigo, costo, idpedido, idestadoarticulo, idsucursal) VALUES (51, 10, '595-54-4961', 6000, 2, 1, 2);
INSERT INTO articulo (idarticulo, idsku, codigo, costo, idpedido, idestadoarticulo, idsucursal) VALUES (62, 10, '454-24-1941', 1500, 11, 1, 2);
INSERT INTO articulo (idarticulo, idsku, codigo, costo, idpedido, idestadoarticulo, idsucursal) VALUES (5, 11, '632-07-1703', 5000, 15, 1, 2);
INSERT INTO articulo (idarticulo, idsku, codigo, costo, idpedido, idestadoarticulo, idsucursal) VALUES (37, 11, '540-63-1602', 9000, 28, 1, 2);
INSERT INTO articulo (idarticulo, idsku, codigo, costo, idpedido, idestadoarticulo, idsucursal) VALUES (38, 11, '486-54-4243', 7500, 23, 1, 2);
INSERT INTO articulo (idarticulo, idsku, codigo, costo, idpedido, idestadoarticulo, idsucursal) VALUES (63, 11, '478-48-4435', 9500, 16, 1, 2);
INSERT INTO articulo (idarticulo, idsku, codigo, costo, idpedido, idestadoarticulo, idsucursal) VALUES (64, 11, '117-58-6720', 1000, 29, 1, 2);
INSERT INTO articulo (idarticulo, idsku, codigo, costo, idpedido, idestadoarticulo, idsucursal) VALUES (85, 11, '532-80-3241', 3000, 27, 1, 2);
INSERT INTO articulo (idarticulo, idsku, codigo, costo, idpedido, idestadoarticulo, idsucursal) VALUES (50, 12, '863-53-6180', 4500, 24, 1, 3);
INSERT INTO articulo (idarticulo, idsku, codigo, costo, idpedido, idestadoarticulo, idsucursal) VALUES (53, 12, '439-11-1649', 6500, 19, 1, 3);
INSERT INTO articulo (idarticulo, idsku, codigo, costo, idpedido, idestadoarticulo, idsucursal) VALUES (54, 12, '639-15-9656', 2000, 26, 1, 3);
INSERT INTO articulo (idarticulo, idsku, codigo, costo, idpedido, idestadoarticulo, idsucursal) VALUES (119, 12, '885-29-2984', 8000, 27, 1, 3);
INSERT INTO articulo (idarticulo, idsku, codigo, costo, idpedido, idestadoarticulo, idsucursal) VALUES (152, 12, '023-39-5884', 9500, 20, 1, 3);
INSERT INTO articulo (idarticulo, idsku, codigo, costo, idpedido, idestadoarticulo, idsucursal) VALUES (17, 13, '773-51-0710', 3000, 17, 1, 1);
INSERT INTO articulo (idarticulo, idsku, codigo, costo, idpedido, idestadoarticulo, idsucursal) VALUES (22, 13, '379-51-4504', 4000, 20, 1, 1);
INSERT INTO articulo (idarticulo, idsku, codigo, costo, idpedido, idestadoarticulo, idsucursal) VALUES (33, 13, '002-63-2499', 8000, 29, 1, 1);
INSERT INTO articulo (idarticulo, idsku, codigo, costo, idpedido, idestadoarticulo, idsucursal) VALUES (45, 13, '790-54-3029', 1500, 25, 1, 1);
INSERT INTO articulo (idarticulo, idsku, codigo, costo, idpedido, idestadoarticulo, idsucursal) VALUES (75, 13, '552-74-5589', 500, 24, 1, 1);
INSERT INTO articulo (idarticulo, idsku, codigo, costo, idpedido, idestadoarticulo, idsucursal) VALUES (92, 13, '249-27-8356', 3500, 28, 1, 1);
INSERT INTO articulo (idarticulo, idsku, codigo, costo, idpedido, idestadoarticulo, idsucursal) VALUES (9, 14, '315-32-4106', 3500, 19, 1, 1);
INSERT INTO articulo (idarticulo, idsku, codigo, costo, idpedido, idestadoarticulo, idsucursal) VALUES (39, 14, '195-93-2809', 3500, 14, 1, 1);
INSERT INTO articulo (idarticulo, idsku, codigo, costo, idpedido, idestadoarticulo, idsucursal) VALUES (60, 14, '356-30-8857', 8000, 24, 1, 1);
INSERT INTO articulo (idarticulo, idsku, codigo, costo, idpedido, idestadoarticulo, idsucursal) VALUES (94, 14, '453-21-7762', 4500, 22, 1, 1);
INSERT INTO articulo (idarticulo, idsku, codigo, costo, idpedido, idestadoarticulo, idsucursal) VALUES (6, 15, '284-21-2503', 3500, 24, 1, 1);
INSERT INTO articulo (idarticulo, idsku, codigo, costo, idpedido, idestadoarticulo, idsucursal) VALUES (25, 15, '397-60-3108', 8500, 19, 1, 1);
INSERT INTO articulo (idarticulo, idsku, codigo, costo, idpedido, idestadoarticulo, idsucursal) VALUES (26, 15, '055-25-1399', 1500, 21, 1, 1);
INSERT INTO articulo (idarticulo, idsku, codigo, costo, idpedido, idestadoarticulo, idsucursal) VALUES (27, 15, '074-90-3495', 6500, 13, 1, 1);
INSERT INTO articulo (idarticulo, idsku, codigo, costo, idpedido, idestadoarticulo, idsucursal) VALUES (175, 15, '354-29-6361', 1000, 17, 1, 1);
INSERT INTO articulo (idarticulo, idsku, codigo, costo, idpedido, idestadoarticulo, idsucursal) VALUES (36, 16, '131-88-7338', 1500, 17, 1, 1);
INSERT INTO articulo (idarticulo, idsku, codigo, costo, idpedido, idestadoarticulo, idsucursal) VALUES (109, 16, '644-82-1341', 8000, 23, 1, 1);
INSERT INTO articulo (idarticulo, idsku, codigo, costo, idpedido, idestadoarticulo, idsucursal) VALUES (112, 16, '751-97-4949', 5500, 14, 1, 1);
INSERT INTO articulo (idarticulo, idsku, codigo, costo, idpedido, idestadoarticulo, idsucursal) VALUES (122, 16, '081-64-9727', 3000, 25, 1, 1);
INSERT INTO articulo (idarticulo, idsku, codigo, costo, idpedido, idestadoarticulo, idsucursal) VALUES (189, 16, '801-33-4246', 2000, 23, 1, 1);
INSERT INTO articulo (idarticulo, idsku, codigo, costo, idpedido, idestadoarticulo, idsucursal) VALUES (222, 16, '428-41-3950', 6000, 3, 1, 1);
INSERT INTO articulo (idarticulo, idsku, codigo, costo, idpedido, idestadoarticulo, idsucursal) VALUES (11, 17, '050-06-1361', 5000, 14, 1, 2);
INSERT INTO articulo (idarticulo, idsku, codigo, costo, idpedido, idestadoarticulo, idsucursal) VALUES (13, 17, '461-24-0373', 6500, 23, 1, 2);
INSERT INTO articulo (idarticulo, idsku, codigo, costo, idpedido, idestadoarticulo, idsucursal) VALUES (43, 17, '691-35-3816', 3000, 30, 1, 2);
INSERT INTO articulo (idarticulo, idsku, codigo, costo, idpedido, idestadoarticulo, idsucursal) VALUES (69, 17, '824-47-3328', 6500, 25, 1, 2);
INSERT INTO articulo (idarticulo, idsku, codigo, costo, idpedido, idestadoarticulo, idsucursal) VALUES (132, 17, '114-74-9869', 4500, 6, 1, 2);
INSERT INTO articulo (idarticulo, idsku, codigo, costo, idpedido, idestadoarticulo, idsucursal) VALUES (40, 18, '125-34-7268', 9500, 28, 1, 1);
INSERT INTO articulo (idarticulo, idsku, codigo, costo, idpedido, idestadoarticulo, idsucursal) VALUES (121, 18, '111-24-3488', 1000, 27, 1, 1);
INSERT INTO articulo (idarticulo, idsku, codigo, costo, idpedido, idestadoarticulo, idsucursal) VALUES (140, 18, '394-21-4767', 5000, 17, 1, 1);
INSERT INTO articulo (idarticulo, idsku, codigo, costo, idpedido, idestadoarticulo, idsucursal) VALUES (146, 18, '814-37-4789', 500, 15, 1, 1);
INSERT INTO articulo (idarticulo, idsku, codigo, costo, idpedido, idestadoarticulo, idsucursal) VALUES (161, 18, '409-67-7167', 9500, 29, 1, 1);
INSERT INTO articulo (idarticulo, idsku, codigo, costo, idpedido, idestadoarticulo, idsucursal) VALUES (247, 18, '474-47-9422', 9000, 20, 1, 3);
INSERT INTO articulo (idarticulo, idsku, codigo, costo, idpedido, idestadoarticulo, idsucursal) VALUES (259, 18, '778-12-7206', 3500, 24, 1, 3);
INSERT INTO articulo (idarticulo, idsku, codigo, costo, idpedido, idestadoarticulo, idsucursal) VALUES (311, 18, '820-77-6249', 5500, 18, 1, 3);
INSERT INTO articulo (idarticulo, idsku, codigo, costo, idpedido, idestadoarticulo, idsucursal) VALUES (341, 18, '786-80-6438', 500, 13, 1, 3);
INSERT INTO articulo (idarticulo, idsku, codigo, costo, idpedido, idestadoarticulo, idsucursal) VALUES (86, 19, '219-57-2428', 2500, 17, 1, 1);
INSERT INTO articulo (idarticulo, idsku, codigo, costo, idpedido, idestadoarticulo, idsucursal) VALUES (90, 19, '009-90-3854', 7500, 20, 1, 1);
INSERT INTO articulo (idarticulo, idsku, codigo, costo, idpedido, idestadoarticulo, idsucursal) VALUES (156, 19, '597-39-4671', 4500, 21, 1, 1);
INSERT INTO articulo (idarticulo, idsku, codigo, costo, idpedido, idestadoarticulo, idsucursal) VALUES (160, 19, '390-06-2136', 4000, 7, 1, 1);
INSERT INTO articulo (idarticulo, idsku, codigo, costo, idpedido, idestadoarticulo, idsucursal) VALUES (48, 20, '885-92-8935', 1000, 22, 1, 2);
INSERT INTO articulo (idarticulo, idsku, codigo, costo, idpedido, idestadoarticulo, idsucursal) VALUES (57, 20, '554-93-9336', 6500, 8, 1, 2);
INSERT INTO articulo (idarticulo, idsku, codigo, costo, idpedido, idestadoarticulo, idsucursal) VALUES (65, 20, '724-75-9239', 7000, 24, 1, 2);
INSERT INTO articulo (idarticulo, idsku, codigo, costo, idpedido, idestadoarticulo, idsucursal) VALUES (81, 20, '255-16-9735', 2000, 28, 1, 2);
INSERT INTO articulo (idarticulo, idsku, codigo, costo, idpedido, idestadoarticulo, idsucursal) VALUES (83, 20, '448-30-4846', 5500, 11, 1, 2);
INSERT INTO articulo (idarticulo, idsku, codigo, costo, idpedido, idestadoarticulo, idsucursal) VALUES (138, 20, '789-19-7842', 1000, 22, 1, 2);
INSERT INTO articulo (idarticulo, idsku, codigo, costo, idpedido, idestadoarticulo, idsucursal) VALUES (97, 21, '470-56-0833', 5000, 14, 1, 2);
INSERT INTO articulo (idarticulo, idsku, codigo, costo, idpedido, idestadoarticulo, idsucursal) VALUES (114, 21, '304-78-9664', 1000, 2, 1, 2);
INSERT INTO articulo (idarticulo, idsku, codigo, costo, idpedido, idestadoarticulo, idsucursal) VALUES (154, 21, '250-71-1525', 9500, 22, 1, 2);
INSERT INTO articulo (idarticulo, idsku, codigo, costo, idpedido, idestadoarticulo, idsucursal) VALUES (173, 21, '406-94-1399', 6000, 5, 1, 2);
INSERT INTO articulo (idarticulo, idsku, codigo, costo, idpedido, idestadoarticulo, idsucursal) VALUES (200, 21, '616-84-9904', 4500, 14, 1, 2);
INSERT INTO articulo (idarticulo, idsku, codigo, costo, idpedido, idestadoarticulo, idsucursal) VALUES (19, 22, '751-85-1056', 6000, 9, 1, 2);
INSERT INTO articulo (idarticulo, idsku, codigo, costo, idpedido, idestadoarticulo, idsucursal) VALUES (29, 22, '873-77-6286', 9500, 16, 1, 2);
INSERT INTO articulo (idarticulo, idsku, codigo, costo, idpedido, idestadoarticulo, idsucursal) VALUES (99, 22, '135-63-4934', 9000, 21, 1, 2);
INSERT INTO articulo (idarticulo, idsku, codigo, costo, idpedido, idestadoarticulo, idsucursal) VALUES (184, 22, '404-23-1177', 1000, 6, 1, 2);
INSERT INTO articulo (idarticulo, idsku, codigo, costo, idpedido, idestadoarticulo, idsucursal) VALUES (28, 23, '420-85-1427', 9500, 12, 1, 3);
INSERT INTO articulo (idarticulo, idsku, codigo, costo, idpedido, idestadoarticulo, idsucursal) VALUES (42, 23, '669-85-8187', 4000, 2, 1, 3);
INSERT INTO articulo (idarticulo, idsku, codigo, costo, idpedido, idestadoarticulo, idsucursal) VALUES (80, 23, '493-92-2021', 1500, 29, 1, 3);
INSERT INTO articulo (idarticulo, idsku, codigo, costo, idpedido, idestadoarticulo, idsucursal) VALUES (87, 23, '522-38-9456', 5000, 21, 1, 3);
INSERT INTO articulo (idarticulo, idsku, codigo, costo, idpedido, idestadoarticulo, idsucursal) VALUES (211, 7, '138-92-7981', 2000, 30, 3, 2);
INSERT INTO articulo (idarticulo, idsku, codigo, costo, idpedido, idestadoarticulo, idsucursal) VALUES (15, 14, '762-50-4719', 4000, 24, 3, 1);
INSERT INTO articulo (idarticulo, idsku, codigo, costo, idpedido, idestadoarticulo, idsucursal) VALUES (148, 6, '671-51-3261', 6500, 13, 3, 1);
INSERT INTO articulo (idarticulo, idsku, codigo, costo, idpedido, idestadoarticulo, idsucursal) VALUES (91, 17, '073-14-8326', 2500, 10, 3, 2);
INSERT INTO articulo (idarticulo, idsku, codigo, costo, idpedido, idestadoarticulo, idsucursal) VALUES (58, 10, '116-14-2431', 6000, 28, 3, 2);
INSERT INTO articulo (idarticulo, idsku, codigo, costo, idpedido, idestadoarticulo, idsucursal) VALUES (70, 23, '480-22-5151', 7000, 18, 3, 3);
INSERT INTO articulo (idarticulo, idsku, codigo, costo, idpedido, idestadoarticulo, idsucursal) VALUES (110, 7, '134-13-0714', 2000, 17, 3, 1);
INSERT INTO articulo (idarticulo, idsku, codigo, costo, idpedido, idestadoarticulo, idsucursal) VALUES (107, 7, '068-12-6637', 7000, 13, 3, 1);
INSERT INTO articulo (idarticulo, idsku, codigo, costo, idpedido, idestadoarticulo, idsucursal) VALUES (3, 10, '458-87-0409', 2500, 21, 3, 2);
INSERT INTO articulo (idarticulo, idsku, codigo, costo, idpedido, idestadoarticulo, idsucursal) VALUES (355, 18, '363-71-4250', 3500, 18, 3, 3);
INSERT INTO articulo (idarticulo, idsku, codigo, costo, idpedido, idestadoarticulo, idsucursal) VALUES (23, 19, '109-88-1069', 3000, 19, 3, 1);
INSERT INTO articulo (idarticulo, idsku, codigo, costo, idpedido, idestadoarticulo, idsucursal) VALUES (41, 14, '691-19-1475', 9500, 22, 3, 1);
INSERT INTO articulo (idarticulo, idsku, codigo, costo, idpedido, idestadoarticulo, idsucursal) VALUES (164, 18, '370-55-7944', 7000, 18, 3, 3);
INSERT INTO articulo (idarticulo, idsku, codigo, costo, idpedido, idestadoarticulo, idsucursal) VALUES (31, 15, '597-37-7049', 8000, 17, 3, 1);
INSERT INTO articulo (idarticulo, idsku, codigo, costo, idpedido, idestadoarticulo, idsucursal) VALUES (59, 22, '675-17-3458', 4000, 15, 3, 2);
INSERT INTO articulo (idarticulo, idsku, codigo, costo, idpedido, idestadoarticulo, idsucursal) VALUES (74, 21, '293-94-5722', 8500, 1, 3, 2);
INSERT INTO articulo (idarticulo, idsku, codigo, costo, idpedido, idestadoarticulo, idsucursal) VALUES (135, 23, '359-27-8045', 7500, 30, 1, 3);
INSERT INTO articulo (idarticulo, idsku, codigo, costo, idpedido, idestadoarticulo, idsucursal) VALUES (10, 24, '186-88-8230', 6000, 12, 1, 1);
INSERT INTO articulo (idarticulo, idsku, codigo, costo, idpedido, idestadoarticulo, idsucursal) VALUES (20, 24, '162-50-6257', 8000, 15, 1, 1);
INSERT INTO articulo (idarticulo, idsku, codigo, costo, idpedido, idestadoarticulo, idsucursal) VALUES (68, 24, '303-29-5166', 6000, 30, 1, 1);
INSERT INTO articulo (idarticulo, idsku, codigo, costo, idpedido, idestadoarticulo, idsucursal) VALUES (185, 24, '646-56-6886', 2500, 14, 1, 1);
INSERT INTO articulo (idarticulo, idsku, codigo, costo, idpedido, idestadoarticulo, idsucursal) VALUES (256, 24, '122-28-8232', 2000, 23, 1, 1);
INSERT INTO articulo (idarticulo, idsku, codigo, costo, idpedido, idestadoarticulo, idsucursal) VALUES (527, 10, '629-28-0410', 7000, 11, 3, null);
INSERT INTO articulo (idarticulo, idsku, codigo, costo, idpedido, idestadoarticulo, idsucursal) VALUES (566, 6, '780-05-3357', 8000, 12, 3, null);
INSERT INTO articulo (idarticulo, idsku, codigo, costo, idpedido, idestadoarticulo, idsucursal) VALUES (670, 9, '251-49-3712', 5000, 30, 3, null);
INSERT INTO articulo (idarticulo, idsku, codigo, costo, idpedido, idestadoarticulo, idsucursal) VALUES (47, 24, '592-19-0278', 7000, 24, 3, 1);
INSERT INTO articulo (idarticulo, idsku, codigo, costo, idpedido, idestadoarticulo, idsucursal) VALUES (899, 10, '640-98-7741', 6000, 2, 3, null);
INSERT INTO articulo (idarticulo, idsku, codigo, costo, idpedido, idestadoarticulo, idsucursal) VALUES (926, 24, '160-87-0416', 2500, 28, 3, null);
INSERT INTO articulo (idarticulo, idsku, codigo, costo, idpedido, idestadoarticulo, idsucursal) VALUES (1315, 12, '022-65-1941', 8500, 18, 3, null);
INSERT INTO articulo (idarticulo, idsku, codigo, costo, idpedido, idestadoarticulo, idsucursal) VALUES (872, 5, '133-25-8871', 7000, 13, 3, null);
INSERT INTO articulo (idarticulo, idsku, codigo, costo, idpedido, idestadoarticulo, idsucursal) VALUES (716, 16, '092-19-3188', 2500, 1, 3, null);
INSERT INTO articulo (idarticulo, idsku, codigo, costo, idpedido, idestadoarticulo, idsucursal) VALUES (821, 11, '123-56-9230', 5000, 28, 3, null);
INSERT INTO articulo (idarticulo, idsku, codigo, costo, idpedido, idestadoarticulo, idsucursal) VALUES (1359, 3, '314-53-7170', 4500, 20, 3, null);
INSERT INTO articulo (idarticulo, idsku, codigo, costo, idpedido, idestadoarticulo, idsucursal) VALUES (460, 6, '140-05-9570', 1500, 25, 3, null);
SET IDENTITY_INSERT articulo OFF

INSERT INTO sucursalsku (idsucursal, idsku) VALUES (2, 1);
INSERT INTO sucursalsku (idsucursal, idsku) VALUES (2, 2);
INSERT INTO sucursalsku (idsucursal, idsku) VALUES (1, 2);
INSERT INTO sucursalsku (idsucursal, idsku) VALUES (3, 3);
INSERT INTO sucursalsku (idsucursal, idsku) VALUES (2, 4);
INSERT INTO sucursalsku (idsucursal, idsku) VALUES (2, 5);
INSERT INTO sucursalsku (idsucursal, idsku) VALUES (1, 6);
INSERT INTO sucursalsku (idsucursal, idsku) VALUES (1, 7);
INSERT INTO sucursalsku (idsucursal, idsku) VALUES (2, 7);
INSERT INTO sucursalsku (idsucursal, idsku) VALUES (2, 8);
INSERT INTO sucursalsku (idsucursal, idsku) VALUES (2, 9);
INSERT INTO sucursalsku (idsucursal, idsku) VALUES (2, 10);
INSERT INTO sucursalsku (idsucursal, idsku) VALUES (2, 11);
INSERT INTO sucursalsku (idsucursal, idsku) VALUES (3, 12);
INSERT INTO sucursalsku (idsucursal, idsku) VALUES (1, 13);
INSERT INTO sucursalsku (idsucursal, idsku) VALUES (1, 14);
INSERT INTO sucursalsku (idsucursal, idsku) VALUES (1, 15);
INSERT INTO sucursalsku (idsucursal, idsku) VALUES (1, 16);
INSERT INTO sucursalsku (idsucursal, idsku) VALUES (2, 17);
INSERT INTO sucursalsku (idsucursal, idsku) VALUES (1, 18);
INSERT INTO sucursalsku (idsucursal, idsku) VALUES (3, 18);
INSERT INTO sucursalsku (idsucursal, idsku) VALUES (1, 19);
INSERT INTO sucursalsku (idsucursal, idsku) VALUES (2, 20);
INSERT INTO sucursalsku (idsucursal, idsku) VALUES (2, 21);
INSERT INTO sucursalsku (idsucursal, idsku) VALUES (2, 22);
INSERT INTO sucursalsku (idsucursal, idsku) VALUES (3, 23);
INSERT INTO sucursalsku (idsucursal, idsku) VALUES (1, 24);

SET IDENTITY_INSERT camion ON
INSERT INTO camion (idcamion, placa, marca, idestado) VALUES (1, 'INE-437', 'Volvo', 2);
INSERT INTO camion (idcamion, placa, marca, idestado) VALUES (2, 'OLK-7679', 'Volvo', 1);
INSERT INTO camion (idcamion, placa, marca, idestado) VALUES (3, 'YLU-1103', 'Mercedes-Benz', 1);
INSERT INTO camion (idcamion, placa, marca, idestado) VALUES (4, 'JRR-898', 'Hyundai', 2);
INSERT INTO camion (idcamion, placa, marca, idestado) VALUES (5, 'KOF-2634', 'Kenworth', 1);
INSERT INTO camion (idcamion, placa, marca, idestado) VALUES (6, '8ZHZ618', 'Volvo', 2);
INSERT INTO camion (idcamion, placa, marca, idestado) VALUES (7, 'LQP-201', 'Hyundai', 2);
INSERT INTO camion (idcamion, placa, marca, idestado) VALUES (8, '2EGB246', 'Hyundai', 2);
INSERT INTO camion (idcamion, placa, marca, idestado) VALUES (9, '5ZXA541', 'Volvo', 2);
INSERT INTO camion (idcamion, placa, marca, idestado) VALUES (10, 'VGL-141', 'Volvo', 2);
INSERT INTO camion (idcamion, placa, marca, idestado) VALUES (11, 'FKS-943', 'Kenworth', 2);
INSERT INTO camion (idcamion, placa, marca, idestado) VALUES (12, 'FSG-338', 'International', 2);
INSERT INTO camion (idcamion, placa, marca, idestado) VALUES (13, '7UQM823', 'Freightliner', 2);
INSERT INTO camion (idcamion, placa, marca, idestado) VALUES (14, 'OFF-301', 'Volvo', 2);
INSERT INTO camion (idcamion, placa, marca, idestado) VALUES (15, '2XZN116', 'Mercedes-Benz', 1);
INSERT INTO camion (idcamion, placa, marca, idestado) VALUES (16, 'FFM-535', 'Freightliner', 2);
INSERT INTO camion (idcamion, placa, marca, idestado) VALUES (17, 'MSX-1098', 'Kenworth', 1);
INSERT INTO camion (idcamion, placa, marca, idestado) VALUES (18, '5III933', 'Hyundai', 1);
INSERT INTO camion (idcamion, placa, marca, idestado) VALUES (19, 'YNW-8112', 'Freightliner', 2);
INSERT INTO camion (idcamion, placa, marca, idestado) VALUES (20, '3GBB596', 'Volvo', 2);
SET IDENTITY_INSERT camion OFF

SET IDENTITY_INSERT envio ON
INSERT INTO envio (idenvio, idcamion, idencargado, idsucursal, fecha) VALUES (1, 18, 6, 1, '2019-11-07');
INSERT INTO envio (idenvio, idcamion, idencargado, idsucursal, fecha) VALUES (2, 5, 12, 2, '2019-11-07');
INSERT INTO envio (idenvio, idcamion, idencargado, idsucursal, fecha) VALUES (3, 17, 9, 3, '2019-11-07');
SET IDENTITY_INSERT envio OFF

INSERT INTO enviopaquete (idenvio, idarticulo) VALUES (2, 67);
INSERT INTO enviopaquete (idenvio, idarticulo) VALUES (2, 76);
INSERT INTO enviopaquete (idenvio, idarticulo) VALUES (2, 79);
INSERT INTO enviopaquete (idenvio, idarticulo) VALUES (2, 88);
INSERT INTO enviopaquete (idenvio, idarticulo) VALUES (2, 93);
INSERT INTO enviopaquete (idenvio, idarticulo) VALUES (2, 124);
INSERT INTO enviopaquete (idenvio, idarticulo) VALUES (2, 32);
INSERT INTO enviopaquete (idenvio, idarticulo) VALUES (2, 143);
INSERT INTO enviopaquete (idenvio, idarticulo) VALUES (2, 166);
INSERT INTO enviopaquete (idenvio, idarticulo) VALUES (2, 265);
INSERT INTO enviopaquete (idenvio, idarticulo) VALUES (2, 274);
INSERT INTO enviopaquete (idenvio, idarticulo) VALUES (2, 276);
INSERT INTO enviopaquete (idenvio, idarticulo) VALUES (1, 305);
INSERT INTO enviopaquete (idenvio, idarticulo) VALUES (1, 340);
INSERT INTO enviopaquete (idenvio, idarticulo) VALUES (1, 350);
INSERT INTO enviopaquete (idenvio, idarticulo) VALUES (1, 394);
INSERT INTO enviopaquete (idenvio, idarticulo) VALUES (1, 401);
INSERT INTO enviopaquete (idenvio, idarticulo) VALUES (1, 408);
INSERT INTO enviopaquete (idenvio, idarticulo) VALUES (3, 34);
INSERT INTO enviopaquete (idenvio, idarticulo) VALUES (3, 78);
INSERT INTO enviopaquete (idenvio, idarticulo) VALUES (3, 96);
INSERT INTO enviopaquete (idenvio, idarticulo) VALUES (3, 105);
INSERT INTO enviopaquete (idenvio, idarticulo) VALUES (3, 116);
INSERT INTO enviopaquete (idenvio, idarticulo) VALUES (3, 150);
INSERT INTO enviopaquete (idenvio, idarticulo) VALUES (2, 7);
INSERT INTO enviopaquete (idenvio, idarticulo) VALUES (2, 8);
INSERT INTO enviopaquete (idenvio, idarticulo) VALUES (2, 18);
INSERT INTO enviopaquete (idenvio, idarticulo) VALUES (2, 84);
INSERT INTO enviopaquete (idenvio, idarticulo) VALUES (2, 100);
INSERT INTO enviopaquete (idenvio, idarticulo) VALUES (2, 106);
INSERT INTO enviopaquete (idenvio, idarticulo) VALUES (2, 2);
INSERT INTO enviopaquete (idenvio, idarticulo) VALUES (2, 16);
INSERT INTO enviopaquete (idenvio, idarticulo) VALUES (2, 52);
INSERT INTO enviopaquete (idenvio, idarticulo) VALUES (2, 55);
INSERT INTO enviopaquete (idenvio, idarticulo) VALUES (2, 144);
INSERT INTO enviopaquete (idenvio, idarticulo) VALUES (2, 157);
INSERT INTO enviopaquete (idenvio, idarticulo) VALUES (1, 14);
INSERT INTO enviopaquete (idenvio, idarticulo) VALUES (1, 66);
INSERT INTO enviopaquete (idenvio, idarticulo) VALUES (1, 101);
INSERT INTO enviopaquete (idenvio, idarticulo) VALUES (1, 115);
INSERT INTO enviopaquete (idenvio, idarticulo) VALUES (1, 148);
INSERT INTO enviopaquete (idenvio, idarticulo) VALUES (1, 193);
INSERT INTO enviopaquete (idenvio, idarticulo) VALUES (1, 21);
INSERT INTO enviopaquete (idenvio, idarticulo) VALUES (1, 24);
INSERT INTO enviopaquete (idenvio, idarticulo) VALUES (1, 56);
INSERT INTO enviopaquete (idenvio, idarticulo) VALUES (1, 107);
INSERT INTO enviopaquete (idenvio, idarticulo) VALUES (1, 110);
INSERT INTO enviopaquete (idenvio, idarticulo) VALUES (1, 126);
INSERT INTO enviopaquete (idenvio, idarticulo) VALUES (2, 172);
INSERT INTO enviopaquete (idenvio, idarticulo) VALUES (2, 211);
INSERT INTO enviopaquete (idenvio, idarticulo) VALUES (2, 231);
INSERT INTO enviopaquete (idenvio, idarticulo) VALUES (2, 245);
INSERT INTO enviopaquete (idenvio, idarticulo) VALUES (2, 278);
INSERT INTO enviopaquete (idenvio, idarticulo) VALUES (2, 296);
INSERT INTO enviopaquete (idenvio, idarticulo) VALUES (2, 1);
INSERT INTO enviopaquete (idenvio, idarticulo) VALUES (2, 61);
INSERT INTO enviopaquete (idenvio, idarticulo) VALUES (2, 71);
INSERT INTO enviopaquete (idenvio, idarticulo) VALUES (2, 72);
INSERT INTO enviopaquete (idenvio, idarticulo) VALUES (2, 111);
INSERT INTO enviopaquete (idenvio, idarticulo) VALUES (2, 113);
INSERT INTO enviopaquete (idenvio, idarticulo) VALUES (2, 4);
INSERT INTO enviopaquete (idenvio, idarticulo) VALUES (2, 12);
INSERT INTO enviopaquete (idenvio, idarticulo) VALUES (2, 77);
INSERT INTO enviopaquete (idenvio, idarticulo) VALUES (2, 82);
INSERT INTO enviopaquete (idenvio, idarticulo) VALUES (2, 95);
INSERT INTO enviopaquete (idenvio, idarticulo) VALUES (2, 118);
INSERT INTO enviopaquete (idenvio, idarticulo) VALUES (2, 3);
INSERT INTO enviopaquete (idenvio, idarticulo) VALUES (2, 30);
INSERT INTO enviopaquete (idenvio, idarticulo) VALUES (2, 44);
INSERT INTO enviopaquete (idenvio, idarticulo) VALUES (2, 51);
INSERT INTO enviopaquete (idenvio, idarticulo) VALUES (2, 58);
INSERT INTO enviopaquete (idenvio, idarticulo) VALUES (2, 62);
INSERT INTO enviopaquete (idenvio, idarticulo) VALUES (2, 5);
INSERT INTO enviopaquete (idenvio, idarticulo) VALUES (2, 37);
INSERT INTO enviopaquete (idenvio, idarticulo) VALUES (2, 38);
INSERT INTO enviopaquete (idenvio, idarticulo) VALUES (2, 63);
INSERT INTO enviopaquete (idenvio, idarticulo) VALUES (2, 64);
INSERT INTO enviopaquete (idenvio, idarticulo) VALUES (2, 85);
INSERT INTO enviopaquete (idenvio, idarticulo) VALUES (3, 50);
INSERT INTO enviopaquete (idenvio, idarticulo) VALUES (3, 53);
INSERT INTO enviopaquete (idenvio, idarticulo) VALUES (3, 54);
INSERT INTO enviopaquete (idenvio, idarticulo) VALUES (3, 117);
INSERT INTO enviopaquete (idenvio, idarticulo) VALUES (3, 119);
INSERT INTO enviopaquete (idenvio, idarticulo) VALUES (3, 152);
INSERT INTO enviopaquete (idenvio, idarticulo) VALUES (1, 17);
INSERT INTO enviopaquete (idenvio, idarticulo) VALUES (1, 22);
INSERT INTO enviopaquete (idenvio, idarticulo) VALUES (1, 33);
INSERT INTO enviopaquete (idenvio, idarticulo) VALUES (1, 45);
INSERT INTO enviopaquete (idenvio, idarticulo) VALUES (1, 75);
INSERT INTO enviopaquete (idenvio, idarticulo) VALUES (1, 92);
INSERT INTO enviopaquete (idenvio, idarticulo) VALUES (1, 9);
INSERT INTO enviopaquete (idenvio, idarticulo) VALUES (1, 15);
INSERT INTO enviopaquete (idenvio, idarticulo) VALUES (1, 39);
INSERT INTO enviopaquete (idenvio, idarticulo) VALUES (1, 41);
INSERT INTO enviopaquete (idenvio, idarticulo) VALUES (1, 60);
INSERT INTO enviopaquete (idenvio, idarticulo) VALUES (1, 94);
INSERT INTO enviopaquete (idenvio, idarticulo) VALUES (1, 6);
INSERT INTO enviopaquete (idenvio, idarticulo) VALUES (1, 25);
INSERT INTO enviopaquete (idenvio, idarticulo) VALUES (1, 26);
INSERT INTO enviopaquete (idenvio, idarticulo) VALUES (1, 27);
INSERT INTO enviopaquete (idenvio, idarticulo) VALUES (1, 31);
INSERT INTO enviopaquete (idenvio, idarticulo) VALUES (1, 175);
INSERT INTO enviopaquete (idenvio, idarticulo) VALUES (1, 36);
INSERT INTO enviopaquete (idenvio, idarticulo) VALUES (1, 109);
INSERT INTO enviopaquete (idenvio, idarticulo) VALUES (1, 112);
INSERT INTO enviopaquete (idenvio, idarticulo) VALUES (1, 122);
INSERT INTO enviopaquete (idenvio, idarticulo) VALUES (1, 189);
INSERT INTO enviopaquete (idenvio, idarticulo) VALUES (1, 222);
INSERT INTO enviopaquete (idenvio, idarticulo) VALUES (2, 11);
INSERT INTO enviopaquete (idenvio, idarticulo) VALUES (2, 13);
INSERT INTO enviopaquete (idenvio, idarticulo) VALUES (2, 43);
INSERT INTO enviopaquete (idenvio, idarticulo) VALUES (2, 69);
INSERT INTO enviopaquete (idenvio, idarticulo) VALUES (2, 91);
INSERT INTO enviopaquete (idenvio, idarticulo) VALUES (2, 132);
INSERT INTO enviopaquete (idenvio, idarticulo) VALUES (1, 40);
INSERT INTO enviopaquete (idenvio, idarticulo) VALUES (1, 121);
INSERT INTO enviopaquete (idenvio, idarticulo) VALUES (1, 140);
INSERT INTO enviopaquete (idenvio, idarticulo) VALUES (1, 146);
INSERT INTO enviopaquete (idenvio, idarticulo) VALUES (1, 158);
INSERT INTO enviopaquete (idenvio, idarticulo) VALUES (1, 161);
INSERT INTO enviopaquete (idenvio, idarticulo) VALUES (3, 164);
INSERT INTO enviopaquete (idenvio, idarticulo) VALUES (3, 247);
INSERT INTO enviopaquete (idenvio, idarticulo) VALUES (3, 259);
INSERT INTO enviopaquete (idenvio, idarticulo) VALUES (3, 311);
INSERT INTO enviopaquete (idenvio, idarticulo) VALUES (3, 341);
INSERT INTO enviopaquete (idenvio, idarticulo) VALUES (3, 355);
INSERT INTO enviopaquete (idenvio, idarticulo) VALUES (1, 23);
INSERT INTO enviopaquete (idenvio, idarticulo) VALUES (1, 86);
INSERT INTO enviopaquete (idenvio, idarticulo) VALUES (1, 89);
INSERT INTO enviopaquete (idenvio, idarticulo) VALUES (1, 90);
INSERT INTO enviopaquete (idenvio, idarticulo) VALUES (1, 156);
INSERT INTO enviopaquete (idenvio, idarticulo) VALUES (1, 160);
INSERT INTO enviopaquete (idenvio, idarticulo) VALUES (2, 48);
INSERT INTO enviopaquete (idenvio, idarticulo) VALUES (2, 57);
INSERT INTO enviopaquete (idenvio, idarticulo) VALUES (2, 65);
INSERT INTO enviopaquete (idenvio, idarticulo) VALUES (2, 81);
INSERT INTO enviopaquete (idenvio, idarticulo) VALUES (2, 83);
INSERT INTO enviopaquete (idenvio, idarticulo) VALUES (2, 138);
INSERT INTO enviopaquete (idenvio, idarticulo) VALUES (2, 74);
INSERT INTO enviopaquete (idenvio, idarticulo) VALUES (2, 97);
INSERT INTO enviopaquete (idenvio, idarticulo) VALUES (2, 114);
INSERT INTO enviopaquete (idenvio, idarticulo) VALUES (2, 154);
INSERT INTO enviopaquete (idenvio, idarticulo) VALUES (2, 173);
INSERT INTO enviopaquete (idenvio, idarticulo) VALUES (2, 200);
INSERT INTO enviopaquete (idenvio, idarticulo) VALUES (2, 19);
INSERT INTO enviopaquete (idenvio, idarticulo) VALUES (2, 29);
INSERT INTO enviopaquete (idenvio, idarticulo) VALUES (2, 59);
INSERT INTO enviopaquete (idenvio, idarticulo) VALUES (2, 99);
INSERT INTO enviopaquete (idenvio, idarticulo) VALUES (2, 184);
INSERT INTO enviopaquete (idenvio, idarticulo) VALUES (2, 243);
INSERT INTO enviopaquete (idenvio, idarticulo) VALUES (3, 28);
INSERT INTO enviopaquete (idenvio, idarticulo) VALUES (3, 42);
INSERT INTO enviopaquete (idenvio, idarticulo) VALUES (3, 70);
INSERT INTO enviopaquete (idenvio, idarticulo) VALUES (3, 80);
INSERT INTO enviopaquete (idenvio, idarticulo) VALUES (3, 87);
INSERT INTO enviopaquete (idenvio, idarticulo) VALUES (3, 135);
INSERT INTO enviopaquete (idenvio, idarticulo) VALUES (1, 10);
INSERT INTO enviopaquete (idenvio, idarticulo) VALUES (1, 20);
INSERT INTO enviopaquete (idenvio, idarticulo) VALUES (1, 47);
INSERT INTO enviopaquete (idenvio, idarticulo) VALUES (1, 68);
INSERT INTO enviopaquete (idenvio, idarticulo) VALUES (1, 185);
INSERT INTO enviopaquete (idenvio, idarticulo) VALUES (1, 256);

SET IDENTITY_INSERT metodopago ON
INSERT INTO metodopago (idmetodopago, metodo, descripcion) VALUES (1, 'Master Card', 'Tarjeta de la marca Master Card');
INSERT INTO metodopago (idmetodopago, metodo, descripcion) VALUES (2, 'Visa', 'Tarjeta de la marca Visa');
INSERT INTO metodopago (idmetodopago, metodo, descripcion) VALUES (3, 'Efectivo', 'Billetes y monedas');
INSERT INTO metodopago (idmetodopago, metodo, descripcion) VALUES (4, 'Puntos', 'Canje de puntos de cliente frecuente');
SET IDENTITY_INSERT metodopago OFF

-- SET IDENTITY_INSERT promocion ON
-- SET IDENTITY_INSERT promocion OFF

SET IDENTITY_INSERT factura ON
INSERT INTO factura (idfactura, idfacturasucursal, codigo, fecha, subtotal, impuestos, puntosotorgados, idsucursal, idcliente, idempleado, idmetodopago) VALUES (1, 1, 'FactEM234', '2019-11-07', 439000, 57070, 87800, 1, 14, 3, 1);
INSERT INTO factura (idfactura, idfacturasucursal, codigo, fecha, subtotal, impuestos, puntosotorgados, idsucursal, idcliente, idempleado, idmetodopago) VALUES (2, 1, 'FactEM234', '2019-11-07', 101000, 13130, 20200, 1, 5, 6, 2);
INSERT INTO factura (idfactura, idfacturasucursal, codigo, fecha, subtotal, impuestos, puntosotorgados, idsucursal, idcliente, idempleado, idmetodopago) VALUES (3, 1, 'FactEM234', '2019-11-07', 130500, 16965, 26100, 1, 9, 8, 2);
INSERT INTO factura (idfactura, idfacturasucursal, codigo, fecha, subtotal, impuestos, puntosotorgados, idsucursal, idcliente, idempleado, idmetodopago) VALUES (4, 1, 'FactEM234', '2019-11-07', 391500, 50895, 78300, 1, 23, 8, 3);
INSERT INTO factura (idfactura, idfacturasucursal, codigo, fecha, subtotal, impuestos, puntosotorgados, idsucursal, idcliente, idempleado, idmetodopago) VALUES (5, 1, 'FactEM234', '2019-11-07', 165000, 21450, 33000, 1, 9, 15, 1);
INSERT INTO factura (idfactura, idfacturasucursal, codigo, fecha, subtotal, impuestos, puntosotorgados, idsucursal, idcliente, idempleado, idmetodopago) VALUES (6, 1, 'FactEM234', '2019-11-07', 421500, 54795, 84300, 1, 30, 1, 1);
INSERT INTO factura (idfactura, idfacturasucursal, codigo, fecha, subtotal, impuestos, puntosotorgados, idsucursal, idcliente, idempleado, idmetodopago) VALUES (7, 1, 'FactEM234', '2019-11-07', 201500, 26195, 40300, 1, 12, 10, 3);
INSERT INTO factura (idfactura, idfacturasucursal, codigo, fecha, subtotal, impuestos, puntosotorgados, idsucursal, idcliente, idempleado, idmetodopago) VALUES (8, 1, 'FactEM234', '2019-11-07', 245500, 31915, 49100, 1, 26, 8, 1);
INSERT INTO factura (idfactura, idfacturasucursal, codigo, fecha, subtotal, impuestos, puntosotorgados, idsucursal, idcliente, idempleado, idmetodopago) VALUES (9, 1, 'FactEM234', '2019-11-07', 393000, 51090, 78600, 1, 8, 9, 3);
INSERT INTO factura (idfactura, idfacturasucursal, codigo, fecha, subtotal, impuestos, puntosotorgados, idsucursal, idcliente, idempleado, idmetodopago) VALUES (10, 1, 'FactEM234', '2019-11-07', 357500, 46475, 71500, 1, 24, 13, 3);
INSERT INTO factura (idfactura, idfacturasucursal, codigo, fecha, subtotal, impuestos, puntosotorgados, idsucursal, idcliente, idempleado, idmetodopago) VALUES (11, 1, 'FactEM234', '2019-11-07', 472500, 61425, 94500, 1, 22, 8, 3);
INSERT INTO factura (idfactura, idfacturasucursal, codigo, fecha, subtotal, impuestos, puntosotorgados, idsucursal, idcliente, idempleado, idmetodopago) VALUES (12, 1, 'FactEM234', '2019-11-07', 384000, 49920, 76800, 1, 11, 11, 1);
INSERT INTO factura (idfactura, idfacturasucursal, codigo, fecha, subtotal, impuestos, puntosotorgados, idsucursal, idcliente, idempleado, idmetodopago) VALUES (13, 1, 'FactEM234', '2019-11-07', 228000, 29640, 45600, 1, 6, 11, 3);
INSERT INTO factura (idfactura, idfacturasucursal, codigo, fecha, subtotal, impuestos, puntosotorgados, idsucursal, idcliente, idempleado, idmetodopago) VALUES (14, 1, 'FactEM234', '2019-11-07', 41500, 5395, 8300, 1, 3, 14, 3);
INSERT INTO factura (idfactura, idfacturasucursal, codigo, fecha, subtotal, impuestos, puntosotorgados, idsucursal, idcliente, idempleado, idmetodopago) VALUES (15, 1, 'FactEM234', '2019-11-07', 10500, 1365, 2100, 1, 2, 11, 1);
INSERT INTO factura (idfactura, idfacturasucursal, codigo, fecha, subtotal, impuestos, puntosotorgados, idsucursal, idcliente, idempleado, idmetodopago) VALUES (16, 1, 'FactEM234', '2019-11-07', 547000, 71110, 109400, 1, 16, 12, 1);
INSERT INTO factura (idfactura, idfacturasucursal, codigo, fecha, subtotal, impuestos, puntosotorgados, idsucursal, idcliente, idempleado, idmetodopago) VALUES (17, 1, 'FactEM234', '2019-11-07', 225000, 29250, 45000, 1, 2, 14, 3);
INSERT INTO factura (idfactura, idfacturasucursal, codigo, fecha, subtotal, impuestos, puntosotorgados, idsucursal, idcliente, idempleado, idmetodopago) VALUES (18, 1, 'FactEM234', '2019-11-07', 346000, 44980, 69200, 1, 15, 14, 2);
INSERT INTO factura (idfactura, idfacturasucursal, codigo, fecha, subtotal, impuestos, puntosotorgados, idsucursal, idcliente, idempleado, idmetodopago) VALUES (19, 1, 'FactEM234', '2019-11-07', 567000, 73710, 113400, 1, 25, 12, 3);
INSERT INTO factura (idfactura, idfacturasucursal, codigo, fecha, subtotal, impuestos, puntosotorgados, idsucursal, idcliente, idempleado, idmetodopago) VALUES (20, 1, 'FactEM234', '2019-11-07', 176000, 22880, 35200, 1, 22, 4, 2);
INSERT INTO factura (idfactura, idfacturasucursal, codigo, fecha, subtotal, impuestos, puntosotorgados, idsucursal, idcliente, idempleado, idmetodopago) VALUES (21, 1, 'FactEM234', '2019-11-07', 121000, 15730, 24200, 1, 30, 8, 2);
INSERT INTO factura (idfactura, idfacturasucursal, codigo, fecha, subtotal, impuestos, puntosotorgados, idsucursal, idcliente, idempleado, idmetodopago) VALUES (22, 1, 'FactEM234', '2019-11-07', 224000, 29120, 44800, 1, 8, 1, 1);
INSERT INTO factura (idfactura, idfacturasucursal, codigo, fecha, subtotal, impuestos, puntosotorgados, idsucursal, idcliente, idempleado, idmetodopago) VALUES (23, 1, 'FactEM234', '2019-11-07', 104500, 13585, 20900, 1, 14, 11, 3);
INSERT INTO factura (idfactura, idfacturasucursal, codigo, fecha, subtotal, impuestos, puntosotorgados, idsucursal, idcliente, idempleado, idmetodopago) VALUES (24, 1, 'FactEM234', '2019-11-07', 178500, 23205, 35700, 1, 27, 4, 3);
INSERT INTO factura (idfactura, idfacturasucursal, codigo, fecha, subtotal, impuestos, puntosotorgados, idsucursal, idcliente, idempleado, idmetodopago) VALUES (25, 1, 'FactEM234', '2019-11-07', 292000, 37960, 58400, 1, 7, 8, 2);
INSERT INTO factura (idfactura, idfacturasucursal, codigo, fecha, subtotal, impuestos, puntosotorgados, idsucursal, idcliente, idempleado, idmetodopago) VALUES (26, 1, 'FactEM234', '2019-11-07', 6000, 780, 1200, 1, 14, 4, 1);
INSERT INTO factura (idfactura, idfacturasucursal, codigo, fecha, subtotal, impuestos, puntosotorgados, idsucursal, idcliente, idempleado, idmetodopago) VALUES (27, 1, 'FactEM234', '2019-11-07', 252500, 32825, 50500, 1, 30, 8, 3);
INSERT INTO factura (idfactura, idfacturasucursal, codigo, fecha, subtotal, impuestos, puntosotorgados, idsucursal, idcliente, idempleado, idmetodopago) VALUES (28, 1, 'FactEM234', '2019-11-07', 105000, 13650, 21000, 1, 4, 9, 2);
INSERT INTO factura (idfactura, idfacturasucursal, codigo, fecha, subtotal, impuestos, puntosotorgados, idsucursal, idcliente, idempleado, idmetodopago) VALUES (29, 1, 'FactEM234', '2019-11-07', 58500, 7605, 11700, 1, 1, 7, 2);
SET IDENTITY_INSERT factura OFF

-- SET IDENTITY_INSERT promocionfactura ON
-- SET IDENTITY_INSERT promocionfactura OFF

INSERT INTO venta (idarticulo, idfactura, precio) VALUES (1145, 1, 6000);
INSERT INTO venta (idarticulo, idfactura, precio) VALUES (1046, 1, 48000);
INSERT INTO venta (idarticulo, idfactura, precio) VALUES (1496, 1, 29000);
INSERT INTO venta (idarticulo, idfactura, precio) VALUES (258, 1, 15500);
INSERT INTO venta (idarticulo, idfactura, precio) VALUES (977, 1, 47500);
INSERT INTO venta (idarticulo, idfactura, precio) VALUES (774, 1, 32500);
INSERT INTO venta (idarticulo, idfactura, precio) VALUES (1434, 1, 6000);
INSERT INTO venta (idarticulo, idfactura, precio) VALUES (482, 1, 47500);
INSERT INTO venta (idarticulo, idfactura, precio) VALUES (363, 1, 9500);
INSERT INTO venta (idarticulo, idfactura, precio) VALUES (327, 1, 8500);
INSERT INTO venta (idarticulo, idfactura, precio) VALUES (1677, 1, 6000);
INSERT INTO venta (idarticulo, idfactura, precio) VALUES (32, 1, 11500);
INSERT INTO venta (idarticulo, idfactura, precio) VALUES (1829, 1, 47000);
INSERT INTO venta (idarticulo, idfactura, precio) VALUES (708, 1, 11500);
INSERT INTO venta (idarticulo, idfactura, precio) VALUES (117, 1, 21500);
INSERT INTO venta (idarticulo, idfactura, precio) VALUES (1667, 1, 26500);
INSERT INTO venta (idarticulo, idfactura, precio) VALUES (1801, 1, 8500);
INSERT INTO venta (idarticulo, idfactura, precio) VALUES (372, 1, 47000);
INSERT INTO venta (idarticulo, idfactura, precio) VALUES (1488, 1, 9500);
INSERT INTO venta (idarticulo, idfactura, precio) VALUES (1679, 2, 21500);
INSERT INTO venta (idarticulo, idfactura, precio) VALUES (1170, 2, 9000);
INSERT INTO venta (idarticulo, idfactura, precio) VALUES (783, 2, 8500);
INSERT INTO venta (idarticulo, idfactura, precio) VALUES (178, 2, 21500);
INSERT INTO venta (idarticulo, idfactura, precio) VALUES (683, 2, 40500);
INSERT INTO venta (idarticulo, idfactura, precio) VALUES (1256, 3, 48000);
INSERT INTO venta (idarticulo, idfactura, precio) VALUES (996, 3, 19000);
INSERT INTO venta (idarticulo, idfactura, precio) VALUES (1727, 3, 9500);
INSERT INTO venta (idarticulo, idfactura, precio) VALUES (779, 3, 6000);
INSERT INTO venta (idarticulo, idfactura, precio) VALUES (221, 3, 48000);
INSERT INTO venta (idarticulo, idfactura, precio) VALUES (1070, 4, 36000);
INSERT INTO venta (idarticulo, idfactura, precio) VALUES (490, 4, 6000);
INSERT INTO venta (idarticulo, idfactura, precio) VALUES (1734, 4, 6000);
INSERT INTO venta (idarticulo, idfactura, precio) VALUES (1821, 4, 6000);
INSERT INTO venta (idarticulo, idfactura, precio) VALUES (1017, 4, 32500);
INSERT INTO venta (idarticulo, idfactura, precio) VALUES (211, 4, 36000);
INSERT INTO venta (idarticulo, idfactura, precio) VALUES (1893, 4, 40500);
INSERT INTO venta (idarticulo, idfactura, precio) VALUES (180, 4, 48000);
INSERT INTO venta (idarticulo, idfactura, precio) VALUES (89, 4, 6000);
INSERT INTO venta (idarticulo, idfactura, precio) VALUES (750, 4, 21500);
INSERT INTO venta (idarticulo, idfactura, precio) VALUES (973, 4, 15500);
INSERT INTO venta (idarticulo, idfactura, precio) VALUES (1817, 4, 45500);
INSERT INTO venta (idarticulo, idfactura, precio) VALUES (533, 4, 40500);
INSERT INTO venta (idarticulo, idfactura, precio) VALUES (1694, 4, 36000);
INSERT INTO venta (idarticulo, idfactura, precio) VALUES (1500, 4, 9500);
INSERT INTO venta (idarticulo, idfactura, precio) VALUES (1446, 4, 6000);
INSERT INTO venta (idarticulo, idfactura, precio) VALUES (351, 5, 8000);
INSERT INTO venta (idarticulo, idfactura, precio) VALUES (493, 5, 29000);
INSERT INTO venta (idarticulo, idfactura, precio) VALUES (1363, 5, 29000);
INSERT INTO venta (idarticulo, idfactura, precio) VALUES (527, 5, 22500);
INSERT INTO venta (idarticulo, idfactura, precio) VALUES (566, 5, 36000);
INSERT INTO venta (idarticulo, idfactura, precio) VALUES (670, 5, 40500);
INSERT INTO venta (idarticulo, idfactura, precio) VALUES (1774, 6, 26500);
INSERT INTO venta (idarticulo, idfactura, precio) VALUES (1551, 6, 47500);
INSERT INTO venta (idarticulo, idfactura, precio) VALUES (102, 6, 47000);
INSERT INTO venta (idarticulo, idfactura, precio) VALUES (1423, 6, 9500);
INSERT INTO venta (idarticulo, idfactura, precio) VALUES (1179, 6, 29000);
INSERT INTO venta (idarticulo, idfactura, precio) VALUES (1952, 6, 36000);
INSERT INTO venta (idarticulo, idfactura, precio) VALUES (1106, 6, 15500);
INSERT INTO venta (idarticulo, idfactura, precio) VALUES (346, 6, 6000);
INSERT INTO venta (idarticulo, idfactura, precio) VALUES (1583, 6, 47500);
INSERT INTO venta (idarticulo, idfactura, precio) VALUES (1517, 6, 19000);
INSERT INTO venta (idarticulo, idfactura, precio) VALUES (1398, 6, 37500);
INSERT INTO venta (idarticulo, idfactura, precio) VALUES (262, 6, 36000);
INSERT INTO venta (idarticulo, idfactura, precio) VALUES (1116, 6, 19000);
INSERT INTO venta (idarticulo, idfactura, precio) VALUES (954, 6, 26500);
INSERT INTO venta (idarticulo, idfactura, precio) VALUES (1637, 6, 19000);
INSERT INTO venta (idarticulo, idfactura, precio) VALUES (1581, 7, 27000);
INSERT INTO venta (idarticulo, idfactura, precio) VALUES (1549, 7, 10500);
INSERT INTO venta (idarticulo, idfactura, precio) VALUES (1338, 7, 29000);
INSERT INTO venta (idarticulo, idfactura, precio) VALUES (1881, 7, 40500);
INSERT INTO venta (idarticulo, idfactura, precio) VALUES (453, 7, 8000);
INSERT INTO venta (idarticulo, idfactura, precio) VALUES (672, 7, 36000);
INSERT INTO venta (idarticulo, idfactura, precio) VALUES (1749, 7, 15500);
INSERT INTO venta (idarticulo, idfactura, precio) VALUES (712, 7, 24500);
INSERT INTO venta (idarticulo, idfactura, precio) VALUES (1949, 7, 10500);
INSERT INTO venta (idarticulo, idfactura, precio) VALUES (15, 8, 37500);
INSERT INTO venta (idarticulo, idfactura, precio) VALUES (1587, 8, 27000);
INSERT INTO venta (idarticulo, idfactura, precio) VALUES (588, 8, 15500);
INSERT INTO venta (idarticulo, idfactura, precio) VALUES (1602, 8, 9500);
INSERT INTO venta (idarticulo, idfactura, precio) VALUES (758, 8, 36000);
INSERT INTO venta (idarticulo, idfactura, precio) VALUES (1942, 8, 36000);
INSERT INTO venta (idarticulo, idfactura, precio) VALUES (518, 8, 36000);
INSERT INTO venta (idarticulo, idfactura, precio) VALUES (389, 8, 48000);
INSERT INTO venta (idarticulo, idfactura, precio) VALUES (1081, 9, 10500);
INSERT INTO venta (idarticulo, idfactura, precio) VALUES (617, 9, 27000);
INSERT INTO venta (idarticulo, idfactura, precio) VALUES (1804, 9, 48000);
INSERT INTO venta (idarticulo, idfactura, precio) VALUES (1623, 9, 40500);
INSERT INTO venta (idarticulo, idfactura, precio) VALUES (1016, 9, 45500);
INSERT INTO venta (idarticulo, idfactura, precio) VALUES (984, 9, 40500);
INSERT INTO venta (idarticulo, idfactura, precio) VALUES (1406, 9, 45500);
INSERT INTO venta (idarticulo, idfactura, precio) VALUES (1077, 9, 21500);
INSERT INTO venta (idarticulo, idfactura, precio) VALUES (703, 9, 26500);
INSERT INTO venta (idarticulo, idfactura, precio) VALUES (667, 9, 21500);
INSERT INTO venta (idarticulo, idfactura, precio) VALUES (556, 9, 21500);
INSERT INTO venta (idarticulo, idfactura, precio) VALUES (340, 9, 11500);
INSERT INTO venta (idarticulo, idfactura, precio) VALUES (1302, 9, 22500);
INSERT INTO venta (idarticulo, idfactura, precio) VALUES (47, 9, 10500);
INSERT INTO venta (idarticulo, idfactura, precio) VALUES (1460, 10, 19000);
INSERT INTO venta (idarticulo, idfactura, precio) VALUES (1376, 10, 9500);
INSERT INTO venta (idarticulo, idfactura, precio) VALUES (1154, 10, 47000);
INSERT INTO venta (idarticulo, idfactura, precio) VALUES (1738, 10, 10500);
INSERT INTO venta (idarticulo, idfactura, precio) VALUES (803, 10, 36000);
INSERT INTO venta (idarticulo, idfactura, precio) VALUES (1217, 10, 40500);
INSERT INTO venta (idarticulo, idfactura, precio) VALUES (989, 10, 22500);
INSERT INTO venta (idarticulo, idfactura, precio) VALUES (1650, 10, 8000);
INSERT INTO venta (idarticulo, idfactura, precio) VALUES (419, 10, 47500);
INSERT INTO venta (idarticulo, idfactura, precio) VALUES (1508, 10, 6000);
INSERT INTO venta (idarticulo, idfactura, precio) VALUES (148, 10, 36000);
INSERT INTO venta (idarticulo, idfactura, precio) VALUES (157, 10, 48000);
INSERT INTO venta (idarticulo, idfactura, precio) VALUES (1585, 10, 27000);
INSERT INTO venta (idarticulo, idfactura, precio) VALUES (1824, 11, 26500);
INSERT INTO venta (idarticulo, idfactura, precio) VALUES (899, 11, 22500);
INSERT INTO venta (idarticulo, idfactura, precio) VALUES (1181, 11, 19000);
INSERT INTO venta (idarticulo, idfactura, precio) VALUES (1085, 11, 6000);
INSERT INTO venta (idarticulo, idfactura, precio) VALUES (576, 11, 47500);
INSERT INTO venta (idarticulo, idfactura, precio) VALUES (445, 11, 9500);
INSERT INTO venta (idarticulo, idfactura, precio) VALUES (574, 11, 21500);
INSERT INTO venta (idarticulo, idfactura, precio) VALUES (704, 11, 29000);
INSERT INTO venta (idarticulo, idfactura, precio) VALUES (1607, 11, 15500);
INSERT INTO venta (idarticulo, idfactura, precio) VALUES (926, 11, 10500);
INSERT INTO venta (idarticulo, idfactura, precio) VALUES (1315, 11, 21500);
INSERT INTO venta (idarticulo, idfactura, precio) VALUES (872, 11, 48000);
INSERT INTO venta (idarticulo, idfactura, precio) VALUES (1404, 11, 47500);
INSERT INTO venta (idarticulo, idfactura, precio) VALUES (1614, 11, 8000);
INSERT INTO venta (idarticulo, idfactura, precio) VALUES (1475, 11, 27000);
INSERT INTO venta (idarticulo, idfactura, precio) VALUES (1929, 11, 9500);
INSERT INTO venta (idarticulo, idfactura, precio) VALUES (1842, 11, 36000);
INSERT INTO venta (idarticulo, idfactura, precio) VALUES (716, 11, 27000);
INSERT INTO venta (idarticulo, idfactura, precio) VALUES (821, 11, 19000);
INSERT INTO venta (idarticulo, idfactura, precio) VALUES (195, 11, 6000);
INSERT INTO venta (idarticulo, idfactura, precio) VALUES (1359, 11, 15500);
INSERT INTO venta (idarticulo, idfactura, precio) VALUES (1794, 12, 45500);
INSERT INTO venta (idarticulo, idfactura, precio) VALUES (784, 12, 22500);
INSERT INTO venta (idarticulo, idfactura, precio) VALUES (1344, 12, 19000);
INSERT INTO venta (idarticulo, idfactura, precio) VALUES (1431, 12, 48000);
INSERT INTO venta (idarticulo, idfactura, precio) VALUES (1319, 12, 22500);
INSERT INTO venta (idarticulo, idfactura, precio) VALUES (983, 12, 40500);
INSERT INTO venta (idarticulo, idfactura, precio) VALUES (1941, 12, 36000);
INSERT INTO venta (idarticulo, idfactura, precio) VALUES (867, 12, 21500);
INSERT INTO venta (idarticulo, idfactura, precio) VALUES (1662, 12, 45500);
INSERT INTO venta (idarticulo, idfactura, precio) VALUES (91, 12, 45500);
INSERT INTO venta (idarticulo, idfactura, precio) VALUES (1930, 12, 37500);
INSERT INTO venta (idarticulo, idfactura, precio) VALUES (1904, 13, 47500);
INSERT INTO venta (idarticulo, idfactura, precio) VALUES (1474, 13, 11500);
INSERT INTO venta (idarticulo, idfactura, precio) VALUES (666, 13, 40500);
INSERT INTO venta (idarticulo, idfactura, precio) VALUES (1764, 13, 32500);
INSERT INTO venta (idarticulo, idfactura, precio) VALUES (768, 13, 9500);
INSERT INTO venta (idarticulo, idfactura, precio) VALUES (994, 13, 45500);
INSERT INTO venta (idarticulo, idfactura, precio) VALUES (1093, 13, 21500);
INSERT INTO venta (idarticulo, idfactura, precio) VALUES (1188, 13, 11500);
INSERT INTO venta (idarticulo, idfactura, precio) VALUES (1331, 13, 8000);
INSERT INTO venta (idarticulo, idfactura, precio) VALUES (58, 14, 22500);
INSERT INTO venta (idarticulo, idfactura, precio) VALUES (1410, 14, 19000);
INSERT INTO venta (idarticulo, idfactura, precio) VALUES (963, 15, 10500);
INSERT INTO venta (idarticulo, idfactura, precio) VALUES (1186, 16, 22500);
INSERT INTO venta (idarticulo, idfactura, precio) VALUES (449, 16, 8000);
INSERT INTO venta (idarticulo, idfactura, precio) VALUES (1954, 16, 10500);
INSERT INTO venta (idarticulo, idfactura, precio) VALUES (1027, 16, 9000);
INSERT INTO venta (idarticulo, idfactura, precio) VALUES (752, 16, 22500);
INSERT INTO venta (idarticulo, idfactura, precio) VALUES (1193, 16, 27000);
INSERT INTO venta (idarticulo, idfactura, precio) VALUES (1886, 16, 36000);
INSERT INTO venta (idarticulo, idfactura, precio) VALUES (1144, 16, 47500);
INSERT INTO venta (idarticulo, idfactura, precio) VALUES (1965, 16, 21500);
INSERT INTO venta (idarticulo, idfactura, precio) VALUES (1972, 16, 19000);
INSERT INTO venta (idarticulo, idfactura, precio) VALUES (1785, 16, 6000);
INSERT INTO venta (idarticulo, idfactura, precio) VALUES (1620, 16, 19000);
INSERT INTO venta (idarticulo, idfactura, precio) VALUES (1088, 16, 29000);
INSERT INTO venta (idarticulo, idfactura, precio) VALUES (1310, 16, 24500);
INSERT INTO venta (idarticulo, idfactura, precio) VALUES (1129, 16, 8500);
INSERT INTO venta (idarticulo, idfactura, precio) VALUES (663, 16, 21500);
INSERT INTO venta (idarticulo, idfactura, precio) VALUES (1360, 16, 11500);
INSERT INTO venta (idarticulo, idfactura, precio) VALUES (1326, 16, 48000);
INSERT INTO venta (idarticulo, idfactura, precio) VALUES (1716, 16, 8500);
INSERT INTO venta (idarticulo, idfactura, precio) VALUES (1777, 16, 6000);
INSERT INTO venta (idarticulo, idfactura, precio) VALUES (378, 16, 48000);
INSERT INTO venta (idarticulo, idfactura, precio) VALUES (1858, 16, 27000);
INSERT INTO venta (idarticulo, idfactura, precio) VALUES (554, 16, 19000);
INSERT INTO venta (idarticulo, idfactura, precio) VALUES (1642, 16, 24500);
INSERT INTO venta (idarticulo, idfactura, precio) VALUES (982, 16, 22500);
INSERT INTO venta (idarticulo, idfactura, precio) VALUES (713, 17, 24500);
INSERT INTO venta (idarticulo, idfactura, precio) VALUES (70, 17, 32500);
INSERT INTO venta (idarticulo, idfactura, precio) VALUES (110, 17, 36000);
INSERT INTO venta (idarticulo, idfactura, precio) VALUES (534, 17, 10500);
INSERT INTO venta (idarticulo, idfactura, precio) VALUES (158, 17, 47500);
INSERT INTO venta (idarticulo, idfactura, precio) VALUES (243, 17, 24500);
INSERT INTO venta (idarticulo, idfactura, precio) VALUES (833, 17, 27000);
INSERT INTO venta (idarticulo, idfactura, precio) VALUES (1260, 17, 22500);
INSERT INTO venta (idarticulo, idfactura, precio) VALUES (1128, 18, 47000);
INSERT INTO venta (idarticulo, idfactura, precio) VALUES (1176, 18, 36000);
INSERT INTO venta (idarticulo, idfactura, precio) VALUES (856, 18, 47500);
INSERT INTO venta (idarticulo, idfactura, precio) VALUES (107, 18, 36000);
INSERT INTO venta (idarticulo, idfactura, precio) VALUES (464, 18, 22500);
INSERT INTO venta (idarticulo, idfactura, precio) VALUES (1844, 18, 37500);
INSERT INTO venta (idarticulo, idfactura, precio) VALUES (1441, 18, 9500);
INSERT INTO venta (idarticulo, idfactura, precio) VALUES (417, 18, 9000);
INSERT INTO venta (idarticulo, idfactura, precio) VALUES (1427, 18, 6000);
INSERT INTO venta (idarticulo, idfactura, precio) VALUES (283, 18, 37500);
INSERT INTO venta (idarticulo, idfactura, precio) VALUES (1300, 18, 21500);
INSERT INTO venta (idarticulo, idfactura, precio) VALUES (460, 18, 36000);
INSERT INTO venta (idarticulo, idfactura, precio) VALUES (739, 19, 45500);
INSERT INTO venta (idarticulo, idfactura, precio) VALUES (220, 19, 22500);
INSERT INTO venta (idarticulo, idfactura, precio) VALUES (3, 19, 22500);
INSERT INTO venta (idarticulo, idfactura, precio) VALUES (325, 19, 37500);
INSERT INTO venta (idarticulo, idfactura, precio) VALUES (749, 19, 47500);
INSERT INTO venta (idarticulo, idfactura, precio) VALUES (1671, 19, 36000);
INSERT INTO venta (idarticulo, idfactura, precio) VALUES (1117, 19, 47000);
INSERT INTO venta (idarticulo, idfactura, precio) VALUES (355, 19, 47500);
INSERT INTO venta (idarticulo, idfactura, precio) VALUES (250, 19, 8000);
INSERT INTO venta (idarticulo, idfactura, precio) VALUES (975, 19, 19000);
INSERT INTO venta (idarticulo, idfactura, precio) VALUES (350, 19, 11500);
INSERT INTO venta (idarticulo, idfactura, precio) VALUES (1207, 19, 8000);
INSERT INTO venta (idarticulo, idfactura, precio) VALUES (606, 19, 22500);
INSERT INTO venta (idarticulo, idfactura, precio) VALUES (793, 19, 19000);
INSERT INTO venta (idarticulo, idfactura, precio) VALUES (218, 19, 48000);
INSERT INTO venta (idarticulo, idfactura, precio) VALUES (1959, 19, 40500);
INSERT INTO venta (idarticulo, idfactura, precio) VALUES (279, 19, 21500);
INSERT INTO venta (idarticulo, idfactura, precio) VALUES (1280, 19, 47500);
INSERT INTO venta (idarticulo, idfactura, precio) VALUES (1834, 19, 15500);
INSERT INTO venta (idarticulo, idfactura, precio) VALUES (209, 20, 36000);
INSERT INTO venta (idarticulo, idfactura, precio) VALUES (1787, 20, 8000);
INSERT INTO venta (idarticulo, idfactura, precio) VALUES (486, 20, 21500);
INSERT INTO venta (idarticulo, idfactura, precio) VALUES (336, 20, 36000);
INSERT INTO venta (idarticulo, idfactura, precio) VALUES (1612, 20, 45500);
INSERT INTO venta (idarticulo, idfactura, precio) VALUES (23, 20, 6000);
INSERT INTO venta (idarticulo, idfactura, precio) VALUES (800, 20, 11500);
INSERT INTO venta (idarticulo, idfactura, precio) VALUES (1561, 20, 11500);
INSERT INTO venta (idarticulo, idfactura, precio) VALUES (971, 21, 26500);
INSERT INTO venta (idarticulo, idfactura, precio) VALUES (1732, 21, 21500);
INSERT INTO venta (idarticulo, idfactura, precio) VALUES (612, 21, 24500);
INSERT INTO venta (idarticulo, idfactura, precio) VALUES (106, 21, 8000);
INSERT INTO venta (idarticulo, idfactura, precio) VALUES (120, 21, 40500);
INSERT INTO venta (idarticulo, idfactura, precio) VALUES (1916, 22, 40500);
INSERT INTO venta (idarticulo, idfactura, precio) VALUES (1605, 22, 6000);
INSERT INTO venta (idarticulo, idfactura, precio) VALUES (1594, 22, 47500);
INSERT INTO venta (idarticulo, idfactura, precio) VALUES (1647, 22, 36000);
INSERT INTO venta (idarticulo, idfactura, precio) VALUES (883, 22, 37500);
INSERT INTO venta (idarticulo, idfactura, precio) VALUES (1638, 22, 19000);
INSERT INTO venta (idarticulo, idfactura, precio) VALUES (41, 22, 37500);
INSERT INTO venta (idarticulo, idfactura, precio) VALUES (725, 23, 40500);
INSERT INTO venta (idarticulo, idfactura, precio) VALUES (1751, 23, 10500);
INSERT INTO venta (idarticulo, idfactura, precio) VALUES (1210, 23, 6000);
INSERT INTO venta (idarticulo, idfactura, precio) VALUES (164, 23, 47500);
INSERT INTO venta (idarticulo, idfactura, precio) VALUES (1868, 24, 9500);
INSERT INTO venta (idarticulo, idfactura, precio) VALUES (31, 24, 29000);
INSERT INTO venta (idarticulo, idfactura, precio) VALUES (1375, 24, 45500);
INSERT INTO venta (idarticulo, idfactura, precio) VALUES (1539, 24, 15500);
INSERT INTO venta (idarticulo, idfactura, precio) VALUES (684, 24, 19000);
INSERT INTO venta (idarticulo, idfactura, precio) VALUES (176, 24, 6000);
INSERT INTO venta (idarticulo, idfactura, precio) VALUES (594, 24, 27000);
INSERT INTO venta (idarticulo, idfactura, precio) VALUES (1018, 24, 27000);
INSERT INTO venta (idarticulo, idfactura, precio) VALUES (230, 25, 22500);
INSERT INTO venta (idarticulo, idfactura, precio) VALUES (1002, 25, 47000);
INSERT INTO venta (idarticulo, idfactura, precio) VALUES (826, 25, 9000);
INSERT INTO venta (idarticulo, idfactura, precio) VALUES (459, 25, 9000);
INSERT INTO venta (idarticulo, idfactura, precio) VALUES (1209, 25, 27000);
INSERT INTO venta (idarticulo, idfactura, precio) VALUES (59, 25, 24500);
INSERT INTO venta (idarticulo, idfactura, precio) VALUES (1630, 25, 9500);
INSERT INTO venta (idarticulo, idfactura, precio) VALUES (1789, 25, 40500);
INSERT INTO venta (idarticulo, idfactura, precio) VALUES (831, 25, 24500);
INSERT INTO venta (idarticulo, idfactura, precio) VALUES (1913, 25, 37500);
INSERT INTO venta (idarticulo, idfactura, precio) VALUES (1415, 25, 8500);
INSERT INTO venta (idarticulo, idfactura, precio) VALUES (1142, 25, 32500);
INSERT INTO venta (idarticulo, idfactura, precio) VALUES (1814, 26, 6000);
INSERT INTO venta (idarticulo, idfactura, precio) VALUES (1685, 27, 9000);
INSERT INTO venta (idarticulo, idfactura, precio) VALUES (454, 27, 24500);
INSERT INTO venta (idarticulo, idfactura, precio) VALUES (319, 27, 48000);
INSERT INTO venta (idarticulo, idfactura, precio) VALUES (584, 27, 48000);
INSERT INTO venta (idarticulo, idfactura, precio) VALUES (581, 27, 47500);
INSERT INTO venta (idarticulo, idfactura, precio) VALUES (2000, 27, 22500);
INSERT INTO venta (idarticulo, idfactura, precio) VALUES (572, 27, 37500);
INSERT INTO venta (idarticulo, idfactura, precio) VALUES (153, 27, 15500);
INSERT INTO venta (idarticulo, idfactura, precio) VALUES (1872, 28, 21500);
INSERT INTO venta (idarticulo, idfactura, precio) VALUES (1079, 28, 10500);
INSERT INTO venta (idarticulo, idfactura, precio) VALUES (103, 28, 19000);
INSERT INTO venta (idarticulo, idfactura, precio) VALUES (1986, 28, 6000);
INSERT INTO venta (idarticulo, idfactura, precio) VALUES (1152, 28, 21500);
INSERT INTO venta (idarticulo, idfactura, precio) VALUES (74, 28, 26500);
INSERT INTO venta (idarticulo, idfactura, precio) VALUES (933, 29, 26500);
INSERT INTO venta (idarticulo, idfactura, precio) VALUES (1853, 29, 21500);
INSERT INTO venta (idarticulo, idfactura, precio) VALUES (1759, 29, 10500);
